# p:\temp\worker_COMMON_4126\temp\tmp_5800_5_kDDUq\format_0\FlexLink XHEJ 325 lite .obj created by IVCON.
# Original data in p:\temp\worker_COMMON_4126\temp\mdlltmp_5800_6.stl.


v 166.953796 -52.500000 -5.000000 1.000000
v 131.046295 -52.500000 -5.000000 1.000000
v 166.967499 -52.500000 -5.036500 1.000000
v 69.000000 -52.500000 -7.700000 1.000000
v 113.000000 -52.500000 -7.700000 1.000000
v 71.000000 -52.500000 -8.235900 1.000000
v 111.000000 -52.500000 -8.235900 1.000000
v 72.464104 -52.500000 -9.700000 1.000000
v 109.535896 -52.500000 -9.700000 1.000000
v 73.000000 -52.500000 -11.700000 1.000000
v 109.000000 -52.500000 -11.700000 1.000000
v 72.464104 -52.500000 -13.700000 1.000000
v 109.535896 -52.500000 -13.700000 1.000000
v 71.000000 -52.500000 -15.164100 1.000000
v 111.000000 -52.500000 -15.164100 1.000000
v 69.000000 -52.500000 -15.700000 1.000000
v 113.000000 -52.500000 -15.700000 1.000000
v 16.430500 -52.500000 -22.719200 1.000000
v 304.843109 -52.500000 -8.608600 1.000000
v 91.000000 -52.500000 -34.049999 1.000000
v 339.000000 -52.500000 -5.000000 1.000000
v 95.324997 -52.500000 -35.208900 1.000000
v 328.000000 -52.500000 -37.500000 1.000000
v 98.491096 -52.500000 -38.375000 1.000000
v 99.650002 -52.500000 -42.700001 1.000000
v 127.375000 -52.500000 18.418400 1.000000
v 126.000000 -52.500000 18.049999 1.000000
v 339.000000 -52.500000 37.500000 1.000000
v 173.154495 -52.500000 8.608600 1.000000
v 303.152191 -52.500000 8.608600 1.000000
v 177.572098 -52.500000 7.878000 1.000000
v 298.961212 -52.500000 7.032500 1.000000
v 181.032501 -52.500000 5.036500 1.000000
v 181.046204 -52.500000 5.000000 1.000000
v 36.411400 -52.500000 11.888600 1.000000
v 24.142799 -52.500000 -4.100000 1.000000
v 43.717098 -52.500000 0.826300 1.000000
v 43.348701 -52.500000 2.201300 1.000000
v 43.717098 -52.500000 3.576300 1.000000
v 44.723701 -52.500000 4.582900 1.000000
v 46.098701 -52.500000 4.951300 1.000000
v 118.380798 -52.500000 5.000000 1.000000
v 168.963501 -52.500000 7.032500 1.000000
v 52.400002 -52.500000 24.157200 1.000000
v 67.000000 -52.500000 -15.164100 1.000000
v 65.535896 -52.500000 -13.700000 1.000000
v 65.000000 -52.500000 -11.700000 1.000000
v 65.535896 -52.500000 -9.700000 1.000000
v 67.000000 -52.500000 -8.235900 1.000000
v 129.890900 -52.500000 -3.809100 1.000000
v 46.098701 -52.500000 -0.548700 1.000000
v 44.723701 -52.500000 -0.180300 1.000000
v 118.500000 -52.500000 4.931400 1.000000
v 47.473701 -52.500000 4.582900 1.000000
v 48.480301 -52.500000 3.576300 1.000000
v 48.848701 -52.500000 2.201300 1.000000
v 48.480301 -52.500000 0.826300 1.000000
v 47.473701 -52.500000 -0.180300 1.000000
v 170.427902 -52.500000 -7.878000 1.000000
v 115.000000 -52.500000 -8.235900 1.000000
v 174.845505 -52.500000 -8.608600 1.000000
v 116.464104 -52.500000 -9.700000 1.000000
v 117.000000 -52.500000 -11.700000 1.000000
v 116.464104 -52.500000 -13.700000 1.000000
v 296.951385 -52.500000 -5.000000 1.000000
v 180.705505 -52.500000 -5.000000 1.000000
v 296.965088 -52.500000 -5.036500 1.000000
v 179.036499 -52.500000 -7.032500 1.000000
v 300.425507 -52.500000 -7.878000 1.000000
v 309.034088 -52.500000 -7.032500 1.000000
v 310.703094 -52.500000 -5.000000 1.000000
v 115.000000 -52.500000 -15.164100 1.000000
v 36.411400 -52.500000 -97.288597 1.000000
v 52.400002 -52.500000 -109.557198 1.000000
v 74.565002 -52.500000 -106.786301 1.000000
v 73.190002 -52.500000 -106.417900 1.000000
v 72.183403 -52.500000 -105.411301 1.000000
v 71.815002 -52.500000 -104.036301 1.000000
v 72.183403 -52.500000 -102.661301 1.000000
v 73.190002 -52.500000 -101.654701 1.000000
v 74.565002 -52.500000 -101.286301 1.000000
v 154.331604 -52.500000 -80.753899 1.000000
v 24.142799 -52.500000 -81.300003 1.000000
v 124.625000 -52.500000 18.418400 1.000000
v 123.618401 -52.500000 19.424999 1.000000
v 123.250000 -52.500000 20.799999 1.000000
v 123.618401 -52.500000 22.174999 1.000000
v 124.625000 -52.500000 23.181601 1.000000
v 126.000000 -52.500000 23.549999 1.000000
v 71.019203 -52.500000 31.869499 1.000000
v 84.285797 -52.500000 34.207500 1.000000
v 122.000000 -52.500000 37.500000 1.000000
v 127.375000 -52.500000 23.181601 1.000000
v 128.381607 -52.500000 22.174999 1.000000
v 128.750000 -52.500000 20.799999 1.000000
v 128.381607 -52.500000 19.424999 1.000000
v 307.569702 -52.500000 7.878000 1.000000
v 311.030212 -52.500000 5.036500 1.000000
v 311.043915 -52.500000 5.000000 1.000000
v 339.000000 -52.500000 5.000000 1.000000
v 155.706604 -52.500000 -75.622299 1.000000
v 194.966797 -52.500000 -72.548599 1.000000
v 154.331604 -52.500000 -75.253899 1.000000
v 117.000000 -52.500000 -73.699997 1.000000
v 152.956604 -52.500000 -75.622299 1.000000
v 116.464104 -52.500000 -75.699997 1.000000
v 151.949997 -52.500000 -76.628899 1.000000
v 115.000000 -52.500000 -77.164101 1.000000
v 113.000000 -52.500000 -77.699997 1.000000
v 31.334900 -52.500000 -62.584499 1.000000
v 29.959900 -52.500000 -62.952999 1.000000
v 258.118896 -52.500000 -46.700001 1.000000
v 69.000000 -52.500000 -69.699997 1.000000
v 113.000000 -52.500000 -69.699997 1.000000
v 71.000000 -52.500000 -70.235901 1.000000
v 111.000000 -52.500000 -70.235901 1.000000
v 72.464104 -52.500000 -71.699997 1.000000
v 109.535896 -52.500000 -71.699997 1.000000
v 73.000000 -52.500000 -73.699997 1.000000
v 109.000000 -52.500000 -73.699997 1.000000
v 72.464104 -52.500000 -75.699997 1.000000
v 109.535896 -52.500000 -75.699997 1.000000
v 71.000000 -52.500000 -77.164101 1.000000
v 111.000000 -52.500000 -77.164101 1.000000
v 69.000000 -52.500000 -77.699997 1.000000
v 151.581604 -52.500000 -78.003899 1.000000
v 98.491096 -52.500000 -47.025002 1.000000
v 95.324997 -52.500000 -50.191101 1.000000
v 91.000000 -52.500000 -51.349998 1.000000
v 29.959900 -52.500000 -57.452999 1.000000
v 31.334900 -52.500000 -57.821400 1.000000
v 32.341499 -52.500000 -58.827999 1.000000
v 32.709900 -52.500000 -60.202999 1.000000
v 32.341499 -52.500000 -61.577999 1.000000
v 116.464104 -52.500000 -71.699997 1.000000
v 115.000000 -52.500000 -70.235901 1.000000
v 156.713104 -52.500000 -76.628899 1.000000
v 157.081604 -52.500000 -78.003899 1.000000
v 156.713104 -52.500000 -79.378899 1.000000
v 155.706604 -52.500000 -80.385498 1.000000
v 75.940002 -52.500000 -101.654701 1.000000
v 76.946602 -52.500000 -102.661301 1.000000
v 77.315002 -52.500000 -104.036301 1.000000
v 76.946602 -52.500000 -105.411301 1.000000
v 75.940002 -52.500000 -106.417900 1.000000
v 129.037598 -52.500000 -109.878700 1.000000
v 71.019203 -52.500000 -117.269501 1.000000
v 110.980797 -52.500000 -117.269501 1.000000
v 83.508904 -52.500000 -47.025002 1.000000
v 82.349998 -52.500000 -42.700001 1.000000
v 13.800000 -52.500000 -42.700001 1.000000
v 83.508904 -52.500000 -38.375000 1.000000
v 86.675003 -52.500000 -35.208900 1.000000
v 16.430500 -52.500000 -62.680801 1.000000
v 27.578300 -52.500000 -61.577999 1.000000
v 27.209900 -52.500000 -60.202999 1.000000
v 27.578300 -52.500000 -58.827999 1.000000
v 28.584900 -52.500000 -57.821400 1.000000
v 86.675003 -52.500000 -50.191101 1.000000
v 67.000000 -52.500000 -77.164101 1.000000
v 65.535896 -52.500000 -75.699997 1.000000
v 65.000000 -52.500000 -73.699997 1.000000
v 65.535896 -52.500000 -71.699997 1.000000
v 67.000000 -52.500000 -70.235901 1.000000
v 28.584900 -52.500000 -62.584499 1.000000
v 152.956604 -52.500000 -80.385498 1.000000
v 151.949997 -52.500000 -79.378899 1.000000
v 91.000000 -52.500000 -119.900002 1.000000
v 339.000000 -52.500000 -37.500000 1.000000
v 167.294495 -52.500000 5.000000 1.000000
v 297.292206 -52.500000 5.000000 1.000000
v 36.411400 52.500000 -97.288597 1.000000
v 24.142799 52.500000 -81.300003 1.000000
v 154.331604 52.500000 -80.753899 1.000000
v 74.565002 52.500000 -101.286301 1.000000
v 73.190002 52.500000 -101.654701 1.000000
v 72.183403 52.500000 -102.661301 1.000000
v 71.815002 52.500000 -104.036301 1.000000
v 72.183403 52.500000 -105.411301 1.000000
v 73.190002 52.500000 -106.417900 1.000000
v 74.565002 52.500000 -106.786301 1.000000
v 52.400002 52.500000 -109.557198 1.000000
v 118.500000 52.500000 4.931400 1.000000
v 129.890900 52.500000 -3.809100 1.000000
v 46.098701 52.500000 -0.548700 1.000000
v 47.473701 52.500000 -0.180300 1.000000
v 48.480301 52.500000 0.826300 1.000000
v 48.848701 52.500000 2.201300 1.000000
v 48.480301 52.500000 3.576300 1.000000
v 47.473701 52.500000 4.582900 1.000000
v 46.098701 52.500000 4.951300 1.000000
v 118.380798 52.500000 5.000000 1.000000
v 123.618401 52.500000 19.424999 1.000000
v 124.625000 52.500000 18.418400 1.000000
v 52.400002 52.500000 24.157200 1.000000
v 126.000000 52.500000 18.049999 1.000000
v 36.411400 52.500000 11.888600 1.000000
v 304.845490 52.500000 8.608600 1.000000
v 174.845505 52.500000 8.608600 1.000000
v 300.427887 52.500000 7.878000 1.000000
v 179.036499 52.500000 7.032500 1.000000
v 296.967499 52.500000 5.036500 1.000000
v 296.953796 52.500000 5.000000 1.000000
v 339.000000 52.500000 37.500000 1.000000
v 339.000000 52.500000 5.000000 1.000000
v 309.036499 52.500000 7.032500 1.000000
v 127.375000 52.500000 18.418400 1.000000
v 128.381607 52.500000 19.424999 1.000000
v 128.750000 52.500000 20.799999 1.000000
v 128.381607 52.500000 22.174999 1.000000
v 127.375000 52.500000 23.181601 1.000000
v 126.000000 52.500000 23.549999 1.000000
v 71.019203 52.500000 31.869499 1.000000
v 84.285797 52.500000 34.207500 1.000000
v 122.000000 52.500000 37.500000 1.000000
v 124.625000 52.500000 23.181601 1.000000
v 123.618401 52.500000 22.174999 1.000000
v 123.250000 52.500000 20.799999 1.000000
v 170.427902 52.500000 7.878000 1.000000
v 166.967499 52.500000 5.036500 1.000000
v 166.953796 52.500000 5.000000 1.000000
v 44.723701 52.500000 4.582900 1.000000
v 43.717098 52.500000 3.576300 1.000000
v 43.348701 52.500000 2.201300 1.000000
v 43.717098 52.500000 0.826300 1.000000
v 24.142799 52.500000 -4.100000 1.000000
v 44.723701 52.500000 -0.180300 1.000000
v 131.046295 52.500000 -5.000000 1.000000
v 168.963501 52.500000 -7.032500 1.000000
v 113.000000 52.500000 -7.700000 1.000000
v 69.000000 52.500000 -7.700000 1.000000
v 67.000000 52.500000 -8.235900 1.000000
v 65.535896 52.500000 -9.700000 1.000000
v 65.000000 52.500000 -11.700000 1.000000
v 65.535896 52.500000 -13.700000 1.000000
v 67.000000 52.500000 -15.164100 1.000000
v 69.000000 52.500000 -15.700000 1.000000
v 16.430500 52.500000 -22.719200 1.000000
v 28.584900 52.500000 -62.584499 1.000000
v 29.959900 52.500000 -62.952999 1.000000
v 16.430500 52.500000 -62.680801 1.000000
v 113.000000 52.500000 -69.699997 1.000000
v 69.000000 52.500000 -69.699997 1.000000
v 111.000000 52.500000 -70.235901 1.000000
v 71.000000 52.500000 -70.235901 1.000000
v 109.535896 52.500000 -71.699997 1.000000
v 72.464104 52.500000 -71.699997 1.000000
v 109.000000 52.500000 -73.699997 1.000000
v 73.000000 52.500000 -73.699997 1.000000
v 109.535896 52.500000 -75.699997 1.000000
v 72.464104 52.500000 -75.699997 1.000000
v 111.000000 52.500000 -77.164101 1.000000
v 71.000000 52.500000 -77.164101 1.000000
v 113.000000 52.500000 -77.699997 1.000000
v 69.000000 52.500000 -77.699997 1.000000
v 151.581604 52.500000 -78.003899 1.000000
v 151.949997 52.500000 -79.378899 1.000000
v 339.000000 52.500000 -5.000000 1.000000
v 339.000000 52.500000 -37.500000 1.000000
v 95.324997 52.500000 -35.208900 1.000000
v 91.000000 52.500000 -34.049999 1.000000
v 303.154510 52.500000 -8.608600 1.000000
v 307.572113 52.500000 -7.878000 1.000000
v 311.032501 52.500000 -5.036500 1.000000
v 311.046204 52.500000 -5.000000 1.000000
v 113.000000 52.500000 -15.700000 1.000000
v 115.000000 52.500000 -15.164100 1.000000
v 116.464104 52.500000 -13.700000 1.000000
v 117.000000 52.500000 -11.700000 1.000000
v 116.464104 52.500000 -9.700000 1.000000
v 173.154495 52.500000 -8.608600 1.000000
v 177.572098 52.500000 -7.878000 1.000000
v 298.963501 52.500000 -7.032500 1.000000
v 71.000000 52.500000 -15.164100 1.000000
v 111.000000 52.500000 -15.164100 1.000000
v 72.464104 52.500000 -13.700000 1.000000
v 109.535896 52.500000 -13.700000 1.000000
v 73.000000 52.500000 -11.700000 1.000000
v 109.000000 52.500000 -11.700000 1.000000
v 72.464104 52.500000 -9.700000 1.000000
v 109.535896 52.500000 -9.700000 1.000000
v 71.000000 52.500000 -8.235900 1.000000
v 111.000000 52.500000 -8.235900 1.000000
v 328.000000 52.500000 -37.500000 1.000000
v 258.118896 52.500000 -46.700001 1.000000
v 99.650002 52.500000 -42.700001 1.000000
v 98.491096 52.500000 -38.375000 1.000000
v 194.966797 52.500000 -72.548599 1.000000
v 116.464104 52.500000 -71.699997 1.000000
v 115.000000 52.500000 -70.235901 1.000000
v 31.334900 52.500000 -62.584499 1.000000
v 32.341499 52.500000 -61.577999 1.000000
v 32.709900 52.500000 -60.202999 1.000000
v 32.341499 52.500000 -58.827999 1.000000
v 31.334900 52.500000 -57.821400 1.000000
v 29.959900 52.500000 -57.452999 1.000000
v 91.000000 52.500000 -51.349998 1.000000
v 95.324997 52.500000 -50.191101 1.000000
v 98.491096 52.500000 -47.025002 1.000000
v 129.037598 52.500000 -109.878700 1.000000
v 75.940002 52.500000 -106.417900 1.000000
v 76.946602 52.500000 -105.411301 1.000000
v 77.315002 52.500000 -104.036301 1.000000
v 76.946602 52.500000 -102.661301 1.000000
v 75.940002 52.500000 -101.654701 1.000000
v 155.706604 52.500000 -80.385498 1.000000
v 156.713104 52.500000 -79.378899 1.000000
v 157.081604 52.500000 -78.003899 1.000000
v 156.713104 52.500000 -76.628899 1.000000
v 155.706604 52.500000 -75.622299 1.000000
v 154.331604 52.500000 -75.253899 1.000000
v 117.000000 52.500000 -73.699997 1.000000
v 91.000000 52.500000 -119.900002 1.000000
v 71.019203 52.500000 -117.269501 1.000000
v 110.980797 52.500000 -117.269501 1.000000
v 181.032501 52.500000 -5.036500 1.000000
v 181.046204 52.500000 -5.000000 1.000000
v 297.294495 52.500000 -5.000000 1.000000
v 115.000000 52.500000 -8.235900 1.000000
v 86.675003 52.500000 -35.208900 1.000000
v 83.508904 52.500000 -38.375000 1.000000
v 82.349998 52.500000 -42.700001 1.000000
v 13.800000 52.500000 -42.700001 1.000000
v 83.508904 52.500000 -47.025002 1.000000
v 86.675003 52.500000 -50.191101 1.000000
v 28.584900 52.500000 -57.821400 1.000000
v 27.578300 52.500000 -58.827999 1.000000
v 27.209900 52.500000 -60.202999 1.000000
v 27.578300 52.500000 -61.577999 1.000000
v 67.000000 52.500000 -70.235901 1.000000
v 65.535896 52.500000 -71.699997 1.000000
v 65.000000 52.500000 -73.699997 1.000000
v 65.535896 52.500000 -75.699997 1.000000
v 67.000000 52.500000 -77.164101 1.000000
v 152.956604 52.500000 -80.385498 1.000000
v 115.000000 52.500000 -77.164101 1.000000
v 151.949997 52.500000 -76.628899 1.000000
v 116.464104 52.500000 -75.699997 1.000000
v 152.956604 52.500000 -75.622299 1.000000
v 167.294495 52.500000 -5.000000 1.000000
v 310.705505 52.500000 5.000000 1.000000
v 180.705505 52.500000 5.000000 1.000000
v 87.319397 -37.500000 -40.575001 1.000000
v 86.750000 -37.500000 -42.700001 1.000000
v 87.319397 -37.500000 -44.825001 1.000000
v 88.875000 -37.500000 -46.380600 1.000000
v 91.000000 -37.500000 -46.950001 1.000000
v 93.125000 -37.500000 -46.380600 1.000000
v 94.680603 -37.500000 -44.825001 1.000000
v 95.250000 -37.500000 -42.700001 1.000000
v 94.680603 -37.500000 -40.575001 1.000000
v 93.125000 -37.500000 -39.019402 1.000000
v 91.000000 -37.500000 -38.450001 1.000000
v 88.875000 -37.500000 -39.019402 1.000000
v 88.875000 -48.099998 -46.380600 1.000000
v 91.000000 -48.099998 -46.950001 1.000000
v 87.319397 -48.099998 -44.825001 1.000000
v 86.750000 -48.099998 -42.700001 1.000000
v 87.319397 -48.099998 -40.575001 1.000000
v 88.875000 -48.099998 -39.019402 1.000000
v 91.000000 -48.099998 -38.450001 1.000000
v 93.125000 -48.099998 -39.019402 1.000000
v 94.680603 -48.099998 -40.575001 1.000000
v 95.250000 -48.099998 -42.700001 1.000000
v 94.680603 -48.099998 -44.825001 1.000000
v 93.125000 -48.099998 -46.380600 1.000000
v 87.319397 37.500000 -44.825001 1.000000
v 86.750000 37.500000 -42.700001 1.000000
v 87.319397 37.500000 -40.575001 1.000000
v 88.875000 37.500000 -39.019402 1.000000
v 91.000000 37.500000 -38.450001 1.000000
v 93.125000 37.500000 -39.019402 1.000000
v 94.680603 37.500000 -40.575001 1.000000
v 95.250000 37.500000 -42.700001 1.000000
v 94.680603 37.500000 -44.825001 1.000000
v 93.125000 37.500000 -46.380600 1.000000
v 91.000000 37.500000 -46.950001 1.000000
v 88.875000 37.500000 -46.380600 1.000000
v 91.000000 48.099998 -38.450001 1.000000
v 88.875000 48.099998 -39.019402 1.000000
v 87.319397 48.099998 -40.575001 1.000000
v 86.750000 48.099998 -42.700001 1.000000
v 87.319397 48.099998 -44.825001 1.000000
v 88.875000 48.099998 -46.380600 1.000000
v 91.000000 48.099998 -46.950001 1.000000
v 93.125000 48.099998 -46.380600 1.000000
v 94.680603 48.099998 -44.825001 1.000000
v 95.250000 48.099998 -42.700001 1.000000
v 94.680603 48.099998 -40.575001 1.000000
v 93.125000 48.099998 -39.019402 1.000000
v 339.000000 -42.799999 12.500000 1.000000
v 339.000000 -36.799999 12.500000 1.000000
v 339.000000 36.799999 12.500000 1.000000
v 339.000000 42.799999 12.500000 1.000000
v 339.000000 50.000000 5.000000 1.000000
v 339.000000 42.799999 -12.500000 1.000000
v 339.000000 50.000000 -5.000000 1.000000
v 339.000000 -36.799999 -12.500000 1.000000
v 339.000000 36.799999 -12.500000 1.000000
v 339.000000 -42.799999 -12.500000 1.000000
v 339.000000 -50.000000 5.000000 1.000000
v 339.000000 -50.000000 -5.000000 1.000000
v 118.500000 50.000000 4.931400 1.000000
v 118.380798 50.000000 5.000000 1.000000
v 170.728302 50.000000 5.000000 1.000000
v 169.000000 50.000000 3.580900 1.000000
v 167.879395 50.000000 0.601100 1.000000
v 168.398895 50.000000 -2.539700 1.000000
v 129.890900 50.000000 -3.809100 1.000000
v 170.419098 50.000000 -5.000000 1.000000
v 131.046295 50.000000 -5.000000 1.000000
v 300.419189 50.000000 -5.000000 1.000000
v 179.000000 50.000000 -3.580900 1.000000
v 298.398895 50.000000 -2.539700 1.000000
v 180.120605 50.000000 -0.601100 1.000000
v 297.879486 50.000000 0.601100 1.000000
v 179.601105 50.000000 2.539700 1.000000
v 299.000000 50.000000 3.580900 1.000000
v 177.580902 50.000000 5.000000 1.000000
v 300.728302 50.000000 5.000000 1.000000
v 177.271698 50.000000 -5.000000 1.000000
v 307.271698 50.000000 -5.000000 1.000000
v 309.000000 50.000000 -3.580900 1.000000
v 310.120514 50.000000 -0.601100 1.000000
v 309.601105 50.000000 2.539700 1.000000
v 307.580811 50.000000 5.000000 1.000000
v 307.269409 -50.000000 5.000000 1.000000
v 308.997711 -50.000000 3.580900 1.000000
v 310.118195 -50.000000 0.601100 1.000000
v 309.598785 -50.000000 -2.539700 1.000000
v 307.578491 -50.000000 -5.000000 1.000000
v 177.580902 -50.000000 -5.000000 1.000000
v 298.997711 -50.000000 -3.580900 1.000000
v 179.601105 -50.000000 -2.539700 1.000000
v 297.877106 -50.000000 -0.601100 1.000000
v 180.120605 -50.000000 0.601100 1.000000
v 298.396515 -50.000000 2.539700 1.000000
v 179.000000 -50.000000 3.580900 1.000000
v 300.416809 -50.000000 5.000000 1.000000
v 177.271698 -50.000000 5.000000 1.000000
v 300.725891 -50.000000 -5.000000 1.000000
v 118.500000 -50.000000 4.931400 1.000000
v 129.890900 -50.000000 -3.809100 1.000000
v 169.000000 -50.000000 -3.580900 1.000000
v 167.879395 -50.000000 -0.601100 1.000000
v 168.398895 -50.000000 2.539700 1.000000
v 170.419098 -50.000000 5.000000 1.000000
v 118.380798 -50.000000 5.000000 1.000000
v 131.046295 -50.000000 -5.000000 1.000000
v 170.728302 -50.000000 -5.000000 1.000000
v 300.127014 -37.500000 1.755100 1.000000
v 299.768005 -37.500000 -0.415400 1.000000
v 300.542389 -37.500000 -2.474600 1.000000
v 302.242615 -37.500000 -3.870700 1.000000
v 304.412994 -37.500000 -4.229700 1.000000
v 306.472198 -37.500000 -3.455300 1.000000
v 307.868286 -37.500000 -1.755100 1.000000
v 308.227295 -37.500000 0.415400 1.000000
v 307.452911 -37.500000 2.474600 1.000000
v 305.752686 -37.500000 3.870700 1.000000
v 303.582214 -37.500000 4.229700 1.000000
v 301.523102 -37.500000 3.455300 1.000000
v 170.129303 -37.500000 1.755100 1.000000
v 169.770401 -37.500000 -0.415400 1.000000
v 170.544693 -37.500000 -2.474600 1.000000
v 172.244904 -37.500000 -3.870700 1.000000
v 174.415405 -37.500000 -4.229700 1.000000
v 176.474594 -37.500000 -3.455300 1.000000
v 177.870697 -37.500000 -1.755100 1.000000
v 178.229599 -37.500000 0.415400 1.000000
v 177.455307 -37.500000 2.474600 1.000000
v 175.755096 -37.500000 3.870700 1.000000
v 173.584595 -37.500000 4.229700 1.000000
v 171.525406 -37.500000 3.455300 1.000000
v 169.770401 -48.099998 -0.415400 1.000000
v 170.544693 -48.099998 -2.474600 1.000000
v 170.129303 -48.099998 1.755100 1.000000
v 171.525406 -48.099998 3.455300 1.000000
v 173.584595 -48.099998 4.229700 1.000000
v 175.755096 -48.099998 3.870700 1.000000
v 177.455307 -48.099998 2.474600 1.000000
v 180.981598 -52.437302 5.000000 1.000000
v 178.229599 -48.099998 0.415400 1.000000
v 177.870697 -48.099998 -1.755100 1.000000
v 299.768005 -48.099998 -0.415400 1.000000
v 300.542389 -48.099998 -2.474600 1.000000
v 300.127014 -48.099998 1.755100 1.000000
v 301.523102 -48.099998 3.455300 1.000000
v 303.582214 -48.099998 4.229700 1.000000
v 305.752686 -48.099998 3.870700 1.000000
v 307.452911 -48.099998 2.474600 1.000000
v 310.979187 -52.437302 5.000000 1.000000
v 308.227295 -48.099998 0.415400 1.000000
v 307.868286 -48.099998 -1.755100 1.000000
v 306.472198 -48.099998 -3.455300 1.000000
v 304.412994 -48.099998 -4.229700 1.000000
v 302.242615 -48.099998 -3.870700 1.000000
v 297.016113 -52.437302 -5.000000 1.000000
v 176.474594 -48.099998 -3.455300 1.000000
v 174.415405 -48.099998 -4.229700 1.000000
v 172.244904 -48.099998 -3.870700 1.000000
v 167.018402 -52.437302 -5.000000 1.000000
v 170.129303 37.500000 -1.755100 1.000000
v 169.770401 37.500000 0.415400 1.000000
v 170.544693 37.500000 2.474600 1.000000
v 172.244904 37.500000 3.870700 1.000000
v 174.415405 37.500000 4.229700 1.000000
v 176.474594 37.500000 3.455300 1.000000
v 177.870697 37.500000 1.755100 1.000000
v 178.229599 37.500000 -0.415400 1.000000
v 177.455307 37.500000 -2.474600 1.000000
v 175.755096 37.500000 -3.870700 1.000000
v 173.584595 37.500000 -4.229700 1.000000
v 171.525406 37.500000 -3.455300 1.000000
v 300.129303 37.500000 -1.755100 1.000000
v 299.770386 37.500000 0.415400 1.000000
v 300.544708 37.500000 2.474600 1.000000
v 302.244904 37.500000 3.870700 1.000000
v 304.415405 37.500000 4.229700 1.000000
v 306.474609 37.500000 3.455300 1.000000
v 307.870697 37.500000 1.755100 1.000000
v 308.229614 37.500000 -0.415400 1.000000
v 307.455292 37.500000 -2.474600 1.000000
v 305.755096 37.500000 -3.870700 1.000000
v 303.584595 37.500000 -4.229700 1.000000
v 301.525391 37.500000 -3.455300 1.000000
v 297.018402 52.437302 5.000000 1.000000
v 302.244904 48.099998 3.870700 1.000000
v 300.544708 48.099998 2.474600 1.000000
v 304.415405 48.099998 4.229700 1.000000
v 306.474609 48.099998 3.455300 1.000000
v 307.870697 48.099998 1.755100 1.000000
v 308.229614 48.099998 -0.415400 1.000000
v 307.455292 48.099998 -2.474600 1.000000
v 310.981598 52.437302 -5.000000 1.000000
v 305.755096 48.099998 -3.870700 1.000000
v 303.584595 48.099998 -4.229700 1.000000
v 301.525391 48.099998 -3.455300 1.000000
v 300.129303 48.099998 -1.755100 1.000000
v 299.770386 48.099998 0.415400 1.000000
v 167.018402 52.437302 5.000000 1.000000
v 172.244904 48.099998 3.870700 1.000000
v 170.544693 48.099998 2.474600 1.000000
v 174.415405 48.099998 4.229700 1.000000
v 176.474594 48.099998 3.455300 1.000000
v 177.870697 48.099998 1.755100 1.000000
v 178.229599 48.099998 -0.415400 1.000000
v 177.455307 48.099998 -2.474600 1.000000
v 180.981598 52.437302 -5.000000 1.000000
v 175.755096 48.099998 -3.870700 1.000000
v 173.584595 48.099998 -4.229700 1.000000
v 171.525406 48.099998 -3.455300 1.000000
v 170.129303 48.099998 -1.755100 1.000000
v 169.770401 48.099998 0.415400 1.000000
v 419.000000 42.799999 -12.500000 1.000000
v 419.000000 42.799999 12.500000 1.000000
v 419.000000 36.799999 12.500000 1.000000
v 419.000000 36.799999 -12.500000 1.000000
v 419.000000 -36.799999 -12.500000 1.000000
v 419.000000 -36.799999 12.500000 1.000000
v 419.000000 -42.799999 12.500000 1.000000
v 419.000000 -42.799999 -12.500000 1.000000
v 365.000000 -36.799999 0.000000 1.000000
v 364.464111 -36.799999 2.000000 1.000000
v 401.535889 -36.799999 2.000000 1.000000
v 363.000000 -36.799999 3.464100 1.000000
v 403.000000 -36.799999 3.464100 1.000000
v 361.000000 -36.799999 4.000000 1.000000
v 405.000000 -36.799999 4.000000 1.000000
v 401.000000 -36.799999 0.000000 1.000000
v 401.535889 -36.799999 -2.000000 1.000000
v 364.464111 -36.799999 -2.000000 1.000000
v 403.000000 -36.799999 -3.464100 1.000000
v 363.000000 -36.799999 -3.464100 1.000000
v 405.000000 -36.799999 -4.000000 1.000000
v 361.000000 -36.799999 -4.000000 1.000000
v 408.464111 -36.799999 -2.000000 1.000000
v 409.000000 -36.799999 0.000000 1.000000
v 408.464111 -36.799999 2.000000 1.000000
v 407.000000 -36.799999 3.464100 1.000000
v 407.000000 -36.799999 -3.464100 1.000000
v 359.000000 -36.799999 3.464100 1.000000
v 357.535889 -36.799999 2.000000 1.000000
v 357.000000 -36.799999 0.000000 1.000000
v 357.535889 -36.799999 -2.000000 1.000000
v 359.000000 -36.799999 -3.464100 1.000000
v 405.000000 -42.799999 -4.000000 1.000000
v 361.000000 -42.799999 -4.000000 1.000000
v 403.000000 -42.799999 -3.464100 1.000000
v 363.000000 -42.799999 -3.464100 1.000000
v 401.535889 -42.799999 -2.000000 1.000000
v 364.464111 -42.799999 -2.000000 1.000000
v 401.000000 -42.799999 0.000000 1.000000
v 365.000000 -42.799999 0.000000 1.000000
v 401.535889 -42.799999 2.000000 1.000000
v 364.464111 -42.799999 2.000000 1.000000
v 403.000000 -42.799999 3.464100 1.000000
v 363.000000 -42.799999 3.464100 1.000000
v 405.000000 -42.799999 4.000000 1.000000
v 361.000000 -42.799999 4.000000 1.000000
v 359.000000 -42.799999 -3.464100 1.000000
v 357.535889 -42.799999 -2.000000 1.000000
v 357.000000 -42.799999 0.000000 1.000000
v 357.535889 -42.799999 2.000000 1.000000
v 359.000000 -42.799999 3.464100 1.000000
v 407.000000 -42.799999 3.464100 1.000000
v 408.464111 -42.799999 2.000000 1.000000
v 409.000000 -42.799999 0.000000 1.000000
v 408.464111 -42.799999 -2.000000 1.000000
v 407.000000 -42.799999 -3.464100 1.000000
v 405.000000 36.799999 -4.000000 1.000000
v 361.000000 36.799999 -4.000000 1.000000
v 403.000000 36.799999 -3.464100 1.000000
v 363.000000 36.799999 -3.464100 1.000000
v 401.535889 36.799999 -2.000000 1.000000
v 364.464111 36.799999 -2.000000 1.000000
v 401.000000 36.799999 0.000000 1.000000
v 365.000000 36.799999 0.000000 1.000000
v 401.535889 36.799999 2.000000 1.000000
v 364.464111 36.799999 2.000000 1.000000
v 403.000000 36.799999 3.464100 1.000000
v 363.000000 36.799999 3.464100 1.000000
v 405.000000 36.799999 4.000000 1.000000
v 361.000000 36.799999 4.000000 1.000000
v 359.000000 36.799999 -3.464100 1.000000
v 357.535889 36.799999 -2.000000 1.000000
v 357.000000 36.799999 -0.000000 1.000000
v 357.535889 36.799999 2.000000 1.000000
v 359.000000 36.799999 3.464100 1.000000
v 407.000000 36.799999 3.464100 1.000000
v 408.464111 36.799999 2.000000 1.000000
v 409.000000 36.799999 0.000000 1.000000
v 408.464111 36.799999 -2.000000 1.000000
v 407.000000 36.799999 -3.464100 1.000000
v 365.000000 42.799999 0.000000 1.000000
v 364.464111 42.799999 2.000000 1.000000
v 401.535889 42.799999 2.000000 1.000000
v 363.000000 42.799999 3.464100 1.000000
v 403.000000 42.799999 3.464100 1.000000
v 361.000000 42.799999 4.000000 1.000000
v 405.000000 42.799999 4.000000 1.000000
v 401.000000 42.799999 0.000000 1.000000
v 401.535889 42.799999 -2.000000 1.000000
v 364.464111 42.799999 -2.000000 1.000000
v 403.000000 42.799999 -3.464100 1.000000
v 363.000000 42.799999 -3.464100 1.000000
v 405.000000 42.799999 -4.000000 1.000000
v 361.000000 42.799999 -4.000000 1.000000
v 408.464111 42.799999 -2.000000 1.000000
v 409.000000 42.799999 0.000000 1.000000
v 408.464111 42.799999 2.000000 1.000000
v 407.000000 42.799999 3.464100 1.000000
v 407.000000 42.799999 -3.464100 1.000000
v 359.000000 42.799999 3.464100 1.000000
v 357.535889 42.799999 2.000000 1.000000
v 357.000000 42.799999 -0.000000 1.000000
v 357.535889 42.799999 -2.000000 1.000000
v 359.000000 42.799999 -3.464100 1.000000

vn 0.000000 -1.000000 0.000000
vn 0.000000 -1.000000 0.000000
vn 0.000000 -1.000000 0.000000
vn 0.000000 -1.000000 0.000000
vn 0.000000 -1.000000 0.000000
vn 0.000000 -1.000000 0.000000
vn 0.000000 -1.000000 0.000000
vn 0.000000 -1.000000 0.000000
vn 0.000000 -1.000000 0.000000
vn 0.000000 -1.000000 0.000000
vn 0.000000 -1.000000 0.000000
vn 0.000000 -1.000000 0.000000
vn 0.000000 -1.000000 0.000000
vn 0.000000 -1.000000 0.000000
vn 0.000000 -1.000000 0.000000
vn 0.000000 -1.000000 0.000000
vn 0.000000 -1.000000 0.000000
vn 0.000000 -1.000000 0.000000
vn 0.000000 -1.000000 0.000000
vn 0.000000 -1.000000 0.000000
vn 0.000000 -1.000000 0.000000
vn 0.000000 -1.000000 0.000000
vn 0.000000 -1.000000 0.000000
vn 0.000000 -1.000000 0.000000
vn 0.000000 -1.000000 0.000000
vn 0.000000 -1.000000 0.000000
vn 0.000000 -1.000000 0.000000
vn 0.000000 -1.000000 0.000000
vn 0.000000 -1.000000 0.000000
vn 0.000000 -1.000000 0.000000
vn 0.000000 -1.000000 0.000000
vn 0.000000 -1.000000 0.000000
vn 0.000000 -1.000000 0.000000
vn 0.000000 -1.000000 0.000000
vn 0.000000 -1.000000 0.000000
vn 0.000000 -1.000000 0.000000
vn 0.000000 -1.000000 0.000000
vn 0.000000 -1.000000 0.000000
vn 0.000000 -1.000000 0.000000
vn 0.000000 -1.000000 0.000000
vn 0.000000 -1.000000 0.000000
vn 0.000000 -1.000000 0.000000
vn 0.000000 -1.000000 0.000000
vn 0.000000 -1.000000 0.000000
vn 0.000000 -1.000000 0.000000
vn 0.000000 -1.000000 0.000000
vn 0.000000 -1.000000 0.000000
vn 0.000000 -1.000000 0.000000
vn 0.000000 -1.000000 0.000000
vn 0.000000 -1.000000 0.000000
vn 0.000000 -1.000000 0.000000
vn 0.000000 -1.000000 0.000000
vn 0.000000 -1.000000 0.000000
vn 0.000000 -1.000000 0.000000
vn 0.000000 -1.000000 0.000000
vn 0.000000 -1.000000 0.000000
vn 0.000000 -1.000000 0.000000
vn 0.000000 -1.000000 0.000000
vn 0.000000 -1.000000 0.000000
vn 0.000000 -1.000000 0.000000
vn 0.000000 -1.000000 0.000000
vn 0.000000 -1.000000 0.000000
vn 0.000000 -1.000000 0.000000
vn 0.000000 -1.000000 0.000000
vn 0.000000 -1.000000 0.000000
vn 0.000000 -1.000000 0.000000
vn 0.000000 -1.000000 0.000000
vn 0.000000 -1.000000 0.000000
vn 0.000000 -1.000000 0.000000
vn 0.000000 -1.000000 0.000000
vn 0.000000 -1.000000 0.000000
vn 0.000000 -1.000000 0.000000
vn 0.000000 -1.000000 0.000000
vn 0.000000 -1.000000 0.000000
vn 0.000000 -1.000000 0.000000
vn 0.000000 -1.000000 0.000000
vn 0.000000 -1.000000 0.000000
vn 0.000000 -1.000000 0.000000
vn 0.000000 -1.000000 0.000000
vn 0.000000 -1.000000 0.000000
vn 0.000000 -1.000000 0.000000
vn 0.000000 -1.000000 0.000000
vn 0.000000 -1.000000 0.000000
vn 0.000000 -1.000000 0.000000
vn 0.000000 -1.000000 0.000000
vn 0.000000 -1.000000 0.000000
vn 0.000000 -1.000000 0.000000
vn 0.000000 -1.000000 0.000000
vn 0.000000 -1.000000 0.000000
vn 0.000000 -1.000000 0.000000
vn 0.000000 -1.000000 0.000000
vn 0.000000 -1.000000 0.000000
vn 0.000000 -1.000000 0.000000
vn 0.000000 -1.000000 0.000000
vn 0.000000 -1.000000 0.000000
vn 0.000000 -1.000000 0.000000
vn 0.000000 -1.000000 0.000000
vn 0.000000 -1.000000 0.000000
vn 0.000000 -1.000000 0.000000
vn 0.000000 -1.000000 0.000000
vn 0.000000 -1.000000 0.000000
vn 0.000000 -1.000000 0.000000
vn 0.000000 -1.000000 0.000000
vn 0.000000 -1.000000 0.000000
vn 0.000000 -1.000000 0.000000
vn 0.000000 -1.000000 0.000000
vn 0.000000 -1.000000 0.000000
vn 0.000000 -1.000000 0.000000
vn 0.000000 -1.000000 0.000000
vn 0.000000 -1.000000 0.000000
vn 0.000000 -1.000000 0.000000
vn 0.000000 -1.000000 0.000000
vn 0.000000 -1.000000 0.000000
vn 0.000000 -1.000000 0.000000
vn 0.000000 -1.000000 0.000000
vn 0.000000 -1.000000 0.000000
vn 0.000000 -1.000000 0.000000
vn 0.000000 -1.000000 0.000000
vn 0.000000 -1.000000 0.000000
vn 0.000000 -1.000000 0.000000
vn 0.000000 -1.000000 0.000000
vn 0.000000 -1.000000 0.000000
vn 0.000000 -1.000000 0.000000
vn 0.000000 -1.000000 0.000000
vn 0.000000 -1.000000 0.000000
vn 0.000000 -1.000000 0.000000
vn 0.000000 -1.000000 0.000000
vn 0.000000 -1.000000 0.000000
vn 0.000000 -1.000000 0.000000
vn 0.000000 -1.000000 0.000000
vn 0.000000 -1.000000 0.000000
vn 0.000000 -1.000000 0.000000
vn 0.000000 -1.000000 0.000000
vn 0.000000 -1.000000 0.000000
vn 0.000000 -1.000000 0.000000
vn 0.000000 -1.000000 0.000000
vn 0.000000 -1.000000 0.000000
vn 0.000000 -1.000000 0.000000
vn 0.000000 -1.000000 0.000000
vn 0.000000 -1.000000 0.000000
vn 0.000000 -1.000000 0.000000
vn 0.000000 -1.000000 0.000000
vn 0.000000 -1.000000 0.000000
vn 0.000000 -1.000000 0.000000
vn 0.000000 -1.000000 0.000000
vn 0.000000 -1.000000 0.000000
vn 0.000000 -1.000000 0.000000
vn 0.000000 -1.000000 0.000000
vn 0.000000 -1.000000 0.000000
vn 0.000000 -1.000000 0.000000
vn 0.000000 -1.000000 0.000000
vn 0.000000 -1.000000 0.000000
vn 0.000000 -1.000000 0.000000
vn 0.000000 -1.000000 0.000000
vn 0.000000 -1.000000 0.000000
vn 0.000000 -1.000000 0.000000
vn 0.000000 -1.000000 0.000000
vn 0.000000 -1.000000 0.000000
vn 0.000000 -1.000000 0.000000
vn 0.000000 -1.000000 0.000000
vn 0.000000 -1.000000 0.000000
vn 0.000000 -1.000000 0.000000
vn 0.000000 -1.000000 0.000000
vn 0.000000 -1.000000 0.000000
vn 0.000000 -1.000000 0.000000
vn 0.000000 -1.000000 0.000000
vn 0.000000 -1.000000 0.000000
vn 0.000000 -1.000000 0.000000
vn 0.000000 -1.000000 0.000000
vn 0.000000 -1.000000 0.000000
vn 0.000000 -1.000000 0.000000
vn 0.000000 -1.000000 0.000000
vn 0.000000 -1.000000 0.000000
vn 0.000000 -1.000000 0.000000
vn 0.000000 -1.000000 0.000000
vn 0.000000 -1.000000 0.000000
vn 0.000000 -1.000000 0.000000
vn 0.000000 -1.000000 0.000000
vn 0.000000 -1.000000 0.000000
vn 0.000000 -1.000000 0.000000
vn 0.000000 -1.000000 0.000000
vn 0.000000 -1.000000 0.000000
vn 0.000000 -1.000000 0.000000
vn 0.000000 -1.000000 0.000000
vn 0.000000 -1.000000 0.000000
vn 0.000000 -1.000000 0.000000
vn 0.000000 -1.000000 0.000000
vn 0.000000 -1.000000 0.000000
vn 0.000000 -1.000000 0.000000
vn 0.000000 -1.000000 0.000000
vn 0.000000 -1.000000 0.000000
vn 0.000000 -1.000000 0.000000
vn 0.000000 -1.000000 0.000000
vn 0.000000 -1.000000 0.000000
vn 0.000000 -1.000000 0.000000
vn 0.000000 -1.000000 0.000000
vn 0.000000 -1.000000 0.000000
vn 0.000000 -1.000000 0.000000
vn 0.000000 -1.000000 0.000000
vn 0.000000 -1.000000 0.000000
vn 0.000000 -1.000000 0.000000
vn 0.000000 -1.000000 0.000000
vn 0.000000 -1.000000 0.000000
vn 0.000000 -1.000000 0.000000
vn 0.000000 -1.000000 0.000000
vn 0.000000 -1.000000 0.000000
vn 0.000000 -1.000000 0.000000
vn 0.000000 -1.000000 0.000000
vn 0.000000 -1.000000 0.000000
vn 0.000000 -1.000000 0.000000
vn 0.000000 -1.000000 0.000000
vn 0.000000 -1.000000 0.000000
vn 0.000000 -1.000000 0.000000
vn 0.000000 -1.000000 0.000000
vn 0.000000 -1.000000 0.000000
vn 0.000000 -1.000000 0.000000
vn 0.000000 -1.000000 0.000000
vn 0.000000 -1.000000 0.000000
vn 0.000000 -1.000000 0.000000
vn 0.000000 -1.000000 0.000000
vn 0.000000 -1.000000 0.000000
vn 0.000000 -1.000000 0.000000
vn 0.000000 -1.000000 0.000000
vn 0.000000 -1.000000 0.000000
vn 0.000000 -1.000000 0.000000
vn 0.000000 -1.000000 0.000000
vn 0.000000 -1.000000 0.000000
vn 0.000000 -1.000000 0.000000
vn 0.000000 -1.000000 0.000000
vn 0.000000 -1.000000 0.000000
vn 0.000000 -1.000000 0.000000
vn 0.000000 -1.000000 0.000000
vn 0.000000 -1.000000 0.000000
vn 0.000000 -1.000000 0.000000
vn 0.000000 -1.000000 0.000000
vn 0.000000 -1.000000 0.000000
vn 0.000000 -1.000000 0.000000
vn 0.000000 -1.000000 0.000000
vn 0.000000 -1.000000 0.000000
vn 0.000000 -1.000000 0.000000
vn 0.000000 -1.000000 0.000000
vn 0.000000 -1.000000 0.000000
vn 0.000000 -1.000000 0.000000
vn 0.000000 -1.000000 0.000000
vn 0.000000 -1.000000 0.000000
vn 0.000000 -1.000000 0.000000
vn 0.000000 -1.000000 0.000000
vn 0.000000 -1.000000 0.000000
vn 0.000000 -1.000000 0.000000
vn 0.000000 -1.000000 0.000000
vn 0.000000 -1.000000 0.000000
vn 0.000000 -1.000000 0.000000
vn 0.000000 -1.000000 0.000000
vn 0.000000 -1.000000 0.000000
vn 0.000000 -1.000000 0.000000
vn 0.000000 -1.000000 0.000000
vn 0.000000 -1.000000 0.000000
vn 0.000000 -1.000000 0.000000
vn 0.000000 -1.000000 0.000000
vn 0.000000 -1.000000 0.000000
vn 0.000000 -1.000000 0.000000
vn 0.000000 -1.000000 0.000000
vn 0.000000 -1.000000 0.000000
vn 0.000000 -1.000000 0.000000
vn 0.000000 -1.000000 0.000000
vn 0.000000 -1.000000 0.000000
vn 0.000000 -1.000000 0.000000
vn 0.000000 -1.000000 0.000000
vn 0.000000 -1.000000 0.000000
vn 0.000000 -1.000000 0.000000
vn 0.000000 -1.000000 0.000000
vn 0.000000 -1.000000 0.000000
vn 0.000000 -1.000000 0.000000
vn 0.000000 -1.000000 0.000000
vn 0.000000 -1.000000 0.000000
vn 0.000000 -1.000000 0.000000
vn 0.000000 -1.000000 0.000000
vn 0.000000 -1.000000 0.000000
vn 0.000000 -1.000000 0.000000
vn 0.000000 -1.000000 0.000000
vn 0.000000 -1.000000 0.000000
vn 0.000000 -1.000000 0.000000
vn 0.000000 -1.000000 0.000000
vn 0.000000 -1.000000 0.000000
vn 0.000000 -1.000000 0.000000
vn 0.000000 -1.000000 0.000000
vn 0.000000 -1.000000 0.000000
vn 0.000000 -1.000000 0.000000
vn 0.000000 -1.000000 0.000000
vn 0.000000 -1.000000 0.000000
vn 0.000000 -1.000000 0.000000
vn 0.000000 -1.000000 0.000000
vn 0.000000 -1.000000 0.000000
vn 0.000000 -1.000000 0.000000
vn 0.000000 -1.000000 0.000000
vn 0.000000 -1.000000 0.000000
vn 0.000000 -1.000000 0.000000
vn 0.000000 -1.000000 0.000000
vn 0.000000 -1.000000 0.000000
vn 0.000000 -1.000000 0.000000
vn 0.000000 -1.000000 0.000000
vn 0.000000 -1.000000 0.000000
vn 0.000000 -1.000000 0.000000
vn 0.000000 -1.000000 0.000000
vn 0.000000 -1.000000 0.000000
vn 0.000000 -1.000000 0.000000
vn 0.000000 -1.000000 0.000000
vn 0.000000 -1.000000 0.000000
vn 0.000000 -1.000000 0.000000
vn 0.000000 -1.000000 0.000000
vn 0.000000 -1.000000 0.000000
vn 0.000000 -1.000000 0.000000
vn 0.000000 -1.000000 0.000000
vn 0.000000 -1.000000 0.000000
vn 0.000000 -1.000000 0.000000
vn 0.000000 -1.000000 0.000000
vn 0.000000 -1.000000 0.000000
vn 0.000000 -1.000000 0.000000
vn 0.000000 -1.000000 0.000000
vn 0.000000 -1.000000 0.000000
vn 0.000000 -1.000000 0.000000
vn 0.000000 -1.000000 0.000000
vn 0.000000 -1.000000 0.000000
vn 0.000000 -1.000000 0.000000
vn 0.000000 -1.000000 0.000000
vn 0.000000 -1.000000 0.000000
vn 0.000000 -1.000000 0.000000
vn 0.000000 -1.000000 0.000000
vn 0.000000 -1.000000 0.000000
vn 0.000000 -1.000000 0.000000
vn 0.000000 -1.000000 0.000000
vn 0.000000 -1.000000 0.000000
vn 0.000000 -1.000000 0.000000
vn 0.000000 -1.000000 0.000000
vn 0.000000 -1.000000 0.000000
vn 0.000000 -1.000000 0.000000
vn 0.000000 -1.000000 0.000000
vn 0.000000 -1.000000 0.000000
vn 0.000000 -1.000000 0.000000
vn 0.000000 -1.000000 0.000000
vn 0.000000 -1.000000 0.000000
vn 0.000000 -1.000000 0.000000
vn 0.000000 -1.000000 0.000000
vn 0.000000 -1.000000 0.000000
vn 0.000000 -1.000000 0.000000
vn 0.000000 -1.000000 0.000000
vn 0.000000 -1.000000 0.000000
vn 0.000000 -1.000000 0.000000
vn 0.000000 -1.000000 0.000000
vn 0.000000 -1.000000 0.000000
vn 0.000000 -1.000000 0.000000
vn 0.000000 -1.000000 0.000000
vn 0.000000 -1.000000 0.000000
vn 0.000000 -1.000000 0.000000
vn 0.000000 -1.000000 0.000000
vn 0.000000 -1.000000 0.000000
vn 0.000000 -1.000000 0.000000
vn 0.000000 -1.000000 0.000000
vn 0.000000 -1.000000 0.000000
vn 0.000000 -1.000000 0.000000
vn 0.000000 -1.000000 0.000000
vn 0.000000 -1.000000 0.000000
vn 0.000000 -1.000000 0.000000
vn 0.000000 -1.000000 0.000000
vn 0.000000 -1.000000 0.000000
vn 0.000000 -1.000000 0.000000
vn 0.000000 -1.000000 0.000000
vn 0.000000 -1.000000 0.000000
vn 0.000000 -1.000000 0.000000
vn 0.000000 -1.000000 0.000000
vn 0.000000 -1.000000 0.000000
vn 0.000000 -1.000000 0.000000
vn 0.000000 -1.000000 0.000000
vn 0.000000 -1.000000 0.000000
vn 0.000000 -1.000000 0.000000
vn 0.000000 -1.000000 0.000000
vn 0.000000 -1.000000 0.000000
vn 0.000000 -1.000000 0.000000
vn 0.000000 -1.000000 0.000000
vn 0.000000 -1.000000 0.000000
vn 0.000000 -1.000000 0.000000
vn 0.000000 -1.000000 0.000000
vn 0.000000 -1.000000 0.000000
vn 0.000000 -1.000000 0.000000
vn 0.000000 -1.000000 0.000000
vn 0.000000 -1.000000 0.000000
vn 0.000000 -1.000000 0.000000
vn 0.000000 -1.000000 0.000000
vn 0.000000 -1.000000 0.000000
vn 0.000000 -1.000000 0.000000
vn 0.000000 -1.000000 0.000000
vn 0.000000 -1.000000 0.000000
vn 0.000000 -1.000000 0.000000
vn 0.000000 -1.000000 0.000000
vn 0.000000 -1.000000 0.000000
vn 0.000000 -1.000000 0.000000
vn 0.000000 -1.000000 0.000000
vn 0.000000 -1.000000 0.000000
vn 0.000000 -1.000000 0.000000
vn 0.000000 -1.000000 0.000000
vn 0.000000 -1.000000 0.000000
vn 0.000000 -1.000000 0.000000
vn 0.000000 -1.000000 0.000000
vn 0.000000 -1.000000 0.000000
vn 0.000000 -1.000000 0.000000
vn 0.000000 -1.000000 0.000000
vn 0.000000 -1.000000 0.000000
vn 0.000000 -1.000000 0.000000
vn 0.000000 -1.000000 0.000000
vn 0.000000 -1.000000 0.000000
vn 0.000000 -1.000000 0.000000
vn 0.000000 -1.000000 0.000000
vn 0.000000 -1.000000 0.000000
vn 0.000000 -1.000000 0.000000
vn 0.000000 -1.000000 0.000000
vn 0.000000 -1.000000 0.000000
vn 0.000000 -1.000000 0.000000
vn 0.000000 -1.000000 0.000000
vn 0.000000 -1.000000 0.000000
vn 0.000000 -1.000000 0.000000
vn 0.000000 -1.000000 0.000000
vn 0.000000 -1.000000 0.000000
vn 0.000000 -1.000000 0.000000
vn 0.000000 -1.000000 0.000000
vn 0.000000 -1.000000 0.000000
vn 0.000000 -1.000000 0.000000
vn 0.000000 -1.000000 0.000000
vn 0.000000 -1.000000 0.000000
vn 0.000000 -1.000000 0.000000
vn 0.000000 -1.000000 0.000000
vn 0.000000 -1.000000 0.000000
vn 0.000000 -1.000000 0.000000
vn 0.000000 -1.000000 0.000000
vn 0.000000 -1.000000 0.000000
vn 0.000000 -1.000000 0.000000
vn 0.000000 -1.000000 0.000000
vn 0.000000 -1.000000 0.000000
vn 0.000000 -1.000000 0.000000
vn 0.000000 -1.000000 0.000000
vn 0.000000 -1.000000 0.000000
vn 0.000000 -1.000000 0.000000
vn 0.000000 -1.000000 0.000000
vn 0.000000 -1.000000 0.000000
vn 0.000000 -1.000000 0.000000
vn 0.000000 -1.000000 0.000000
vn 0.000000 -1.000000 0.000000
vn 0.000000 -1.000000 0.000000
vn 0.000000 -1.000000 0.000000
vn 0.000000 -1.000000 0.000000
vn 0.000000 -1.000000 0.000000
vn 0.000000 -1.000000 0.000000
vn 0.000000 -1.000000 0.000000
vn 0.000000 -1.000000 0.000000
vn 0.000000 -1.000000 0.000000
vn 0.000000 -1.000000 0.000000
vn 0.000000 -1.000000 0.000000
vn 0.000000 -1.000000 0.000000
vn 0.000000 -1.000000 0.000000
vn 0.000000 -1.000000 0.000000
vn 0.000000 -1.000000 0.000000
vn 0.000000 -1.000000 0.000000
vn 0.000000 -1.000000 0.000000
vn 0.000000 -1.000000 0.000000
vn 0.000000 -1.000000 0.000000
vn 0.000000 -1.000000 0.000000
vn 0.000000 -1.000000 0.000000
vn 0.000000 -1.000000 0.000000
vn 0.000000 -1.000000 0.000000
vn 0.000000 -1.000000 0.000000
vn 0.000000 -1.000000 0.000000
vn 0.000000 -1.000000 0.000000
vn 0.000000 -1.000000 0.000000
vn 0.000000 -1.000000 0.000000
vn 0.000000 -1.000000 0.000000
vn 0.000000 -1.000000 0.000000
vn 0.000000 -1.000000 0.000000
vn 0.000000 -1.000000 0.000000
vn 0.000000 -1.000000 0.000000
vn 0.000000 -1.000000 0.000000
vn 0.000000 -1.000000 0.000000
vn 0.000000 -1.000000 0.000000
vn 0.000000 -1.000000 0.000000
vn 0.000000 -1.000000 0.000000
vn 0.000000 -1.000000 0.000000
vn 0.000000 -1.000000 0.000000
vn 0.000000 -1.000000 0.000000
vn 0.000000 -1.000000 0.000000
vn 0.000000 -1.000000 0.000000
vn 0.000000 -1.000000 0.000000
vn 0.000000 -1.000000 0.000000
vn 0.000000 -1.000000 0.000000
vn 0.000000 -1.000000 0.000000
vn 0.000000 -1.000000 0.000000
vn 0.000000 -1.000000 0.000000
vn 0.000000 -1.000000 0.000000
vn 0.000000 -1.000000 0.000000
vn 0.000000 -1.000000 0.000000
vn 0.000000 -1.000000 0.000000
vn 0.000000 -1.000000 0.000000
vn 0.000000 -1.000000 0.000000
vn 0.000000 -1.000000 0.000000
vn 0.000000 -1.000000 0.000000
vn 0.000000 -1.000000 0.000000
vn 0.000000 -1.000000 0.000000
vn 0.000000 -1.000000 0.000000
vn 0.000000 -1.000000 0.000000
vn 0.000000 -1.000000 0.000000
vn 0.000000 -1.000000 0.000000
vn 0.000000 -1.000000 0.000000
vn 0.000000 -1.000000 0.000000
vn 0.000000 -1.000000 0.000000
vn 0.000000 -1.000000 0.000000
vn 0.000000 -1.000000 0.000000
vn 0.000000 -1.000000 0.000000
vn 0.000000 -1.000000 0.000000
vn 0.000000 -1.000000 0.000000
vn 0.000000 -1.000000 0.000000
vn 0.000000 -1.000000 0.000000
vn 0.000000 -1.000000 0.000000
vn 0.000000 -1.000000 0.000000
vn 0.000000 -1.000000 0.000000
vn 0.000000 -1.000000 0.000000
vn 0.000000 -1.000000 0.000000
vn 0.000000 -1.000000 0.000000
vn 0.000000 -1.000000 0.000000
vn 0.000000 -1.000000 0.000000
vn 0.000000 -1.000000 0.000000
vn 0.000000 -1.000000 0.000000
vn 0.000000 -1.000000 0.000000
vn 0.000000 -1.000000 0.000000
vn 0.000000 -1.000000 0.000000
vn 0.000000 -1.000000 0.000000
vn 0.000000 -1.000000 0.000000
vn 0.000000 -1.000000 0.000000
vn 0.000000 -1.000000 0.000000
vn 0.000000 -1.000000 0.000000
vn 0.000000 -1.000000 0.000000
vn 0.000000 -1.000000 0.000000
vn 0.000000 -1.000000 0.000000
vn 0.000000 -1.000000 0.000000
vn 0.000000 -1.000000 0.000000
vn 0.000000 -1.000000 0.000000
vn 0.000000 -1.000000 0.000000
vn 0.000000 -1.000000 0.000000
vn 0.000000 -1.000000 0.000000
vn 0.000000 -1.000000 0.000000
vn 0.000000 -1.000000 0.000000
vn 0.000000 -1.000000 0.000000
vn 0.000000 -1.000000 0.000000
vn 0.000000 -1.000000 0.000000
vn 0.000000 -1.000000 0.000000
vn 0.000000 -1.000000 0.000000
vn 0.000000 -1.000000 0.000000
vn 0.000000 -1.000000 0.000000
vn 0.000000 -1.000000 0.000000
vn 0.000000 1.000000 0.000000
vn 0.000000 1.000000 0.000000
vn 0.000000 1.000000 0.000000
vn 0.000000 1.000000 0.000000
vn 0.000000 1.000000 0.000000
vn 0.000000 1.000000 0.000000
vn 0.000000 1.000000 0.000000
vn 0.000000 1.000000 0.000000
vn 0.000000 1.000000 0.000000
vn 0.000000 1.000000 0.000000
vn 0.000000 1.000000 0.000000
vn 0.000000 1.000000 0.000000
vn 0.000000 1.000000 0.000000
vn 0.000000 1.000000 0.000000
vn 0.000000 1.000000 0.000000
vn 0.000000 1.000000 0.000000
vn 0.000000 1.000000 0.000000
vn 0.000000 1.000000 0.000000
vn 0.000000 1.000000 0.000000
vn 0.000000 1.000000 0.000000
vn 0.000000 1.000000 0.000000
vn 0.000000 1.000000 0.000000
vn 0.000000 1.000000 0.000000
vn 0.000000 1.000000 0.000000
vn 0.000000 1.000000 0.000000
vn 0.000000 1.000000 0.000000
vn 0.000000 1.000000 0.000000
vn 0.000000 1.000000 0.000000
vn 0.000000 1.000000 0.000000
vn 0.000000 1.000000 0.000000
vn 0.000000 1.000000 0.000000
vn 0.000000 1.000000 0.000000
vn 0.000000 1.000000 0.000000
vn 0.000000 1.000000 0.000000
vn 0.000000 1.000000 0.000000
vn 0.000000 1.000000 0.000000
vn 0.000000 1.000000 0.000000
vn 0.000000 1.000000 0.000000
vn 0.000000 1.000000 0.000000
vn 0.000000 1.000000 0.000000
vn 0.000000 1.000000 0.000000
vn 0.000000 1.000000 0.000000
vn 0.000000 1.000000 0.000000
vn 0.000000 1.000000 0.000000
vn 0.000000 1.000000 0.000000
vn 0.000000 1.000000 0.000000
vn 0.000000 1.000000 0.000000
vn 0.000000 1.000000 0.000000
vn 0.000000 1.000000 0.000000
vn 0.000000 1.000000 0.000000
vn 0.000000 1.000000 0.000000
vn 0.000000 1.000000 0.000000
vn 0.000000 1.000000 0.000000
vn 0.000000 1.000000 0.000000
vn 0.000000 1.000000 0.000000
vn 0.000000 1.000000 0.000000
vn 0.000000 1.000000 0.000000
vn 0.000000 1.000000 0.000000
vn 0.000000 1.000000 0.000000
vn 0.000000 1.000000 0.000000
vn 0.000000 1.000000 0.000000
vn 0.000000 1.000000 0.000000
vn 0.000000 1.000000 0.000000
vn 0.000000 1.000000 0.000000
vn 0.000000 1.000000 0.000000
vn 0.000000 1.000000 0.000000
vn 0.000000 1.000000 0.000000
vn 0.000000 1.000000 0.000000
vn 0.000000 1.000000 0.000000
vn 0.000000 1.000000 0.000000
vn 0.000000 1.000000 0.000000
vn 0.000000 1.000000 0.000000
vn 0.000000 1.000000 0.000000
vn 0.000000 1.000000 0.000000
vn 0.000000 1.000000 0.000000
vn 0.000000 1.000000 0.000000
vn 0.000000 1.000000 0.000000
vn 0.000000 1.000000 0.000000
vn 0.000000 1.000000 0.000000
vn 0.000000 1.000000 0.000000
vn 0.000000 1.000000 0.000000
vn 0.000000 1.000000 0.000000
vn 0.000000 1.000000 0.000000
vn 0.000000 1.000000 0.000000
vn 0.000000 1.000000 0.000000
vn 0.000000 1.000000 0.000000
vn 0.000000 1.000000 0.000000
vn 0.000000 1.000000 0.000000
vn 0.000000 1.000000 0.000000
vn 0.000000 1.000000 0.000000
vn 0.000000 1.000000 0.000000
vn 0.000000 1.000000 0.000000
vn 0.000000 1.000000 0.000000
vn 0.000000 1.000000 0.000000
vn 0.000000 1.000000 0.000000
vn 0.000000 1.000000 0.000000
vn 0.000000 1.000000 0.000000
vn 0.000000 1.000000 0.000000
vn 0.000000 1.000000 0.000000
vn 0.000000 1.000000 0.000000
vn 0.000000 1.000000 0.000000
vn 0.000000 1.000000 0.000000
vn 0.000000 1.000000 0.000000
vn 0.000000 1.000000 0.000000
vn 0.000000 1.000000 0.000000
vn 0.000000 1.000000 0.000000
vn 0.000000 1.000000 0.000000
vn 0.000000 1.000000 0.000000
vn 0.000000 1.000000 0.000000
vn 0.000000 1.000000 0.000000
vn 0.000000 1.000000 0.000000
vn 0.000000 1.000000 0.000000
vn 0.000000 1.000000 0.000000
vn 0.000000 1.000000 0.000000
vn 0.000000 1.000000 0.000000
vn 0.000000 1.000000 0.000000
vn 0.000000 1.000000 0.000000
vn 0.000000 1.000000 0.000000
vn 0.000000 1.000000 0.000000
vn 0.000000 1.000000 0.000000
vn 0.000000 1.000000 0.000000
vn 0.000000 1.000000 0.000000
vn 0.000000 1.000000 0.000000
vn 0.000000 1.000000 0.000000
vn 0.000000 1.000000 0.000000
vn 0.000000 1.000000 0.000000
vn 0.000000 1.000000 0.000000
vn 0.000000 1.000000 0.000000
vn 0.000000 1.000000 0.000000
vn 0.000000 1.000000 0.000000
vn 0.000000 1.000000 0.000000
vn 0.000000 1.000000 0.000000
vn 0.000000 1.000000 0.000000
vn 0.000000 1.000000 0.000000
vn 0.000000 1.000000 0.000000
vn 0.000000 1.000000 0.000000
vn 0.000000 1.000000 0.000000
vn 0.000000 1.000000 0.000000
vn 0.000000 1.000000 0.000000
vn 0.000000 1.000000 0.000000
vn 0.000000 1.000000 0.000000
vn 0.000000 1.000000 0.000000
vn 0.000000 1.000000 0.000000
vn 0.000000 1.000000 0.000000
vn 0.000000 1.000000 0.000000
vn 0.000000 1.000000 0.000000
vn 0.000000 1.000000 0.000000
vn 0.000000 1.000000 0.000000
vn 0.000000 1.000000 0.000000
vn 0.000000 1.000000 0.000000
vn 0.000000 1.000000 0.000000
vn 0.000000 1.000000 0.000000
vn 0.000000 1.000000 0.000000
vn 0.000000 1.000000 0.000000
vn 0.000000 1.000000 0.000000
vn 0.000000 1.000000 0.000000
vn 0.000000 1.000000 0.000000
vn 0.000000 1.000000 0.000000
vn 0.000000 1.000000 0.000000
vn 0.000000 1.000000 0.000000
vn 0.000000 1.000000 0.000000
vn 0.000000 1.000000 0.000000
vn 0.000000 1.000000 0.000000
vn 0.000000 1.000000 0.000000
vn 0.000000 1.000000 0.000000
vn 0.000000 1.000000 0.000000
vn 0.000000 1.000000 0.000000
vn 0.000000 1.000000 0.000000
vn 0.000000 1.000000 0.000000
vn 0.000000 1.000000 0.000000
vn 0.000000 1.000000 0.000000
vn 0.000000 1.000000 0.000000
vn 0.000000 1.000000 0.000000
vn 0.000000 1.000000 0.000000
vn 0.000000 1.000000 0.000000
vn 0.000000 1.000000 0.000000
vn 0.000000 1.000000 0.000000
vn 0.000000 1.000000 0.000000
vn 0.000000 1.000000 0.000000
vn 0.000000 1.000000 0.000000
vn 0.000000 1.000000 0.000000
vn 0.000000 1.000000 0.000000
vn 0.000000 1.000000 0.000000
vn 0.000000 1.000000 0.000000
vn 0.000000 1.000000 0.000000
vn 0.000000 1.000000 0.000000
vn 0.000000 1.000000 0.000000
vn 0.000000 1.000000 0.000000
vn 0.000000 1.000000 0.000000
vn 0.000000 1.000000 0.000000
vn 0.000000 1.000000 0.000000
vn 0.000000 1.000000 0.000000
vn 0.000000 1.000000 0.000000
vn 0.000000 1.000000 0.000000
vn 0.000000 1.000000 0.000000
vn 0.000000 1.000000 0.000000
vn 0.000000 1.000000 0.000000
vn 0.000000 1.000000 0.000000
vn 0.000000 1.000000 0.000000
vn 0.000000 1.000000 0.000000
vn 0.000000 1.000000 0.000000
vn 0.000000 1.000000 0.000000
vn 0.000000 1.000000 0.000000
vn 0.000000 1.000000 0.000000
vn 0.000000 1.000000 0.000000
vn 0.000000 1.000000 0.000000
vn 0.000000 1.000000 0.000000
vn 0.000000 1.000000 0.000000
vn 0.000000 1.000000 0.000000
vn 0.000000 1.000000 0.000000
vn 0.000000 1.000000 0.000000
vn 0.000000 1.000000 0.000000
vn 0.000000 1.000000 0.000000
vn 0.000000 1.000000 0.000000
vn 0.000000 1.000000 0.000000
vn 0.000000 1.000000 0.000000
vn 0.000000 1.000000 0.000000
vn 0.000000 1.000000 0.000000
vn 0.000000 1.000000 0.000000
vn 0.000000 1.000000 0.000000
vn 0.000000 1.000000 0.000000
vn 0.000000 1.000000 0.000000
vn 0.000000 1.000000 0.000000
vn 0.000000 1.000000 0.000000
vn 0.000000 1.000000 0.000000
vn 0.000000 1.000000 0.000000
vn 0.000000 1.000000 0.000000
vn 0.000000 1.000000 0.000000
vn 0.000000 1.000000 0.000000
vn 0.000000 1.000000 0.000000
vn 0.000000 1.000000 0.000000
vn 0.000000 1.000000 0.000000
vn 0.000000 1.000000 0.000000
vn 0.000000 1.000000 0.000000
vn 0.000000 1.000000 0.000000
vn 0.000000 1.000000 0.000000
vn 0.000000 1.000000 0.000000
vn 0.000000 1.000000 0.000000
vn 0.000000 1.000000 0.000000
vn 0.000000 1.000000 0.000000
vn 0.000000 1.000000 0.000000
vn 0.000000 1.000000 0.000000
vn 0.000000 1.000000 0.000000
vn 0.000000 1.000000 0.000000
vn 0.000000 1.000000 0.000000
vn 0.000000 1.000000 0.000000
vn 0.000000 1.000000 0.000000
vn 0.000000 1.000000 0.000000
vn 0.000000 1.000000 0.000000
vn 0.000000 1.000000 0.000000
vn 0.000000 1.000000 0.000000
vn 0.000000 1.000000 0.000000
vn 0.000000 1.000000 0.000000
vn 0.000000 1.000000 0.000000
vn 0.000000 1.000000 0.000000
vn 0.000000 1.000000 0.000000
vn 0.000000 1.000000 0.000000
vn 0.000000 1.000000 0.000000
vn 0.000000 1.000000 0.000000
vn 0.000000 1.000000 0.000000
vn 0.000000 1.000000 0.000000
vn 0.000000 1.000000 0.000000
vn 0.000000 1.000000 0.000000
vn 0.000000 1.000000 0.000000
vn 0.000000 1.000000 0.000000
vn 0.000000 1.000000 0.000000
vn 0.000000 1.000000 0.000000
vn 0.000000 1.000000 0.000000
vn 0.000000 1.000000 0.000000
vn 0.000000 1.000000 0.000000
vn 0.000000 1.000000 0.000000
vn 0.000000 1.000000 0.000000
vn 0.000000 1.000000 0.000000
vn 0.000000 1.000000 0.000000
vn 0.000000 1.000000 0.000000
vn 0.000000 1.000000 0.000000
vn 0.000000 1.000000 0.000000
vn 0.000000 1.000000 0.000000
vn 0.000000 1.000000 0.000000
vn 0.000000 1.000000 0.000000
vn 0.000000 1.000000 0.000000
vn 0.000000 1.000000 0.000000
vn 0.000000 1.000000 0.000000
vn 0.000000 1.000000 0.000000
vn 0.000000 1.000000 0.000000
vn 0.000000 1.000000 0.000000
vn 0.000000 1.000000 0.000000
vn 0.000000 1.000000 0.000000
vn 0.000000 1.000000 0.000000
vn 0.000000 1.000000 0.000000
vn 0.000000 1.000000 0.000000
vn 0.000000 1.000000 0.000000
vn 0.000000 1.000000 0.000000
vn 0.000000 1.000000 0.000000
vn 0.000000 1.000000 0.000000
vn 0.000000 1.000000 0.000000
vn 0.000000 1.000000 0.000000
vn 0.000000 1.000000 0.000000
vn 0.000000 1.000000 0.000000
vn 0.000000 1.000000 0.000000
vn 0.000000 1.000000 0.000000
vn 0.000000 1.000000 0.000000
vn 0.000000 1.000000 0.000000
vn 0.000000 1.000000 0.000000
vn 0.000000 1.000000 0.000000
vn 0.000000 1.000000 0.000000
vn 0.000000 1.000000 0.000000
vn 0.000000 1.000000 0.000000
vn 0.000000 1.000000 0.000000
vn 0.000000 1.000000 0.000000
vn 0.000000 1.000000 0.000000
vn 0.000000 1.000000 0.000000
vn 0.000000 1.000000 0.000000
vn 0.000000 1.000000 0.000000
vn 0.000000 1.000000 0.000000
vn 0.000000 1.000000 0.000000
vn 0.000000 1.000000 0.000000
vn 0.000000 1.000000 0.000000
vn 0.000000 1.000000 0.000000
vn 0.000000 1.000000 0.000000
vn 0.000000 1.000000 0.000000
vn 0.000000 1.000000 0.000000
vn 0.000000 1.000000 0.000000
vn 0.000000 1.000000 0.000000
vn 0.000000 1.000000 0.000000
vn 0.000000 1.000000 0.000000
vn 0.000000 1.000000 0.000000
vn 0.000000 1.000000 0.000000
vn 0.000000 1.000000 0.000000
vn 0.000000 1.000000 0.000000
vn 0.000000 1.000000 0.000000
vn 0.000000 1.000000 0.000000
vn 0.000000 1.000000 0.000000
vn 0.000000 1.000000 0.000000
vn 0.000000 1.000000 0.000000
vn 0.000000 1.000000 0.000000
vn 0.000000 1.000000 0.000000
vn 0.000000 1.000000 0.000000
vn 0.000000 1.000000 0.000000
vn 0.000000 1.000000 0.000000
vn 0.000000 1.000000 0.000000
vn 0.000000 1.000000 0.000000
vn 0.000000 1.000000 0.000000
vn 0.000000 1.000000 0.000000
vn 0.000000 1.000000 0.000000
vn 0.000000 1.000000 0.000000
vn 0.000000 1.000000 0.000000
vn 0.000000 1.000000 0.000000
vn 0.000000 1.000000 0.000000
vn 0.000000 1.000000 0.000000
vn 0.000000 1.000000 0.000000
vn 0.000000 1.000000 0.000000
vn 0.000000 1.000000 0.000000
vn 0.000000 1.000000 0.000000
vn 0.000000 1.000000 0.000000
vn 0.000000 1.000000 0.000000
vn 0.000000 1.000000 0.000000
vn 0.000000 1.000000 0.000000
vn 0.000000 1.000000 0.000000
vn 0.000000 1.000000 0.000000
vn 0.000000 1.000000 0.000000
vn 0.000000 1.000000 0.000000
vn 0.000000 1.000000 0.000000
vn 0.000000 1.000000 0.000000
vn 0.000000 1.000000 0.000000
vn 0.000000 1.000000 0.000000
vn 0.000000 1.000000 0.000000
vn 0.000000 1.000000 0.000000
vn 0.000000 1.000000 0.000000
vn 0.000000 1.000000 0.000000
vn 0.000000 1.000000 0.000000
vn 0.000000 1.000000 0.000000
vn 0.000000 1.000000 0.000000
vn 0.000000 1.000000 0.000000
vn 0.000000 1.000000 0.000000
vn 0.000000 1.000000 0.000000
vn 0.000000 1.000000 0.000000
vn 0.000000 1.000000 0.000000
vn 0.000000 1.000000 0.000000
vn 0.000000 1.000000 0.000000
vn 0.000000 1.000000 0.000000
vn 0.000000 1.000000 0.000000
vn 0.000000 1.000000 0.000000
vn 0.000000 1.000000 0.000000
vn 0.000000 1.000000 0.000000
vn 0.000000 1.000000 0.000000
vn 0.000000 1.000000 0.000000
vn 0.000000 1.000000 0.000000
vn 0.000000 1.000000 0.000000
vn 0.000000 1.000000 0.000000
vn 0.000000 1.000000 0.000000
vn 0.000000 1.000000 0.000000
vn 0.000000 1.000000 0.000000
vn 0.000000 1.000000 0.000000
vn 0.000000 1.000000 0.000000
vn 0.000000 1.000000 0.000000
vn 0.000000 1.000000 0.000000
vn 0.000000 1.000000 0.000000
vn 0.000000 1.000000 0.000000
vn 0.000000 1.000000 0.000000
vn 0.000000 1.000000 0.000000
vn 0.000000 1.000000 0.000000
vn 0.000000 1.000000 0.000000
vn 0.000000 1.000000 0.000000
vn 0.000000 1.000000 0.000000
vn 0.000000 1.000000 0.000000
vn 0.000000 1.000000 0.000000
vn 0.000000 1.000000 0.000000
vn 0.000000 1.000000 0.000000
vn 0.000000 1.000000 0.000000
vn 0.000000 1.000000 0.000000
vn 0.000000 1.000000 0.000000
vn 0.000000 1.000000 0.000000
vn 0.000000 1.000000 0.000000
vn 0.000000 1.000000 0.000000
vn 0.000000 1.000000 0.000000
vn 0.000000 1.000000 0.000000
vn 0.000000 1.000000 0.000000
vn 0.000000 1.000000 0.000000
vn 0.000000 1.000000 0.000000
vn 0.000000 1.000000 0.000000
vn 0.000000 1.000000 0.000000
vn 0.000000 1.000000 0.000000
vn 0.000000 1.000000 0.000000
vn 0.000000 1.000000 0.000000
vn 0.000000 1.000000 0.000000
vn 0.000000 1.000000 0.000000
vn 0.000000 1.000000 0.000000
vn 0.000000 1.000000 0.000000
vn 0.000000 1.000000 0.000000
vn 0.000000 1.000000 0.000000
vn 0.000000 1.000000 0.000000
vn 0.000000 1.000000 0.000000
vn 0.000000 1.000000 0.000000
vn 0.000000 1.000000 0.000000
vn 0.000000 1.000000 0.000000
vn 0.000000 1.000000 0.000000
vn 0.000000 1.000000 0.000000
vn 0.000000 1.000000 0.000000
vn 0.000000 1.000000 0.000000
vn 0.000000 1.000000 0.000000
vn 0.000000 1.000000 0.000000
vn 0.000000 1.000000 0.000000
vn 0.000000 1.000000 0.000000
vn 0.000000 1.000000 0.000000
vn 0.000000 1.000000 0.000000
vn 0.000000 1.000000 0.000000
vn 0.000000 1.000000 0.000000
vn 0.000000 1.000000 0.000000
vn 0.000000 1.000000 0.000000
vn 0.000000 1.000000 0.000000
vn 0.000000 1.000000 0.000000
vn 0.000000 1.000000 0.000000
vn 0.000000 1.000000 0.000000
vn 0.000000 1.000000 0.000000
vn 0.000000 1.000000 0.000000
vn 0.000000 1.000000 0.000000
vn 0.000000 1.000000 0.000000
vn 0.000000 1.000000 0.000000
vn 0.000000 1.000000 0.000000
vn 0.000000 1.000000 0.000000
vn 0.000000 1.000000 0.000000
vn 0.000000 1.000000 0.000000
vn 0.000000 1.000000 0.000000
vn 0.000000 1.000000 0.000000
vn 0.000000 1.000000 0.000000
vn 0.000000 1.000000 0.000000
vn 0.000000 1.000000 0.000000
vn 0.000000 1.000000 0.000000
vn 0.000000 1.000000 0.000000
vn 0.000000 1.000000 0.000000
vn 0.000000 1.000000 0.000000
vn 0.000000 1.000000 0.000000
vn 0.000000 1.000000 0.000000
vn 0.000000 1.000000 0.000000
vn 0.000000 1.000000 0.000000
vn 0.000000 1.000000 0.000000
vn 0.000000 1.000000 0.000000
vn 0.000000 1.000000 0.000000
vn 0.000000 1.000000 0.000000
vn 0.000000 1.000000 0.000000
vn 0.000000 1.000000 0.000000
vn 0.000000 1.000000 0.000000
vn 0.000000 1.000000 0.000000
vn 0.000000 1.000000 0.000000
vn 0.000000 1.000000 0.000000
vn 0.000000 1.000000 0.000000
vn 0.000000 1.000000 0.000000
vn 0.000000 1.000000 0.000000
vn 0.000000 1.000000 0.000000
vn 0.000000 1.000000 0.000000
vn 0.000000 1.000000 0.000000
vn 0.000000 1.000000 0.000000
vn 0.000000 1.000000 0.000000
vn 0.000000 1.000000 0.000000
vn 0.000000 1.000000 0.000000
vn 0.000000 1.000000 0.000000
vn 0.000000 1.000000 0.000000
vn 0.000000 1.000000 0.000000
vn 0.000000 1.000000 0.000000
vn 0.000000 1.000000 0.000000
vn 0.000000 1.000000 0.000000
vn 0.000000 1.000000 0.000000
vn 0.000000 1.000000 0.000000
vn 0.000000 1.000000 0.000000
vn 0.000000 1.000000 0.000000
vn 0.000000 1.000000 0.000000
vn 0.000000 1.000000 0.000000
vn 0.000000 1.000000 0.000000
vn 0.000000 1.000000 0.000000
vn 0.000000 1.000000 0.000000
vn 0.000000 1.000000 0.000000
vn 0.000000 1.000000 0.000000
vn 0.000000 1.000000 0.000000
vn 0.000000 1.000000 0.000000
vn 0.000000 1.000000 0.000000
vn 0.000000 1.000000 0.000000
vn 0.000000 1.000000 0.000000
vn 0.000000 1.000000 0.000000
vn 0.000000 1.000000 0.000000
vn 0.000000 1.000000 0.000000
vn 0.000000 1.000000 0.000000
vn 0.000000 1.000000 0.000000
vn 0.000000 1.000000 0.000000
vn 0.000000 1.000000 0.000000
vn 0.000000 1.000000 0.000000
vn 0.000000 1.000000 0.000000
vn 0.000000 1.000000 0.000000
vn 0.000000 1.000000 0.000000
vn 0.000000 1.000000 0.000000
vn 0.000000 1.000000 0.000000
vn 0.000000 1.000000 0.000000
vn 0.000000 1.000000 0.000000
vn 0.000000 1.000000 0.000000
vn 0.000000 1.000000 0.000000
vn 0.000000 1.000000 0.000000
vn 0.000000 1.000000 0.000000
vn 0.000000 1.000000 0.000000
vn 0.000000 1.000000 0.000000
vn 0.000000 1.000000 0.000000
vn 0.000000 1.000000 0.000000
vn 0.000000 1.000000 0.000000
vn 0.000000 1.000000 0.000000
vn 0.000000 1.000000 0.000000
vn 0.000000 1.000000 0.000000
vn 0.000000 1.000000 0.000000
vn 0.000000 1.000000 0.000000
vn 0.000000 1.000000 0.000000
vn 0.000000 1.000000 0.000000
vn 0.000000 1.000000 0.000000
vn 0.000000 1.000000 0.000000
vn 0.000000 1.000000 0.000000
vn 0.000000 1.000000 0.000000
vn 0.000000 1.000000 0.000000
vn 0.000000 1.000000 0.000000
vn 0.000000 1.000000 0.000000
vn 0.000000 1.000000 0.000000
vn 0.000000 1.000000 0.000000
vn -0.171900 0.000000 -0.985100
vn -0.171900 0.000000 -0.985100
vn -0.171900 0.000000 -0.985100
vn -0.343700 0.000000 -0.939100
vn -0.343700 0.000000 -0.939100
vn -0.343700 0.000000 -0.939100
vn 0.343700 0.000000 -0.939100
vn 0.343700 0.000000 -0.939100
vn 0.343700 0.000000 -0.939100
vn 0.171900 0.000000 -0.985100
vn 0.171900 0.000000 -0.985100
vn 0.171900 0.000000 -0.985100
vn -0.767200 0.000000 0.641400
vn -0.767200 0.000000 0.641400
vn -0.767200 0.000000 0.641400
vn -0.641400 0.000000 0.767200
vn -0.641400 0.000000 0.767200
vn -0.641400 0.000000 0.767200
vn 0.767200 0.000000 -0.641400
vn 0.767200 0.000000 -0.641400
vn 0.767200 0.000000 -0.641400
vn 0.641400 0.000000 -0.767200
vn 0.641400 0.000000 -0.767200
vn 0.641400 0.000000 -0.767200
vn 0.000000 0.000000 1.000000
vn 0.000000 0.000000 1.000000
vn 0.000000 0.000000 1.000000
vn 0.000000 0.000000 1.000000
vn 0.000000 0.000000 1.000000
vn 0.000000 0.000000 1.000000
vn -0.087000 0.000000 0.996200
vn -0.087000 0.000000 0.996200
vn -0.087000 0.000000 0.996200
vn -0.087000 0.000000 0.996200
vn -0.087000 0.000000 0.996200
vn -0.087000 0.000000 0.996200
vn -0.171900 0.000000 -0.985100
vn -0.171900 0.000000 -0.985100
vn -0.171900 0.000000 -0.985100
vn -0.343700 0.000000 -0.939100
vn -0.343700 0.000000 -0.939100
vn -0.343700 0.000000 -0.939100
vn -0.767200 0.000000 0.641400
vn -0.767200 0.000000 0.641400
vn -0.767200 0.000000 0.641400
vn -0.641400 0.000000 0.767200
vn -0.641400 0.000000 0.767200
vn -0.641400 0.000000 0.767200
vn -0.343700 0.000000 0.939100
vn -0.343700 0.000000 0.939100
vn -0.343700 0.000000 0.939100
vn -0.171900 0.000000 0.985100
vn -0.171900 0.000000 0.985100
vn -0.171900 0.000000 0.985100
vn 0.171900 0.000000 0.985100
vn 0.171900 0.000000 0.985100
vn 0.171900 0.000000 0.985100
vn 0.343700 0.000000 0.939100
vn 0.343700 0.000000 0.939100
vn 0.343700 0.000000 0.939100
vn 0.641400 0.000000 0.767200
vn 0.641400 0.000000 0.767200
vn 0.641400 0.000000 0.767200
vn 0.767200 0.000000 0.641400
vn 0.767200 0.000000 0.641400
vn 0.767200 0.000000 0.641400
vn 0.939100 0.000000 0.343700
vn 0.939100 0.000000 0.343700
vn 0.939100 0.000000 0.343700
vn 0.985100 0.000000 0.171900
vn 0.985100 0.000000 0.171900
vn 0.985100 0.000000 0.171900
vn -0.985100 0.000000 0.171900
vn -0.985100 0.000000 0.171900
vn -0.985100 0.000000 0.171900
vn -0.939100 0.000000 0.343700
vn -0.939100 0.000000 0.343700
vn -0.939100 0.000000 0.343700
vn 0.985100 0.000000 -0.171900
vn 0.985100 0.000000 -0.171900
vn 0.985100 0.000000 -0.171900
vn 0.939100 0.000000 -0.343700
vn 0.939100 0.000000 -0.343700
vn 0.939100 0.000000 -0.343700
vn 0.343700 0.000000 -0.939100
vn 0.343700 0.000000 -0.939100
vn 0.343700 0.000000 -0.939100
vn 0.171900 0.000000 -0.985100
vn 0.171900 0.000000 -0.985100
vn 0.171900 0.000000 -0.985100
vn -0.641400 0.000000 -0.767200
vn -0.641400 0.000000 -0.767200
vn -0.641400 0.000000 -0.767200
vn -0.767200 0.000000 -0.641400
vn -0.767200 0.000000 -0.641400
vn -0.767200 0.000000 -0.641400
vn -0.939100 0.000000 -0.343700
vn -0.939100 0.000000 -0.343700
vn -0.939100 0.000000 -0.343700
vn -0.985100 0.000000 -0.171900
vn -0.985100 0.000000 -0.171900
vn -0.985100 0.000000 -0.171900
vn 0.767200 0.000000 -0.641400
vn 0.767200 0.000000 -0.641400
vn 0.767200 0.000000 -0.641400
vn 0.641400 0.000000 -0.767200
vn 0.641400 0.000000 -0.767200
vn 0.641400 0.000000 -0.767200
vn -0.244600 0.000000 0.969600
vn -0.244600 0.000000 0.969600
vn -0.244600 0.000000 0.969600
vn -0.209100 0.000000 0.977900
vn -0.209100 0.000000 0.977900
vn -0.209100 0.000000 0.977900
vn -0.355300 0.000000 0.934700
vn -0.355300 0.000000 0.934700
vn -0.355300 0.000000 0.934700
vn -0.429200 0.000000 0.903200
vn -0.429200 0.000000 0.903200
vn -0.429200 0.000000 0.903200
vn -0.573400 0.000000 0.819300
vn -0.573400 0.000000 0.819300
vn -0.573400 0.000000 0.819300
vn -0.643000 0.000000 0.765900
vn -0.643000 0.000000 0.765900
vn -0.643000 0.000000 0.765900
vn -0.765900 0.000000 0.643000
vn -0.765900 0.000000 0.643000
vn -0.765900 0.000000 0.643000
vn -0.819300 0.000000 0.573400
vn -0.819300 0.000000 0.573400
vn -0.819300 0.000000 0.573400
vn -0.939800 0.000000 0.341800
vn -0.939800 0.000000 0.341800
vn -0.939800 0.000000 0.341800
vn -0.906200 0.000000 0.422800
vn -0.906200 0.000000 0.422800
vn -0.906200 0.000000 0.422800
vn -0.985100 0.000000 0.171900
vn -0.985100 0.000000 0.171900
vn -0.985100 0.000000 0.171900
vn -0.939100 0.000000 0.343700
vn -0.939100 0.000000 0.343700
vn -0.939100 0.000000 0.343700
vn 0.171900 0.000000 0.985100
vn 0.171900 0.000000 0.985100
vn 0.171900 0.000000 0.985100
vn 0.343700 0.000000 0.939100
vn 0.343700 0.000000 0.939100
vn 0.343700 0.000000 0.939100
vn 0.641400 0.000000 0.767200
vn 0.641400 0.000000 0.767200
vn 0.641400 0.000000 0.767200
vn 0.767200 0.000000 0.641400
vn 0.767200 0.000000 0.641400
vn 0.767200 0.000000 0.641400
vn 0.939100 0.000000 0.343700
vn 0.939100 0.000000 0.343700
vn 0.939100 0.000000 0.343700
vn 0.985100 0.000000 0.171900
vn 0.985100 0.000000 0.171900
vn 0.985100 0.000000 0.171900
vn 0.985100 0.000000 -0.171900
vn 0.985100 0.000000 -0.171900
vn 0.985100 0.000000 -0.171900
vn 0.939100 0.000000 -0.343700
vn 0.939100 0.000000 -0.343700
vn 0.939100 0.000000 -0.343700
vn -0.343700 0.000000 0.939100
vn -0.343700 0.000000 0.939100
vn -0.343700 0.000000 0.939100
vn -0.171900 0.000000 0.985100
vn -0.171900 0.000000 0.985100
vn -0.171900 0.000000 0.985100
vn 0.343700 0.000000 -0.939100
vn 0.343700 0.000000 -0.939100
vn 0.343700 0.000000 -0.939100
vn 0.171900 0.000000 -0.985100
vn 0.171900 0.000000 -0.985100
vn 0.171900 0.000000 -0.985100
vn -0.171900 0.000000 -0.985100
vn -0.171900 0.000000 -0.985100
vn -0.171900 0.000000 -0.985100
vn -0.343700 0.000000 -0.939100
vn -0.343700 0.000000 -0.939100
vn -0.343700 0.000000 -0.939100
vn -0.641400 0.000000 -0.767200
vn -0.641400 0.000000 -0.767200
vn -0.641400 0.000000 -0.767200
vn -0.767200 0.000000 -0.641400
vn -0.767200 0.000000 -0.641400
vn -0.767200 0.000000 -0.641400
vn -0.939100 0.000000 -0.343700
vn -0.939100 0.000000 -0.343700
vn -0.939100 0.000000 -0.343700
vn -0.985100 0.000000 -0.171900
vn -0.985100 0.000000 -0.171900
vn -0.985100 0.000000 -0.171900
vn 0.171900 0.000000 0.985100
vn 0.171900 0.000000 0.985100
vn 0.171900 0.000000 0.985100
vn 0.343700 0.000000 0.939100
vn 0.343700 0.000000 0.939100
vn 0.343700 0.000000 0.939100
vn 0.171900 0.000000 0.985100
vn 0.171900 0.000000 0.985100
vn 0.171900 0.000000 0.985100
vn 0.343700 0.000000 0.939100
vn 0.343700 0.000000 0.939100
vn 0.343700 0.000000 0.939100
vn 0.492700 0.000000 -0.870200
vn 0.492700 0.000000 -0.870200
vn 0.492700 0.000000 -0.870200
vn 0.492700 0.000000 -0.870200
vn 0.492700 0.000000 -0.870200
vn 0.492700 0.000000 -0.870200
vn -0.996200 0.000000 0.086900
vn -0.996200 0.000000 0.086900
vn -0.996200 0.000000 0.086900
vn -0.984800 0.000000 0.173900
vn -0.984800 0.000000 0.173900
vn -0.984800 0.000000 0.173900
vn 0.000000 -1.000000 0.000000
vn 0.000000 -1.000000 0.000000
vn 0.000000 -1.000000 0.000000
vn 0.000000 -1.000000 0.000000
vn 0.000000 -1.000000 0.000000
vn 0.000000 -1.000000 0.000000
vn 0.000000 -1.000000 0.000000
vn 0.000000 -1.000000 0.000000
vn 0.000000 -1.000000 0.000000
vn 0.000000 -1.000000 0.000000
vn 0.000000 -1.000000 0.000000
vn 0.000000 -1.000000 0.000000
vn 0.000000 -1.000000 0.000000
vn 0.000000 -1.000000 0.000000
vn 0.000000 -1.000000 0.000000
vn 0.000000 -1.000000 0.000000
vn 0.000000 -1.000000 0.000000
vn 0.000000 -1.000000 0.000000
vn 0.000000 -1.000000 0.000000
vn 0.000000 -1.000000 0.000000
vn 0.000000 -1.000000 0.000000
vn 0.000000 -1.000000 0.000000
vn 0.000000 -1.000000 0.000000
vn 0.000000 -1.000000 0.000000
vn 0.000000 -1.000000 0.000000
vn 0.000000 -1.000000 0.000000
vn 0.000000 -1.000000 0.000000
vn 0.000000 -1.000000 0.000000
vn 0.000000 -1.000000 0.000000
vn 0.000000 -1.000000 0.000000
vn 0.171900 0.000000 0.985100
vn 0.171900 0.000000 0.985100
vn 0.171900 0.000000 0.985100
vn 0.343700 0.000000 0.939100
vn 0.343700 0.000000 0.939100
vn 0.343700 0.000000 0.939100
vn 0.239300 -0.717900 0.653800
vn 0.239300 -0.717900 0.653800
vn 0.239300 -0.717900 0.653800
vn 0.119600 -0.717900 0.685800
vn 0.119600 -0.717900 0.685800
vn 0.119600 -0.717900 0.685800
vn 0.641400 0.000000 0.767200
vn 0.641400 0.000000 0.767200
vn 0.641400 0.000000 0.767200
vn 0.767200 0.000000 0.641400
vn 0.767200 0.000000 0.641400
vn 0.767200 0.000000 0.641400
vn 0.534100 -0.717900 0.446500
vn 0.534100 -0.717900 0.446500
vn 0.534100 -0.717900 0.446500
vn 0.446500 -0.717900 0.534100
vn 0.446500 -0.717900 0.534100
vn 0.446500 -0.717900 0.534100
vn 0.939100 0.000000 0.343700
vn 0.939100 0.000000 0.343700
vn 0.939100 0.000000 0.343700
vn 0.985100 0.000000 0.171900
vn 0.985100 0.000000 0.171900
vn 0.985100 0.000000 0.171900
vn 0.653800 -0.717900 0.239300
vn 0.653800 -0.717900 0.239300
vn 0.653800 -0.717900 0.239300
vn 0.685800 -0.717900 0.119600
vn 0.685800 -0.717900 0.119600
vn 0.685800 -0.717900 0.119600
vn 0.985100 0.000000 -0.171900
vn 0.985100 0.000000 -0.171900
vn 0.985100 0.000000 -0.171900
vn 0.939100 0.000000 -0.343700
vn 0.939100 0.000000 -0.343700
vn 0.939100 0.000000 -0.343700
vn 0.685800 -0.717900 -0.119600
vn 0.685800 -0.717900 -0.119600
vn 0.685800 -0.717900 -0.119600
vn 0.653800 -0.717900 -0.239300
vn 0.653800 -0.717900 -0.239300
vn 0.653800 -0.717900 -0.239300
vn 0.767200 0.000000 -0.641400
vn 0.767200 0.000000 -0.641400
vn 0.767200 0.000000 -0.641400
vn 0.641400 0.000000 -0.767200
vn 0.641400 0.000000 -0.767200
vn 0.641400 0.000000 -0.767200
vn 0.534100 -0.717900 -0.446500
vn 0.534100 -0.717900 -0.446500
vn 0.534100 -0.717900 -0.446500
vn 0.446500 -0.717900 -0.534100
vn 0.446500 -0.717900 -0.534100
vn 0.446500 -0.717900 -0.534100
vn 0.343700 0.000000 -0.939100
vn 0.343700 0.000000 -0.939100
vn 0.343700 0.000000 -0.939100
vn 0.171900 0.000000 -0.985100
vn 0.171900 0.000000 -0.985100
vn 0.171900 0.000000 -0.985100
vn 0.239300 -0.717900 -0.653800
vn 0.239300 -0.717900 -0.653800
vn 0.239300 -0.717900 -0.653800
vn 0.119600 -0.717900 -0.685800
vn 0.119600 -0.717900 -0.685800
vn 0.119600 -0.717900 -0.685800
vn -0.171900 0.000000 -0.985100
vn -0.171900 0.000000 -0.985100
vn -0.171900 0.000000 -0.985100
vn -0.343700 0.000000 -0.939100
vn -0.343700 0.000000 -0.939100
vn -0.343700 0.000000 -0.939100
vn -0.119600 -0.717900 -0.685800
vn -0.119600 -0.717900 -0.685800
vn -0.119600 -0.717900 -0.685800
vn -0.239300 -0.717900 -0.653800
vn -0.239300 -0.717900 -0.653800
vn -0.239300 -0.717900 -0.653800
vn -0.641400 0.000000 -0.767200
vn -0.641400 0.000000 -0.767200
vn -0.641400 0.000000 -0.767200
vn -0.767200 0.000000 -0.641400
vn -0.767200 0.000000 -0.641400
vn -0.767200 0.000000 -0.641400
vn -0.446500 -0.717900 -0.534100
vn -0.446500 -0.717900 -0.534100
vn -0.446500 -0.717900 -0.534100
vn -0.534100 -0.717900 -0.446500
vn -0.534100 -0.717900 -0.446500
vn -0.534100 -0.717900 -0.446500
vn -0.939100 0.000000 -0.343700
vn -0.939100 0.000000 -0.343700
vn -0.939100 0.000000 -0.343700
vn -0.985100 0.000000 -0.171900
vn -0.985100 0.000000 -0.171900
vn -0.985100 0.000000 -0.171900
vn -0.685800 -0.717900 -0.119600
vn -0.685800 -0.717900 -0.119600
vn -0.685800 -0.717900 -0.119600
vn -0.653800 -0.717900 -0.239300
vn -0.653800 -0.717900 -0.239300
vn -0.653800 -0.717900 -0.239300
vn -0.985100 0.000000 0.171900
vn -0.985100 0.000000 0.171900
vn -0.985100 0.000000 0.171900
vn -0.939100 0.000000 0.343700
vn -0.939100 0.000000 0.343700
vn -0.939100 0.000000 0.343700
vn -0.653800 -0.717900 0.239300
vn -0.653800 -0.717900 0.239300
vn -0.653800 -0.717900 0.239300
vn -0.685800 -0.717900 0.119600
vn -0.685800 -0.717900 0.119600
vn -0.685800 -0.717900 0.119600
vn -0.767200 0.000000 0.641400
vn -0.767200 0.000000 0.641400
vn -0.767200 0.000000 0.641400
vn -0.641400 0.000000 0.767200
vn -0.641400 0.000000 0.767200
vn -0.641400 0.000000 0.767200
vn -0.446500 -0.717900 0.534100
vn -0.446500 -0.717900 0.534100
vn -0.446500 -0.717900 0.534100
vn -0.534100 -0.717900 0.446500
vn -0.534100 -0.717900 0.446500
vn -0.534100 -0.717900 0.446500
vn -0.343700 0.000000 0.939100
vn -0.343700 0.000000 0.939100
vn -0.343700 0.000000 0.939100
vn -0.171900 0.000000 0.985100
vn -0.171900 0.000000 0.985100
vn -0.171900 0.000000 0.985100
vn -0.119600 -0.717900 0.685800
vn -0.119600 -0.717900 0.685800
vn -0.119600 -0.717900 0.685800
vn -0.239300 -0.717900 0.653800
vn -0.239300 -0.717900 0.653800
vn -0.239300 -0.717900 0.653800
vn 0.000000 1.000000 0.000000
vn 0.000000 1.000000 0.000000
vn 0.000000 1.000000 0.000000
vn 0.000000 1.000000 0.000000
vn 0.000000 1.000000 0.000000
vn 0.000000 1.000000 0.000000
vn 0.000000 1.000000 0.000000
vn 0.000000 1.000000 0.000000
vn 0.000000 1.000000 0.000000
vn 0.000000 1.000000 0.000000
vn 0.000000 1.000000 0.000000
vn 0.000000 1.000000 0.000000
vn 0.000000 1.000000 0.000000
vn 0.000000 1.000000 0.000000
vn 0.000000 1.000000 0.000000
vn 0.000000 1.000000 0.000000
vn 0.000000 1.000000 0.000000
vn 0.000000 1.000000 0.000000
vn 0.000000 1.000000 0.000000
vn 0.000000 1.000000 0.000000
vn 0.000000 1.000000 0.000000
vn 0.000000 1.000000 0.000000
vn 0.000000 1.000000 0.000000
vn 0.000000 1.000000 0.000000
vn 0.000000 1.000000 0.000000
vn 0.000000 1.000000 0.000000
vn 0.000000 1.000000 0.000000
vn 0.000000 1.000000 0.000000
vn 0.000000 1.000000 0.000000
vn 0.000000 1.000000 0.000000
vn 0.171900 0.000000 -0.985100
vn 0.171900 0.000000 -0.985100
vn 0.171900 0.000000 -0.985100
vn 0.343700 0.000000 -0.939100
vn 0.343700 0.000000 -0.939100
vn 0.343700 0.000000 -0.939100
vn 0.239300 0.717900 -0.653800
vn 0.239300 0.717900 -0.653800
vn 0.239300 0.717900 -0.653800
vn 0.119600 0.717900 -0.685800
vn 0.119600 0.717900 -0.685800
vn 0.119600 0.717900 -0.685800
vn 0.641400 0.000000 -0.767200
vn 0.641400 0.000000 -0.767200
vn 0.641400 0.000000 -0.767200
vn 0.767200 0.000000 -0.641400
vn 0.767200 0.000000 -0.641400
vn 0.767200 0.000000 -0.641400
vn 0.534100 0.717900 -0.446500
vn 0.534100 0.717900 -0.446500
vn 0.534100 0.717900 -0.446500
vn 0.446500 0.717900 -0.534100
vn 0.446500 0.717900 -0.534100
vn 0.446500 0.717900 -0.534100
vn 0.939100 0.000000 -0.343700
vn 0.939100 0.000000 -0.343700
vn 0.939100 0.000000 -0.343700
vn 0.985100 0.000000 -0.171900
vn 0.985100 0.000000 -0.171900
vn 0.985100 0.000000 -0.171900
vn 0.685800 0.717900 -0.119600
vn 0.685800 0.717900 -0.119600
vn 0.685800 0.717900 -0.119600
vn 0.653800 0.717900 -0.239300
vn 0.653800 0.717900 -0.239300
vn 0.653800 0.717900 -0.239300
vn 0.985100 0.000000 0.171900
vn 0.985100 0.000000 0.171900
vn 0.985100 0.000000 0.171900
vn 0.939100 0.000000 0.343700
vn 0.939100 0.000000 0.343700
vn 0.939100 0.000000 0.343700
vn 0.653800 0.717900 0.239300
vn 0.653800 0.717900 0.239300
vn 0.653800 0.717900 0.239300
vn 0.685800 0.717900 0.119600
vn 0.685800 0.717900 0.119600
vn 0.685800 0.717900 0.119600
vn 0.767200 0.000000 0.641400
vn 0.767200 0.000000 0.641400
vn 0.767200 0.000000 0.641400
vn 0.641400 0.000000 0.767200
vn 0.641400 0.000000 0.767200
vn 0.641400 0.000000 0.767200
vn 0.534100 0.717900 0.446500
vn 0.534100 0.717900 0.446500
vn 0.534100 0.717900 0.446500
vn 0.446500 0.717900 0.534100
vn 0.446500 0.717900 0.534100
vn 0.446500 0.717900 0.534100
vn 0.343700 0.000000 0.939100
vn 0.343700 0.000000 0.939100
vn 0.343700 0.000000 0.939100
vn 0.171900 0.000000 0.985100
vn 0.171900 0.000000 0.985100
vn 0.171900 0.000000 0.985100
vn 0.239300 0.717900 0.653800
vn 0.239300 0.717900 0.653800
vn 0.239300 0.717900 0.653800
vn 0.119600 0.717900 0.685800
vn 0.119600 0.717900 0.685800
vn 0.119600 0.717900 0.685800
vn -0.171900 0.000000 0.985100
vn -0.171900 0.000000 0.985100
vn -0.171900 0.000000 0.985100
vn -0.343700 0.000000 0.939100
vn -0.343700 0.000000 0.939100
vn -0.343700 0.000000 0.939100
vn -0.119600 0.717900 0.685800
vn -0.119600 0.717900 0.685800
vn -0.119600 0.717900 0.685800
vn -0.239300 0.717900 0.653800
vn -0.239300 0.717900 0.653800
vn -0.239300 0.717900 0.653800
vn -0.641400 0.000000 0.767200
vn -0.641400 0.000000 0.767200
vn -0.641400 0.000000 0.767200
vn -0.767200 0.000000 0.641400
vn -0.767200 0.000000 0.641400
vn -0.767200 0.000000 0.641400
vn -0.446500 0.717900 0.534100
vn -0.446500 0.717900 0.534100
vn -0.446500 0.717900 0.534100
vn -0.534100 0.717900 0.446500
vn -0.534100 0.717900 0.446500
vn -0.534100 0.717900 0.446500
vn -0.939100 0.000000 0.343700
vn -0.939100 0.000000 0.343700
vn -0.939100 0.000000 0.343700
vn -0.985100 0.000000 0.171900
vn -0.985100 0.000000 0.171900
vn -0.985100 0.000000 0.171900
vn -0.653800 0.717900 0.239300
vn -0.653800 0.717900 0.239300
vn -0.653800 0.717900 0.239300
vn -0.685800 0.717900 0.119600
vn -0.685800 0.717900 0.119600
vn -0.685800 0.717900 0.119600
vn -0.985100 0.000000 -0.171900
vn -0.985100 0.000000 -0.171900
vn -0.985100 0.000000 -0.171900
vn -0.939100 0.000000 -0.343700
vn -0.939100 0.000000 -0.343700
vn -0.939100 0.000000 -0.343700
vn -0.685800 0.717900 -0.119600
vn -0.685800 0.717900 -0.119600
vn -0.685800 0.717900 -0.119600
vn -0.653800 0.717900 -0.239300
vn -0.653800 0.717900 -0.239300
vn -0.653800 0.717900 -0.239300
vn -0.767200 0.000000 -0.641400
vn -0.767200 0.000000 -0.641400
vn -0.767200 0.000000 -0.641400
vn -0.641400 0.000000 -0.767200
vn -0.641400 0.000000 -0.767200
vn -0.641400 0.000000 -0.767200
vn -0.446500 0.717900 -0.534100
vn -0.446500 0.717900 -0.534100
vn -0.446500 0.717900 -0.534100
vn -0.534100 0.717900 -0.446500
vn -0.534100 0.717900 -0.446500
vn -0.534100 0.717900 -0.446500
vn -0.343700 0.000000 -0.939100
vn -0.343700 0.000000 -0.939100
vn -0.343700 0.000000 -0.939100
vn -0.171900 0.000000 -0.985100
vn -0.171900 0.000000 -0.985100
vn -0.171900 0.000000 -0.985100
vn -0.119600 0.717900 -0.685800
vn -0.119600 0.717900 -0.685800
vn -0.119600 0.717900 -0.685800
vn -0.239300 0.717900 -0.653800
vn -0.239300 0.717900 -0.653800
vn -0.239300 0.717900 -0.653800
vn 0.298200 0.000000 -0.954500
vn 0.298200 0.000000 -0.954500
vn 0.298200 0.000000 -0.954500
vn 0.339000 0.000000 -0.940800
vn 0.339000 0.000000 -0.940800
vn 0.339000 0.000000 -0.940800
vn -0.343700 0.000000 0.939100
vn -0.343700 0.000000 0.939100
vn -0.343700 0.000000 0.939100
vn -0.171900 0.000000 0.985100
vn -0.171900 0.000000 0.985100
vn -0.171900 0.000000 0.985100
vn -0.767200 0.000000 0.641400
vn -0.767200 0.000000 0.641400
vn -0.767200 0.000000 0.641400
vn -0.641400 0.000000 0.767200
vn -0.641400 0.000000 0.767200
vn -0.641400 0.000000 0.767200
vn 0.641400 0.000000 0.767200
vn 0.641400 0.000000 0.767200
vn 0.641400 0.000000 0.767200
vn 0.767200 0.000000 0.641400
vn 0.767200 0.000000 0.641400
vn 0.767200 0.000000 0.641400
vn 0.939100 0.000000 0.343700
vn 0.939100 0.000000 0.343700
vn 0.939100 0.000000 0.343700
vn 0.985100 0.000000 0.171900
vn 0.985100 0.000000 0.171900
vn 0.985100 0.000000 0.171900
vn 0.985100 0.000000 -0.171900
vn 0.985100 0.000000 -0.171900
vn 0.985100 0.000000 -0.171900
vn 0.939100 0.000000 -0.343700
vn 0.939100 0.000000 -0.343700
vn 0.939100 0.000000 -0.343700
vn -0.985100 0.000000 0.171900
vn -0.985100 0.000000 0.171900
vn -0.985100 0.000000 0.171900
vn -0.939100 0.000000 0.343700
vn -0.939100 0.000000 0.343700
vn -0.939100 0.000000 0.343700
vn 0.767200 0.000000 -0.641400
vn 0.767200 0.000000 -0.641400
vn 0.767200 0.000000 -0.641400
vn 0.641400 0.000000 -0.767200
vn 0.641400 0.000000 -0.767200
vn 0.641400 0.000000 -0.767200
vn -0.171900 0.000000 -0.985100
vn -0.171900 0.000000 -0.985100
vn -0.171900 0.000000 -0.985100
vn -0.343700 0.000000 -0.939100
vn -0.343700 0.000000 -0.939100
vn -0.343700 0.000000 -0.939100
vn -0.641400 0.000000 -0.767200
vn -0.641400 0.000000 -0.767200
vn -0.641400 0.000000 -0.767200
vn -0.767200 0.000000 -0.641400
vn -0.767200 0.000000 -0.641400
vn -0.767200 0.000000 -0.641400
vn -0.985100 0.000000 -0.171900
vn -0.985100 0.000000 -0.171900
vn -0.985100 0.000000 -0.171900
vn -0.939100 0.000000 -0.343700
vn -0.939100 0.000000 -0.343700
vn -0.939100 0.000000 -0.343700
vn -0.641400 0.000000 -0.767200
vn -0.641400 0.000000 -0.767200
vn -0.641400 0.000000 -0.767200
vn -0.767200 0.000000 -0.641400
vn -0.767200 0.000000 -0.641400
vn -0.767200 0.000000 -0.641400
vn 0.000000 0.000000 -1.000000
vn 0.000000 0.000000 -1.000000
vn 0.000000 0.000000 -1.000000
vn 0.000000 0.000000 -1.000000
vn 0.000000 0.000000 -1.000000
vn 0.000000 0.000000 -1.000000
vn 1.000000 0.000000 0.000000
vn 1.000000 0.000000 0.000000
vn 1.000000 0.000000 0.000000
vn 1.000000 0.000000 0.000000
vn 1.000000 0.000000 0.000000
vn 1.000000 0.000000 0.000000
vn 1.000000 0.000000 0.000000
vn 1.000000 0.000000 0.000000
vn 1.000000 0.000000 0.000000
vn 1.000000 0.000000 0.000000
vn 1.000000 0.000000 0.000000
vn 1.000000 0.000000 0.000000
vn 1.000000 0.000000 0.000000
vn 1.000000 0.000000 0.000000
vn 1.000000 0.000000 0.000000
vn 1.000000 0.000000 0.000000
vn 1.000000 0.000000 0.000000
vn 1.000000 0.000000 0.000000
vn 1.000000 0.000000 0.000000
vn 1.000000 0.000000 0.000000
vn 1.000000 0.000000 0.000000
vn 1.000000 0.000000 0.000000
vn 1.000000 0.000000 0.000000
vn 1.000000 0.000000 0.000000
vn 1.000000 0.000000 0.000000
vn 1.000000 0.000000 0.000000
vn 1.000000 0.000000 0.000000
vn 1.000000 0.000000 0.000000
vn 1.000000 0.000000 0.000000
vn 1.000000 0.000000 0.000000
vn 1.000000 0.000000 0.000000
vn 1.000000 0.000000 0.000000
vn 1.000000 0.000000 0.000000
vn 1.000000 0.000000 0.000000
vn 1.000000 0.000000 0.000000
vn 1.000000 0.000000 0.000000
vn 1.000000 0.000000 0.000000
vn 1.000000 0.000000 0.000000
vn 1.000000 0.000000 0.000000
vn 1.000000 0.000000 0.000000
vn 1.000000 0.000000 0.000000
vn 1.000000 0.000000 0.000000
vn 1.000000 0.000000 0.000000
vn 1.000000 0.000000 0.000000
vn 1.000000 0.000000 0.000000
vn 1.000000 0.000000 0.000000
vn 1.000000 0.000000 0.000000
vn 1.000000 0.000000 0.000000
vn 1.000000 0.000000 0.000000
vn 1.000000 0.000000 0.000000
vn 1.000000 0.000000 0.000000
vn 1.000000 0.000000 0.000000
vn 1.000000 0.000000 0.000000
vn 1.000000 0.000000 0.000000
vn 1.000000 0.000000 0.000000
vn 1.000000 0.000000 0.000000
vn 1.000000 0.000000 0.000000
vn 1.000000 0.000000 0.000000
vn 1.000000 0.000000 0.000000
vn 1.000000 0.000000 0.000000
vn 1.000000 0.000000 0.000000
vn 1.000000 0.000000 0.000000
vn 1.000000 0.000000 0.000000
vn 1.000000 0.000000 0.000000
vn 1.000000 0.000000 0.000000
vn 1.000000 0.000000 0.000000
vn 0.000000 1.000000 0.000000
vn 0.000000 1.000000 0.000000
vn 0.000000 1.000000 0.000000
vn 0.000000 1.000000 0.000000
vn 0.000000 1.000000 0.000000
vn 0.000000 1.000000 0.000000
vn 0.000000 1.000000 0.000000
vn 0.000000 1.000000 0.000000
vn 0.000000 1.000000 0.000000
vn 0.000000 1.000000 0.000000
vn 0.000000 1.000000 0.000000
vn 0.000000 1.000000 0.000000
vn 0.000000 1.000000 0.000000
vn 0.000000 1.000000 0.000000
vn 0.000000 1.000000 0.000000
vn 0.000000 1.000000 0.000000
vn 0.000000 1.000000 0.000000
vn 0.000000 1.000000 0.000000
vn 0.000000 1.000000 0.000000
vn 0.000000 1.000000 0.000000
vn 0.000000 1.000000 0.000000
vn 0.000000 1.000000 0.000000
vn 0.000000 1.000000 0.000000
vn 0.000000 1.000000 0.000000
vn 0.000000 1.000000 0.000000
vn 0.000000 1.000000 0.000000
vn 0.000000 1.000000 0.000000
vn 0.000000 1.000000 0.000000
vn 0.000000 1.000000 0.000000
vn 0.000000 1.000000 0.000000
vn 0.000000 1.000000 0.000000
vn 0.000000 1.000000 0.000000
vn 0.000000 1.000000 0.000000
vn 0.000000 1.000000 0.000000
vn 0.000000 1.000000 0.000000
vn 0.000000 1.000000 0.000000
vn 0.000000 1.000000 0.000000
vn 0.000000 1.000000 0.000000
vn 0.000000 1.000000 0.000000
vn 0.000000 1.000000 0.000000
vn 0.000000 1.000000 0.000000
vn 0.000000 1.000000 0.000000
vn 0.000000 1.000000 0.000000
vn 0.000000 1.000000 0.000000
vn 0.000000 1.000000 0.000000
vn 0.000000 1.000000 0.000000
vn 0.000000 1.000000 0.000000
vn 0.000000 1.000000 0.000000
vn 0.000000 1.000000 0.000000
vn 0.000000 1.000000 0.000000
vn 0.000000 1.000000 0.000000
vn 0.000000 1.000000 0.000000
vn 0.000000 1.000000 0.000000
vn 0.000000 1.000000 0.000000
vn 0.000000 1.000000 0.000000
vn 0.000000 1.000000 0.000000
vn 0.000000 1.000000 0.000000
vn 0.000000 1.000000 0.000000
vn 0.000000 1.000000 0.000000
vn 0.000000 1.000000 0.000000
vn 0.000000 -1.000000 0.000000
vn 0.000000 -1.000000 0.000000
vn 0.000000 -1.000000 0.000000
vn 0.000000 -1.000000 0.000000
vn 0.000000 -1.000000 0.000000
vn 0.000000 -1.000000 0.000000
vn 0.000000 -1.000000 0.000000
vn 0.000000 -1.000000 0.000000
vn 0.000000 -1.000000 0.000000
vn 0.000000 -1.000000 0.000000
vn 0.000000 -1.000000 0.000000
vn 0.000000 -1.000000 0.000000
vn 0.000000 -1.000000 0.000000
vn 0.000000 -1.000000 0.000000
vn 0.000000 -1.000000 0.000000
vn 0.000000 -1.000000 0.000000
vn 0.000000 -1.000000 0.000000
vn 0.000000 -1.000000 0.000000
vn 0.000000 -1.000000 0.000000
vn 0.000000 -1.000000 0.000000
vn 0.000000 -1.000000 0.000000
vn 0.000000 -1.000000 0.000000
vn 0.000000 -1.000000 0.000000
vn 0.000000 -1.000000 0.000000
vn 0.000000 -1.000000 0.000000
vn 0.000000 -1.000000 0.000000
vn 0.000000 -1.000000 0.000000
vn 0.000000 -1.000000 0.000000
vn 0.000000 -1.000000 0.000000
vn 0.000000 -1.000000 0.000000
vn 0.000000 -1.000000 0.000000
vn 0.000000 -1.000000 0.000000
vn 0.000000 -1.000000 0.000000
vn 0.000000 -1.000000 0.000000
vn 0.000000 -1.000000 0.000000
vn 0.000000 -1.000000 0.000000
vn 0.000000 -1.000000 0.000000
vn 0.000000 -1.000000 0.000000
vn 0.000000 -1.000000 0.000000
vn 0.000000 -1.000000 0.000000
vn 0.000000 -1.000000 0.000000
vn 0.000000 -1.000000 0.000000
vn 0.000000 -1.000000 0.000000
vn 0.000000 -1.000000 0.000000
vn 0.000000 -1.000000 0.000000
vn 0.000000 -1.000000 0.000000
vn 0.000000 -1.000000 0.000000
vn 0.000000 -1.000000 0.000000
vn 0.000000 -1.000000 0.000000
vn 0.000000 -1.000000 0.000000
vn 0.000000 -1.000000 0.000000
vn 0.000000 -1.000000 0.000000
vn 0.000000 -1.000000 0.000000
vn 0.000000 -1.000000 0.000000
vn 0.000000 -1.000000 0.000000
vn 0.000000 -1.000000 0.000000
vn 0.000000 -1.000000 0.000000
vn 0.000000 -1.000000 0.000000
vn 0.000000 -1.000000 0.000000
vn 0.000000 -1.000000 0.000000
vn 0.000000 -1.000000 0.000000
vn 0.000000 -1.000000 0.000000
vn 0.000000 -1.000000 0.000000
vn 0.000000 -1.000000 0.000000
vn 0.000000 -1.000000 0.000000
vn 0.000000 -1.000000 0.000000
vn 0.000000 -1.000000 0.000000
vn 0.000000 -1.000000 0.000000
vn 0.000000 -1.000000 0.000000
vn 0.000000 -1.000000 0.000000
vn 0.000000 -1.000000 0.000000
vn 0.000000 -1.000000 0.000000
vn 0.000000 -1.000000 0.000000
vn 0.000000 -1.000000 0.000000
vn 0.000000 -1.000000 0.000000
vn 0.000000 -1.000000 0.000000
vn 0.000000 -1.000000 0.000000
vn 0.000000 -1.000000 0.000000
vn 0.000000 -1.000000 0.000000
vn 0.000000 -1.000000 0.000000
vn 0.000000 -1.000000 0.000000
vn 0.000000 -1.000000 0.000000
vn 0.000000 -1.000000 0.000000
vn 0.000000 -1.000000 0.000000
vn 0.000000 -1.000000 0.000000
vn 0.000000 -1.000000 0.000000
vn 0.000000 -1.000000 0.000000
vn 0.000000 -1.000000 0.000000
vn 0.000000 -1.000000 0.000000
vn 0.000000 -1.000000 0.000000
vn 0.000000 -1.000000 0.000000
vn 0.000000 -1.000000 0.000000
vn 0.000000 -1.000000 0.000000
vn 0.000000 -1.000000 0.000000
vn 0.000000 -1.000000 0.000000
vn 0.000000 -1.000000 0.000000
vn 0.000000 -1.000000 0.000000
vn 0.000000 -1.000000 0.000000
vn 0.000000 -1.000000 0.000000
vn 0.000000 -1.000000 0.000000
vn 0.000000 -1.000000 0.000000
vn 0.000000 -1.000000 0.000000
vn 0.000000 -1.000000 0.000000
vn 0.000000 -1.000000 0.000000
vn 0.000000 -1.000000 0.000000
vn 0.000000 -1.000000 0.000000
vn 0.000000 -1.000000 0.000000
vn 0.000000 -1.000000 0.000000
vn 0.000000 -1.000000 0.000000
vn 0.000000 -1.000000 0.000000
vn 0.000000 -1.000000 0.000000
vn 0.000000 -1.000000 0.000000
vn 0.000000 -1.000000 0.000000
vn 0.000000 -1.000000 0.000000
vn 0.000000 -1.000000 0.000000
vn 0.000000 -1.000000 0.000000
vn 0.000000 -1.000000 0.000000
vn 0.000000 -1.000000 0.000000
vn 0.000000 -1.000000 0.000000
vn 0.000000 -1.000000 0.000000
vn 0.901000 0.000000 0.433900
vn 0.901000 0.000000 0.433900
vn 0.901000 0.000000 0.433900
vn 0.963600 0.000000 0.267300
vn 0.963600 0.000000 0.267300
vn 0.963600 0.000000 0.267300
vn 0.627200 -0.717900 0.302000
vn 0.627200 -0.717900 0.302000
vn 0.627200 -0.717900 0.302000
vn 0.670800 -0.717900 0.186100
vn 0.670800 -0.717900 0.186100
vn 0.670800 -0.717900 0.186100
vn 0.997200 0.000000 -0.074800
vn 0.997200 0.000000 -0.074800
vn 0.997200 0.000000 -0.074800
vn 0.968200 0.000000 -0.250300
vn 0.968200 0.000000 -0.250300
vn 0.968200 0.000000 -0.250300
vn 0.694200 -0.717900 -0.052000
vn 0.694200 -0.717900 -0.052000
vn 0.694200 -0.717900 -0.052000
vn 0.674000 -0.717900 -0.174200
vn 0.674000 -0.717900 -0.174200
vn 0.674000 -0.717900 -0.174200
vn 0.826200 0.000000 -0.563300
vn 0.826200 0.000000 -0.563300
vn 0.826200 0.000000 -0.563300
vn 0.713300 0.000000 -0.700800
vn 0.713300 0.000000 -0.700800
vn 0.713300 0.000000 -0.700800
vn 0.575200 -0.717900 -0.392200
vn 0.575200 -0.717900 -0.392200
vn 0.575200 -0.717900 -0.392200
vn 0.512500 -0.715900 -0.474100
vn 0.512500 -0.715900 -0.474100
vn 0.512500 -0.715900 -0.474100
vn 0.433900 0.000000 -0.901000
vn 0.433900 0.000000 -0.901000
vn 0.433900 0.000000 -0.901000
vn 0.267300 0.000000 -0.963600
vn 0.267300 0.000000 -0.963600
vn 0.267300 0.000000 -0.963600
vn 0.320200 -0.719600 -0.616200
vn 0.320200 -0.719600 -0.616200
vn 0.320200 -0.719600 -0.616200
vn 0.204500 -0.721400 -0.661600
vn 0.204500 -0.721400 -0.661600
vn 0.204500 -0.721400 -0.661600
vn 0.320200 -0.719600 -0.616200
vn 0.320200 -0.719600 -0.616200
vn 0.320200 -0.719600 -0.616200
vn -0.074800 0.000000 -0.997200
vn -0.074800 0.000000 -0.997200
vn -0.074800 0.000000 -0.997200
vn -0.250300 0.000000 -0.968200
vn -0.250300 0.000000 -0.968200
vn -0.250300 0.000000 -0.968200
vn -0.052000 -0.717900 -0.694200
vn -0.052000 -0.717900 -0.694200
vn -0.052000 -0.717900 -0.694200
vn -0.174200 -0.717900 -0.674000
vn -0.174200 -0.717900 -0.674000
vn -0.174200 -0.717900 -0.674000
vn -0.563300 0.000000 -0.826200
vn -0.563300 0.000000 -0.826200
vn -0.563300 0.000000 -0.826200
vn -0.700800 0.000000 -0.713300
vn -0.700800 0.000000 -0.713300
vn -0.700800 0.000000 -0.713300
vn -0.446300 -0.711000 -0.543500
vn -0.446300 -0.711000 -0.543500
vn -0.446300 -0.711000 -0.543500
vn -0.348800 -0.705700 -0.616700
vn -0.348800 -0.705700 -0.616700
vn -0.348800 -0.705700 -0.616700
vn -0.446300 -0.711000 -0.543500
vn -0.446300 -0.711000 -0.543500
vn -0.446300 -0.711000 -0.543500
vn -0.487900 -0.717900 -0.496600
vn -0.487900 -0.717900 -0.496600
vn -0.487900 -0.717900 -0.496600
vn -0.901000 0.000000 -0.433900
vn -0.901000 0.000000 -0.433900
vn -0.901000 0.000000 -0.433900
vn -0.963600 0.000000 -0.267300
vn -0.963600 0.000000 -0.267300
vn -0.963600 0.000000 -0.267300
vn -0.670800 -0.717900 -0.186100
vn -0.670800 -0.717900 -0.186100
vn -0.670800 -0.717900 -0.186100
vn -0.627200 -0.717900 -0.302000
vn -0.627200 -0.717900 -0.302000
vn -0.627200 -0.717900 -0.302000
vn -0.997200 0.000000 0.074800
vn -0.997200 0.000000 0.074800
vn -0.997200 0.000000 0.074800
vn -0.968200 0.000000 0.250300
vn -0.968200 0.000000 0.250300
vn -0.968200 0.000000 0.250300
vn -0.674000 -0.717900 0.174200
vn -0.674000 -0.717900 0.174200
vn -0.674000 -0.717900 0.174200
vn -0.694200 -0.717900 0.052000
vn -0.694200 -0.717900 0.052000
vn -0.694200 -0.717900 0.052000
vn 0.901000 0.000000 0.433900
vn 0.901000 0.000000 0.433900
vn 0.901000 0.000000 0.433900
vn 0.963600 0.000000 0.267300
vn 0.963600 0.000000 0.267300
vn 0.963600 0.000000 0.267300
vn 0.627200 -0.717900 0.302000
vn 0.627200 -0.717900 0.302000
vn 0.627200 -0.717900 0.302000
vn 0.670800 -0.717900 0.186100
vn 0.670800 -0.717900 0.186100
vn 0.670800 -0.717900 0.186100
vn 0.997200 0.000000 -0.074800
vn 0.997200 0.000000 -0.074800
vn 0.997200 0.000000 -0.074800
vn 0.968200 0.000000 -0.250300
vn 0.968200 0.000000 -0.250300
vn 0.968200 0.000000 -0.250300
vn 0.694200 -0.717900 -0.052000
vn 0.694200 -0.717900 -0.052000
vn 0.694200 -0.717900 -0.052000
vn 0.674000 -0.717900 -0.174200
vn 0.674000 -0.717900 -0.174200
vn 0.674000 -0.717900 -0.174200
vn 0.826200 0.000000 -0.563300
vn 0.826200 0.000000 -0.563300
vn 0.826200 0.000000 -0.563300
vn 0.713300 0.000000 -0.700800
vn 0.713300 0.000000 -0.700800
vn 0.713300 0.000000 -0.700800
vn 0.575200 -0.717900 -0.392200
vn 0.575200 -0.717900 -0.392200
vn 0.575200 -0.717900 -0.392200
vn 0.512500 -0.715900 -0.474100
vn 0.512500 -0.715900 -0.474100
vn 0.512500 -0.715900 -0.474100
vn 0.433900 0.000000 -0.901000
vn 0.433900 0.000000 -0.901000
vn 0.433900 0.000000 -0.901000
vn 0.267300 0.000000 -0.963600
vn 0.267300 0.000000 -0.963600
vn 0.267300 0.000000 -0.963600
vn 0.320200 -0.719600 -0.616200
vn 0.320200 -0.719600 -0.616200
vn 0.320200 -0.719600 -0.616200
vn 0.204500 -0.721400 -0.661600
vn 0.204500 -0.721400 -0.661600
vn 0.204500 -0.721400 -0.661600
vn 0.320200 -0.719600 -0.616200
vn 0.320200 -0.719600 -0.616200
vn 0.320200 -0.719600 -0.616200
vn -0.074800 0.000000 -0.997200
vn -0.074800 0.000000 -0.997200
vn -0.074800 0.000000 -0.997200
vn -0.250300 0.000000 -0.968200
vn -0.250300 0.000000 -0.968200
vn -0.250300 0.000000 -0.968200
vn -0.052000 -0.717900 -0.694200
vn -0.052000 -0.717900 -0.694200
vn -0.052000 -0.717900 -0.694200
vn -0.174200 -0.717900 -0.674000
vn -0.174200 -0.717900 -0.674000
vn -0.174200 -0.717900 -0.674000
vn -0.563300 0.000000 -0.826200
vn -0.563300 0.000000 -0.826200
vn -0.563300 0.000000 -0.826200
vn -0.700800 0.000000 -0.713300
vn -0.700800 0.000000 -0.713300
vn -0.700800 0.000000 -0.713300
vn -0.446300 -0.711000 -0.543500
vn -0.446300 -0.711000 -0.543500
vn -0.446300 -0.711000 -0.543500
vn -0.348800 -0.705700 -0.616700
vn -0.348800 -0.705700 -0.616700
vn -0.348800 -0.705700 -0.616700
vn -0.446300 -0.711000 -0.543500
vn -0.446300 -0.711000 -0.543500
vn -0.446300 -0.711000 -0.543500
vn -0.487900 -0.717900 -0.496600
vn -0.487900 -0.717900 -0.496600
vn -0.487900 -0.717900 -0.496600
vn -0.901000 0.000000 -0.433900
vn -0.901000 0.000000 -0.433900
vn -0.901000 0.000000 -0.433900
vn -0.963600 0.000000 -0.267300
vn -0.963600 0.000000 -0.267300
vn -0.963600 0.000000 -0.267300
vn -0.670800 -0.717900 -0.186100
vn -0.670800 -0.717900 -0.186100
vn -0.670800 -0.717900 -0.186100
vn -0.627200 -0.717900 -0.302000
vn -0.627200 -0.717900 -0.302000
vn -0.627200 -0.717900 -0.302000
vn -0.997200 0.000000 0.074800
vn -0.997200 0.000000 0.074800
vn -0.997200 0.000000 0.074800
vn -0.968200 0.000000 0.250300
vn -0.968200 0.000000 0.250300
vn -0.968200 0.000000 0.250300
vn -0.674000 -0.717900 0.174200
vn -0.674000 -0.717900 0.174200
vn -0.674000 -0.717900 0.174200
vn -0.694200 -0.717900 0.052000
vn -0.694200 -0.717900 0.052000
vn -0.694200 -0.717900 0.052000
vn -0.826200 0.000000 0.563300
vn -0.826200 0.000000 0.563300
vn -0.826200 0.000000 0.563300
vn -0.713300 0.000000 0.700800
vn -0.713300 0.000000 0.700800
vn -0.713300 0.000000 0.700800
vn -0.512500 -0.715900 0.474100
vn -0.512500 -0.715900 0.474100
vn -0.512500 -0.715900 0.474100
vn -0.575200 -0.717900 0.392200
vn -0.575200 -0.717900 0.392200
vn -0.575200 -0.717900 0.392200
vn -0.433900 0.000000 0.901000
vn -0.433900 0.000000 0.901000
vn -0.433900 0.000000 0.901000
vn -0.267300 0.000000 0.963600
vn -0.267300 0.000000 0.963600
vn -0.267300 0.000000 0.963600
vn -0.186100 -0.717900 0.670800
vn -0.186100 -0.717900 0.670800
vn -0.186100 -0.717900 0.670800
vn -0.320200 -0.719600 0.616200
vn -0.320200 -0.719600 0.616200
vn -0.320200 -0.719600 0.616200
vn -0.320200 -0.719600 0.616200
vn -0.320200 -0.719600 0.616200
vn -0.320200 -0.719600 0.616200
vn 0.074800 0.000000 0.997200
vn 0.074800 0.000000 0.997200
vn 0.074800 0.000000 0.997200
vn 0.250300 0.000000 0.968200
vn 0.250300 0.000000 0.968200
vn 0.250300 0.000000 0.968200
vn 0.052000 -0.717900 0.694200
vn 0.052000 -0.717900 0.694200
vn 0.052000 -0.717900 0.694200
vn 0.174200 -0.717900 0.674000
vn 0.174200 -0.717900 0.674000
vn 0.174200 -0.717900 0.674000
vn 0.563300 0.000000 0.826200
vn 0.563300 0.000000 0.826200
vn 0.563300 0.000000 0.826200
vn 0.700800 0.000000 0.713300
vn 0.700800 0.000000 0.713300
vn 0.700800 0.000000 0.713300
vn 0.446300 -0.711000 0.543500
vn 0.446300 -0.711000 0.543500
vn 0.446300 -0.711000 0.543500
vn 0.348800 -0.705700 0.616700
vn 0.348800 -0.705700 0.616700
vn 0.348800 -0.705700 0.616700
vn 0.446300 -0.711000 0.543500
vn 0.446300 -0.711000 0.543500
vn 0.446300 -0.711000 0.543500
vn 0.487900 -0.717900 0.496600
vn 0.487900 -0.717900 0.496600
vn 0.487900 -0.717900 0.496600
vn -0.826200 0.000000 0.563300
vn -0.826200 0.000000 0.563300
vn -0.826200 0.000000 0.563300
vn -0.713300 0.000000 0.700800
vn -0.713300 0.000000 0.700800
vn -0.713300 0.000000 0.700800
vn -0.512500 -0.715900 0.474100
vn -0.512500 -0.715900 0.474100
vn -0.512500 -0.715900 0.474100
vn -0.575200 -0.717900 0.392200
vn -0.575200 -0.717900 0.392200
vn -0.575200 -0.717900 0.392200
vn -0.433900 0.000000 0.901000
vn -0.433900 0.000000 0.901000
vn -0.433900 0.000000 0.901000
vn -0.267300 0.000000 0.963600
vn -0.267300 0.000000 0.963600
vn -0.267300 0.000000 0.963600
vn -0.186100 -0.717900 0.670800
vn -0.186100 -0.717900 0.670800
vn -0.186100 -0.717900 0.670800
vn -0.320200 -0.719600 0.616200
vn -0.320200 -0.719600 0.616200
vn -0.320200 -0.719600 0.616200
vn -0.320200 -0.719600 0.616200
vn -0.320200 -0.719600 0.616200
vn -0.320200 -0.719600 0.616200
vn 0.074800 0.000000 0.997200
vn 0.074800 0.000000 0.997200
vn 0.074800 0.000000 0.997200
vn 0.250300 0.000000 0.968200
vn 0.250300 0.000000 0.968200
vn 0.250300 0.000000 0.968200
vn 0.174200 -0.717900 0.674000
vn 0.174200 -0.717900 0.674000
vn 0.174200 -0.717900 0.674000
vn 0.052000 -0.717900 0.694200
vn 0.052000 -0.717900 0.694200
vn 0.052000 -0.717900 0.694200
vn 0.563300 0.000000 0.826200
vn 0.563300 0.000000 0.826200
vn 0.563300 0.000000 0.826200
vn 0.700800 0.000000 0.713300
vn 0.700800 0.000000 0.713300
vn 0.700800 0.000000 0.713300
vn 0.446300 -0.711000 0.543500
vn 0.446300 -0.711000 0.543500
vn 0.446300 -0.711000 0.543500
vn 0.348800 -0.705700 0.616700
vn 0.348800 -0.705700 0.616700
vn 0.348800 -0.705700 0.616700
vn 0.446300 -0.711000 0.543500
vn 0.446300 -0.711000 0.543500
vn 0.446300 -0.711000 0.543500
vn 0.487900 -0.717900 0.496600
vn 0.487900 -0.717900 0.496600
vn 0.487900 -0.717900 0.496600
vn 0.000000 1.000000 0.000000
vn 0.000000 1.000000 0.000000
vn 0.000000 1.000000 0.000000
vn 0.000000 1.000000 0.000000
vn 0.000000 1.000000 0.000000
vn 0.000000 1.000000 0.000000
vn 0.000000 1.000000 0.000000
vn 0.000000 1.000000 0.000000
vn 0.000000 1.000000 0.000000
vn 0.000000 1.000000 0.000000
vn 0.000000 1.000000 0.000000
vn 0.000000 1.000000 0.000000
vn 0.000000 1.000000 0.000000
vn 0.000000 1.000000 0.000000
vn 0.000000 1.000000 0.000000
vn 0.000000 1.000000 0.000000
vn 0.000000 1.000000 0.000000
vn 0.000000 1.000000 0.000000
vn 0.000000 1.000000 0.000000
vn 0.000000 1.000000 0.000000
vn 0.000000 1.000000 0.000000
vn 0.000000 1.000000 0.000000
vn 0.000000 1.000000 0.000000
vn 0.000000 1.000000 0.000000
vn 0.000000 1.000000 0.000000
vn 0.000000 1.000000 0.000000
vn 0.000000 1.000000 0.000000
vn 0.000000 1.000000 0.000000
vn 0.000000 1.000000 0.000000
vn 0.000000 1.000000 0.000000
vn 0.000000 1.000000 0.000000
vn 0.000000 1.000000 0.000000
vn 0.000000 1.000000 0.000000
vn 0.000000 1.000000 0.000000
vn 0.000000 1.000000 0.000000
vn 0.000000 1.000000 0.000000
vn 0.000000 1.000000 0.000000
vn 0.000000 1.000000 0.000000
vn 0.000000 1.000000 0.000000
vn 0.000000 1.000000 0.000000
vn 0.000000 1.000000 0.000000
vn 0.000000 1.000000 0.000000
vn 0.000000 1.000000 0.000000
vn 0.000000 1.000000 0.000000
vn 0.000000 1.000000 0.000000
vn 0.000000 1.000000 0.000000
vn 0.000000 1.000000 0.000000
vn 0.000000 1.000000 0.000000
vn 0.000000 1.000000 0.000000
vn 0.000000 1.000000 0.000000
vn 0.000000 1.000000 0.000000
vn 0.000000 1.000000 0.000000
vn 0.000000 1.000000 0.000000
vn 0.000000 1.000000 0.000000
vn 0.000000 1.000000 0.000000
vn 0.000000 1.000000 0.000000
vn 0.000000 1.000000 0.000000
vn 0.000000 1.000000 0.000000
vn 0.000000 1.000000 0.000000
vn 0.000000 1.000000 0.000000
vn 0.446300 0.711000 -0.543500
vn 0.446300 0.711000 -0.543500
vn 0.446300 0.711000 -0.543500
vn 0.348800 0.705700 -0.616700
vn 0.348800 0.705700 -0.616700
vn 0.348800 0.705700 -0.616700
vn 0.446300 0.711000 -0.543500
vn 0.446300 0.711000 -0.543500
vn 0.446300 0.711000 -0.543500
vn 0.487900 0.717900 -0.496600
vn 0.487900 0.717900 -0.496600
vn 0.487900 0.717900 -0.496600
vn 0.700800 0.000000 -0.713300
vn 0.700800 0.000000 -0.713300
vn 0.700800 0.000000 -0.713300
vn 0.563300 0.000000 -0.826200
vn 0.563300 0.000000 -0.826200
vn 0.563300 0.000000 -0.826200
vn 0.052000 0.717900 -0.694200
vn 0.052000 0.717900 -0.694200
vn 0.052000 0.717900 -0.694200
vn 0.174200 0.717900 -0.674000
vn 0.174200 0.717900 -0.674000
vn 0.174200 0.717900 -0.674000
vn 0.250300 0.000000 -0.968200
vn 0.250300 0.000000 -0.968200
vn 0.250300 0.000000 -0.968200
vn 0.074800 0.000000 -0.997200
vn 0.074800 0.000000 -0.997200
vn 0.074800 0.000000 -0.997200
vn -0.320200 0.719600 -0.616200
vn -0.320200 0.719600 -0.616200
vn -0.320200 0.719600 -0.616200
vn -0.204500 0.721400 -0.661600
vn -0.204500 0.721400 -0.661600
vn -0.204500 0.721400 -0.661600
vn -0.320200 0.719600 -0.616200
vn -0.320200 0.719600 -0.616200
vn -0.320200 0.719600 -0.616200
vn -0.267300 0.000000 -0.963600
vn -0.267300 0.000000 -0.963600
vn -0.267300 0.000000 -0.963600
vn -0.433900 0.000000 -0.901000
vn -0.433900 0.000000 -0.901000
vn -0.433900 0.000000 -0.901000
vn -0.575200 0.717900 -0.392200
vn -0.575200 0.717900 -0.392200
vn -0.575200 0.717900 -0.392200
vn -0.512500 0.715900 -0.474100
vn -0.512500 0.715900 -0.474100
vn -0.512500 0.715900 -0.474100
vn -0.713300 0.000000 -0.700800
vn -0.713300 0.000000 -0.700800
vn -0.713300 0.000000 -0.700800
vn -0.826200 0.000000 -0.563300
vn -0.826200 0.000000 -0.563300
vn -0.826200 0.000000 -0.563300
vn -0.694200 0.717900 -0.052000
vn -0.694200 0.717900 -0.052000
vn -0.694200 0.717900 -0.052000
vn -0.674000 0.717900 -0.174200
vn -0.674000 0.717900 -0.174200
vn -0.674000 0.717900 -0.174200
vn -0.968200 0.000000 -0.250300
vn -0.968200 0.000000 -0.250300
vn -0.968200 0.000000 -0.250300
vn -0.997200 0.000000 -0.074800
vn -0.997200 0.000000 -0.074800
vn -0.997200 0.000000 -0.074800
vn -0.627200 0.717900 0.302000
vn -0.627200 0.717900 0.302000
vn -0.627200 0.717900 0.302000
vn -0.670800 0.717900 0.186100
vn -0.670800 0.717900 0.186100
vn -0.670800 0.717900 0.186100
vn -0.963600 0.000000 0.267300
vn -0.963600 0.000000 0.267300
vn -0.963600 0.000000 0.267300
vn -0.901000 0.000000 0.433900
vn -0.901000 0.000000 0.433900
vn -0.901000 0.000000 0.433900
vn -0.446300 0.711000 0.543500
vn -0.446300 0.711000 0.543500
vn -0.446300 0.711000 0.543500
vn -0.348800 0.705700 0.616700
vn -0.348800 0.705700 0.616700
vn -0.348800 0.705700 0.616700
vn -0.446300 0.711000 0.543500
vn -0.446300 0.711000 0.543500
vn -0.446300 0.711000 0.543500
vn -0.487900 0.717900 0.496600
vn -0.487900 0.717900 0.496600
vn -0.487900 0.717900 0.496600
vn -0.700800 0.000000 0.713300
vn -0.700800 0.000000 0.713300
vn -0.700800 0.000000 0.713300
vn -0.563300 0.000000 0.826200
vn -0.563300 0.000000 0.826200
vn -0.563300 0.000000 0.826200
vn -0.052000 0.717900 0.694200
vn -0.052000 0.717900 0.694200
vn -0.052000 0.717900 0.694200
vn -0.174200 0.717900 0.674000
vn -0.174200 0.717900 0.674000
vn -0.174200 0.717900 0.674000
vn -0.250300 0.000000 0.968200
vn -0.250300 0.000000 0.968200
vn -0.250300 0.000000 0.968200
vn -0.074800 0.000000 0.997200
vn -0.074800 0.000000 0.997200
vn -0.074800 0.000000 0.997200
vn 0.186100 0.717900 0.670800
vn 0.186100 0.717900 0.670800
vn 0.186100 0.717900 0.670800
vn 0.320200 0.719600 0.616200
vn 0.320200 0.719600 0.616200
vn 0.320200 0.719600 0.616200
vn 0.320200 0.719600 0.616200
vn 0.320200 0.719600 0.616200
vn 0.320200 0.719600 0.616200
vn 0.267300 0.000000 0.963600
vn 0.267300 0.000000 0.963600
vn 0.267300 0.000000 0.963600
vn 0.433900 0.000000 0.901000
vn 0.433900 0.000000 0.901000
vn 0.433900 0.000000 0.901000
vn 0.512500 0.715900 0.474100
vn 0.512500 0.715900 0.474100
vn 0.512500 0.715900 0.474100
vn 0.575200 0.717900 0.392200
vn 0.575200 0.717900 0.392200
vn 0.575200 0.717900 0.392200
vn 0.713300 0.000000 0.700800
vn 0.713300 0.000000 0.700800
vn 0.713300 0.000000 0.700800
vn 0.826200 0.000000 0.563300
vn 0.826200 0.000000 0.563300
vn 0.826200 0.000000 0.563300
vn 0.674000 0.717900 0.174200
vn 0.674000 0.717900 0.174200
vn 0.674000 0.717900 0.174200
vn 0.694200 0.717900 0.052000
vn 0.694200 0.717900 0.052000
vn 0.694200 0.717900 0.052000
vn 0.968200 0.000000 0.250300
vn 0.968200 0.000000 0.250300
vn 0.968200 0.000000 0.250300
vn 0.997200 0.000000 0.074800
vn 0.997200 0.000000 0.074800
vn 0.997200 0.000000 0.074800
vn 0.446300 0.711000 -0.543500
vn 0.446300 0.711000 -0.543500
vn 0.446300 0.711000 -0.543500
vn 0.348800 0.705700 -0.616700
vn 0.348800 0.705700 -0.616700
vn 0.348800 0.705700 -0.616700
vn 0.446300 0.711000 -0.543500
vn 0.446300 0.711000 -0.543500
vn 0.446300 0.711000 -0.543500
vn 0.487900 0.717900 -0.496600
vn 0.487900 0.717900 -0.496600
vn 0.487900 0.717900 -0.496600
vn 0.700800 0.000000 -0.713300
vn 0.700800 0.000000 -0.713300
vn 0.700800 0.000000 -0.713300
vn 0.563300 0.000000 -0.826200
vn 0.563300 0.000000 -0.826200
vn 0.563300 0.000000 -0.826200
vn 0.052000 0.717900 -0.694200
vn 0.052000 0.717900 -0.694200
vn 0.052000 0.717900 -0.694200
vn 0.174200 0.717900 -0.674000
vn 0.174200 0.717900 -0.674000
vn 0.174200 0.717900 -0.674000
vn 0.250300 0.000000 -0.968200
vn 0.250300 0.000000 -0.968200
vn 0.250300 0.000000 -0.968200
vn 0.074800 0.000000 -0.997200
vn 0.074800 0.000000 -0.997200
vn 0.074800 0.000000 -0.997200
vn -0.320200 0.719600 -0.616200
vn -0.320200 0.719600 -0.616200
vn -0.320200 0.719600 -0.616200
vn -0.204500 0.721400 -0.661600
vn -0.204500 0.721400 -0.661600
vn -0.204500 0.721400 -0.661600
vn -0.320200 0.719600 -0.616200
vn -0.320200 0.719600 -0.616200
vn -0.320200 0.719600 -0.616200
vn -0.267300 0.000000 -0.963600
vn -0.267300 0.000000 -0.963600
vn -0.267300 0.000000 -0.963600
vn -0.433900 0.000000 -0.901000
vn -0.433900 0.000000 -0.901000
vn -0.433900 0.000000 -0.901000
vn -0.575200 0.717900 -0.392200
vn -0.575200 0.717900 -0.392200
vn -0.575200 0.717900 -0.392200
vn -0.512500 0.715900 -0.474100
vn -0.512500 0.715900 -0.474100
vn -0.512500 0.715900 -0.474100
vn -0.713300 0.000000 -0.700800
vn -0.713300 0.000000 -0.700800
vn -0.713300 0.000000 -0.700800
vn -0.826200 0.000000 -0.563300
vn -0.826200 0.000000 -0.563300
vn -0.826200 0.000000 -0.563300
vn -0.694200 0.717900 -0.052000
vn -0.694200 0.717900 -0.052000
vn -0.694200 0.717900 -0.052000
vn -0.674000 0.717900 -0.174200
vn -0.674000 0.717900 -0.174200
vn -0.674000 0.717900 -0.174200
vn -0.968200 0.000000 -0.250300
vn -0.968200 0.000000 -0.250300
vn -0.968200 0.000000 -0.250300
vn -0.997200 0.000000 -0.074800
vn -0.997200 0.000000 -0.074800
vn -0.997200 0.000000 -0.074800
vn -0.627200 0.717900 0.302000
vn -0.627200 0.717900 0.302000
vn -0.627200 0.717900 0.302000
vn -0.670800 0.717900 0.186100
vn -0.670800 0.717900 0.186100
vn -0.670800 0.717900 0.186100
vn -0.963600 0.000000 0.267300
vn -0.963600 0.000000 0.267300
vn -0.963600 0.000000 0.267300
vn -0.901000 0.000000 0.433900
vn -0.901000 0.000000 0.433900
vn -0.901000 0.000000 0.433900
vn -0.446300 0.711000 0.543500
vn -0.446300 0.711000 0.543500
vn -0.446300 0.711000 0.543500
vn -0.348800 0.705700 0.616700
vn -0.348800 0.705700 0.616700
vn -0.348800 0.705700 0.616700
vn -0.446300 0.711000 0.543500
vn -0.446300 0.711000 0.543500
vn -0.446300 0.711000 0.543500
vn -0.487900 0.717900 0.496600
vn -0.487900 0.717900 0.496600
vn -0.487900 0.717900 0.496600
vn -0.700800 0.000000 0.713300
vn -0.700800 0.000000 0.713300
vn -0.700800 0.000000 0.713300
vn -0.563300 0.000000 0.826200
vn -0.563300 0.000000 0.826200
vn -0.563300 0.000000 0.826200
vn -0.052000 0.717900 0.694200
vn -0.052000 0.717900 0.694200
vn -0.052000 0.717900 0.694200
vn -0.174200 0.717900 0.674000
vn -0.174200 0.717900 0.674000
vn -0.174200 0.717900 0.674000
vn -0.250300 0.000000 0.968200
vn -0.250300 0.000000 0.968200
vn -0.250300 0.000000 0.968200
vn -0.074800 0.000000 0.997200
vn -0.074800 0.000000 0.997200
vn -0.074800 0.000000 0.997200
vn 0.186100 0.717900 0.670800
vn 0.186100 0.717900 0.670800
vn 0.186100 0.717900 0.670800
vn 0.320200 0.719600 0.616200
vn 0.320200 0.719600 0.616200
vn 0.320200 0.719600 0.616200
vn 0.320200 0.719600 0.616200
vn 0.320200 0.719600 0.616200
vn 0.320200 0.719600 0.616200
vn 0.267300 0.000000 0.963600
vn 0.267300 0.000000 0.963600
vn 0.267300 0.000000 0.963600
vn 0.433900 0.000000 0.901000
vn 0.433900 0.000000 0.901000
vn 0.433900 0.000000 0.901000
vn 0.512500 0.715900 0.474100
vn 0.512500 0.715900 0.474100
vn 0.512500 0.715900 0.474100
vn 0.575200 0.717900 0.392200
vn 0.575200 0.717900 0.392200
vn 0.575200 0.717900 0.392200
vn 0.713300 0.000000 0.700800
vn 0.713300 0.000000 0.700800
vn 0.713300 0.000000 0.700800
vn 0.826200 0.000000 0.563300
vn 0.826200 0.000000 0.563300
vn 0.826200 0.000000 0.563300
vn 0.674000 0.717900 0.174200
vn 0.674000 0.717900 0.174200
vn 0.674000 0.717900 0.174200
vn 0.694200 0.717900 0.052000
vn 0.694200 0.717900 0.052000
vn 0.694200 0.717900 0.052000
vn 0.968200 0.000000 0.250300
vn 0.968200 0.000000 0.250300
vn 0.968200 0.000000 0.250300
vn 0.997200 0.000000 0.074800
vn 0.997200 0.000000 0.074800
vn 0.997200 0.000000 0.074800
vn 0.670800 0.717900 -0.186100
vn 0.670800 0.717900 -0.186100
vn 0.670800 0.717900 -0.186100
vn 0.627200 0.717900 -0.302000
vn 0.627200 0.717900 -0.302000
vn 0.627200 0.717900 -0.302000
vn 0.963600 0.000000 -0.267300
vn 0.963600 0.000000 -0.267300
vn 0.963600 0.000000 -0.267300
vn 0.901000 0.000000 -0.433900
vn 0.901000 0.000000 -0.433900
vn 0.901000 0.000000 -0.433900
vn 0.670800 0.717900 -0.186100
vn 0.670800 0.717900 -0.186100
vn 0.670800 0.717900 -0.186100
vn 0.627200 0.717900 -0.302000
vn 0.627200 0.717900 -0.302000
vn 0.627200 0.717900 -0.302000
vn 0.963600 0.000000 -0.267300
vn 0.963600 0.000000 -0.267300
vn 0.963600 0.000000 -0.267300
vn 0.901000 0.000000 -0.433900
vn 0.901000 0.000000 -0.433900
vn 0.901000 0.000000 -0.433900
vn 0.683000 0.000000 0.730400
vn 0.683000 0.000000 0.730400
vn 0.683000 0.000000 0.730400
vn 0.700600 0.000000 0.713600
vn 0.700600 0.000000 0.713600
vn 0.700600 0.000000 0.713600
vn 0.629700 0.000000 0.776800
vn 0.629700 0.000000 0.776800
vn 0.629700 0.000000 0.776800
vn 0.593000 0.000000 0.805200
vn 0.593000 0.000000 0.805200
vn 0.593000 0.000000 0.805200
vn 0.000000 0.000000 -1.000000
vn 0.000000 0.000000 -1.000000
vn 0.000000 0.000000 -1.000000
vn 0.000000 0.000000 -1.000000
vn 0.000000 0.000000 -1.000000
vn 0.000000 0.000000 -1.000000
vn 0.000000 0.000000 -1.000000
vn 0.000000 0.000000 -1.000000
vn 0.000000 0.000000 -1.000000
vn 0.000000 0.000000 -1.000000
vn 0.000000 0.000000 -1.000000
vn 0.000000 0.000000 -1.000000
vn 0.000000 0.000000 -1.000000
vn 0.000000 0.000000 -1.000000
vn 0.000000 0.000000 -1.000000
vn 0.000000 0.000000 -1.000000
vn 0.000000 0.000000 -1.000000
vn 0.000000 0.000000 -1.000000
vn 0.000000 0.000000 -1.000000
vn 0.000000 0.000000 -1.000000
vn 0.000000 0.000000 -1.000000
vn 0.478500 -0.704600 -0.524000
vn 0.478500 -0.704600 -0.524000
vn 0.478500 -0.704600 -0.524000
vn 0.478500 -0.704600 -0.524000
vn 0.478500 -0.704600 -0.524000
vn 0.478500 -0.704600 -0.524000
vn 0.000000 0.000000 1.000000
vn 0.000000 0.000000 1.000000
vn 0.000000 0.000000 1.000000
vn 0.000000 0.000000 1.000000
vn 0.000000 0.000000 1.000000
vn 0.000000 0.000000 1.000000
vn 0.000000 0.000000 1.000000
vn 0.000000 0.000000 1.000000
vn 0.000000 0.000000 1.000000
vn 0.000000 0.000000 1.000000
vn 0.000000 0.000000 1.000000
vn 0.000000 0.000000 1.000000
vn 0.000000 0.000000 1.000000
vn 0.000000 0.000000 1.000000
vn 0.000000 0.000000 1.000000
vn 0.000000 0.000000 1.000000
vn 0.000000 0.000000 1.000000
vn 0.000000 0.000000 1.000000
vn 0.000000 0.000000 1.000000
vn 0.000000 0.000000 1.000000
vn 0.000000 0.000000 1.000000
vn 0.000000 0.000000 1.000000
vn 0.000000 0.000000 1.000000
vn 0.000000 0.000000 1.000000
vn -0.478500 -0.704600 0.524000
vn -0.478500 -0.704600 0.524000
vn -0.478500 -0.704600 0.524000
vn -0.478500 -0.704600 0.524000
vn -0.478500 -0.704600 0.524000
vn -0.478500 -0.704600 0.524000
vn 0.700600 0.000000 0.713600
vn 0.700600 0.000000 0.713600
vn 0.700600 0.000000 0.713600
vn 0.683000 0.000000 0.730400
vn 0.683000 0.000000 0.730400
vn 0.683000 0.000000 0.730400
vn 0.629700 0.000000 0.776800
vn 0.629700 0.000000 0.776800
vn 0.629700 0.000000 0.776800
vn 0.593000 0.000000 0.805200
vn 0.593000 0.000000 0.805200
vn 0.593000 0.000000 0.805200
vn 0.000000 0.000000 1.000000
vn 0.000000 0.000000 1.000000
vn 0.000000 0.000000 1.000000
vn 0.000000 0.000000 1.000000
vn 0.000000 0.000000 1.000000
vn 0.000000 0.000000 1.000000
vn 0.000000 0.000000 -1.000000
vn 0.000000 0.000000 -1.000000
vn 0.000000 0.000000 -1.000000
vn 0.000000 0.000000 -1.000000
vn 0.000000 0.000000 -1.000000
vn 0.000000 0.000000 -1.000000
vn 0.000000 0.000000 -1.000000
vn 0.000000 0.000000 -1.000000
vn 0.000000 0.000000 -1.000000
vn 0.000000 0.000000 -1.000000
vn 0.000000 0.000000 -1.000000
vn 0.000000 0.000000 -1.000000
vn 0.000000 0.000000 -1.000000
vn 0.000000 0.000000 -1.000000
vn 0.000000 0.000000 -1.000000
vn 0.000000 0.000000 -1.000000
vn 0.000000 0.000000 -1.000000
vn 0.000000 0.000000 -1.000000
vn 0.000000 0.000000 -1.000000
vn 0.000000 0.000000 -1.000000
vn 0.000000 0.000000 -1.000000
vn 0.000000 0.000000 -1.000000
vn 0.000000 0.000000 -1.000000
vn 0.000000 0.000000 -1.000000
vn -0.478500 0.704600 -0.524000
vn -0.478500 0.704600 -0.524000
vn -0.478500 0.704600 -0.524000
vn -0.478500 0.704600 -0.524000
vn -0.478500 0.704600 -0.524000
vn -0.478500 0.704600 -0.524000
vn 0.000000 0.000000 1.000000
vn 0.000000 0.000000 1.000000
vn 0.000000 0.000000 1.000000
vn 0.000000 0.000000 1.000000
vn 0.000000 0.000000 1.000000
vn 0.000000 0.000000 1.000000
vn 0.000000 0.000000 1.000000
vn 0.000000 0.000000 1.000000
vn 0.000000 0.000000 1.000000
vn 0.000000 0.000000 1.000000
vn 0.000000 0.000000 1.000000
vn 0.000000 0.000000 1.000000
vn 0.000000 0.000000 1.000000
vn 0.000000 0.000000 1.000000
vn 0.000000 0.000000 1.000000
vn 0.478500 0.704600 0.524000
vn 0.478500 0.704600 0.524000
vn 0.478500 0.704600 0.524000
vn 0.478500 0.704600 0.524000
vn 0.478500 0.704600 0.524000
vn 0.478500 0.704600 0.524000
vn 1.000000 0.000000 0.000000
vn 1.000000 0.000000 0.000000
vn 1.000000 0.000000 0.000000
vn 1.000000 0.000000 0.000000
vn 1.000000 0.000000 0.000000
vn 1.000000 0.000000 0.000000
vn 1.000000 0.000000 0.000000
vn 1.000000 0.000000 0.000000
vn 1.000000 0.000000 0.000000
vn 1.000000 0.000000 0.000000
vn 1.000000 0.000000 0.000000
vn 1.000000 0.000000 0.000000
vn 0.000000 0.000000 1.000000
vn 0.000000 0.000000 1.000000
vn 0.000000 0.000000 1.000000
vn 0.000000 0.000000 1.000000
vn 0.000000 0.000000 1.000000
vn 0.000000 0.000000 1.000000
vn 0.000000 0.000000 1.000000
vn 0.000000 0.000000 1.000000
vn 0.000000 0.000000 1.000000
vn 0.000000 0.000000 1.000000
vn 0.000000 0.000000 1.000000
vn 0.000000 0.000000 1.000000
vn 0.000000 1.000000 0.000000
vn 0.000000 1.000000 0.000000
vn 0.000000 1.000000 0.000000
vn 0.000000 1.000000 0.000000
vn 0.000000 1.000000 0.000000
vn 0.000000 1.000000 0.000000
vn 0.000000 1.000000 0.000000
vn 0.000000 1.000000 0.000000
vn 0.000000 1.000000 0.000000
vn 0.000000 1.000000 0.000000
vn 0.000000 1.000000 0.000000
vn 0.000000 1.000000 0.000000
vn 0.000000 1.000000 0.000000
vn 0.000000 1.000000 0.000000
vn 0.000000 1.000000 0.000000
vn 0.000000 1.000000 0.000000
vn 0.000000 1.000000 0.000000
vn 0.000000 1.000000 0.000000
vn 0.000000 1.000000 0.000000
vn 0.000000 1.000000 0.000000
vn 0.000000 1.000000 0.000000
vn 0.000000 1.000000 0.000000
vn 0.000000 1.000000 0.000000
vn 0.000000 1.000000 0.000000
vn 0.000000 1.000000 0.000000
vn 0.000000 1.000000 0.000000
vn 0.000000 1.000000 0.000000
vn 0.000000 1.000000 0.000000
vn 0.000000 1.000000 0.000000
vn 0.000000 1.000000 0.000000
vn 0.000000 1.000000 0.000000
vn 0.000000 1.000000 0.000000
vn 0.000000 1.000000 0.000000
vn 0.000000 1.000000 0.000000
vn 0.000000 1.000000 0.000000
vn 0.000000 1.000000 0.000000
vn 0.000000 1.000000 0.000000
vn 0.000000 1.000000 0.000000
vn 0.000000 1.000000 0.000000
vn 0.000000 1.000000 0.000000
vn 0.000000 1.000000 0.000000
vn 0.000000 1.000000 0.000000
vn 0.000000 1.000000 0.000000
vn 0.000000 1.000000 0.000000
vn 0.000000 1.000000 0.000000
vn 0.000000 1.000000 0.000000
vn 0.000000 1.000000 0.000000
vn 0.000000 1.000000 0.000000
vn 0.000000 1.000000 0.000000
vn 0.000000 1.000000 0.000000
vn 0.000000 1.000000 0.000000
vn 0.000000 1.000000 0.000000
vn 0.000000 1.000000 0.000000
vn 0.000000 1.000000 0.000000
vn 0.000000 1.000000 0.000000
vn 0.000000 1.000000 0.000000
vn 0.000000 1.000000 0.000000
vn 0.000000 1.000000 0.000000
vn 0.000000 1.000000 0.000000
vn 0.000000 1.000000 0.000000
vn 0.000000 1.000000 0.000000
vn 0.000000 1.000000 0.000000
vn 0.000000 1.000000 0.000000
vn 0.000000 1.000000 0.000000
vn 0.000000 1.000000 0.000000
vn 0.000000 1.000000 0.000000
vn 0.000000 1.000000 0.000000
vn 0.000000 1.000000 0.000000
vn 0.000000 1.000000 0.000000
vn 0.000000 1.000000 0.000000
vn 0.000000 1.000000 0.000000
vn 0.000000 1.000000 0.000000
vn 0.000000 1.000000 0.000000
vn 0.000000 1.000000 0.000000
vn 0.000000 1.000000 0.000000
vn 0.000000 1.000000 0.000000
vn 0.000000 1.000000 0.000000
vn 0.000000 1.000000 0.000000
vn 0.000000 1.000000 0.000000
vn 0.000000 1.000000 0.000000
vn 0.000000 1.000000 0.000000
vn 0.000000 1.000000 0.000000
vn 0.000000 1.000000 0.000000
vn 0.000000 1.000000 0.000000
vn 0.000000 1.000000 0.000000
vn 0.000000 1.000000 0.000000
vn 0.000000 1.000000 0.000000
vn 0.000000 1.000000 0.000000
vn 0.000000 1.000000 0.000000
vn 0.000000 1.000000 0.000000
vn 0.000000 0.000000 -1.000000
vn 0.000000 0.000000 -1.000000
vn 0.000000 0.000000 -1.000000
vn 0.000000 0.000000 -1.000000
vn 0.000000 0.000000 -1.000000
vn 0.000000 0.000000 -1.000000
vn 0.000000 -1.000000 0.000000
vn 0.000000 -1.000000 0.000000
vn 0.000000 -1.000000 0.000000
vn 0.000000 -1.000000 0.000000
vn 0.000000 -1.000000 0.000000
vn 0.000000 -1.000000 0.000000
vn 0.000000 -1.000000 0.000000
vn 0.000000 -1.000000 0.000000
vn 0.000000 -1.000000 0.000000
vn 0.000000 -1.000000 0.000000
vn 0.000000 -1.000000 0.000000
vn 0.000000 -1.000000 0.000000
vn 0.000000 -1.000000 0.000000
vn 0.000000 -1.000000 0.000000
vn 0.000000 -1.000000 0.000000
vn 0.000000 -1.000000 0.000000
vn 0.000000 -1.000000 0.000000
vn 0.000000 -1.000000 0.000000
vn 0.000000 -1.000000 0.000000
vn 0.000000 -1.000000 0.000000
vn 0.000000 -1.000000 0.000000
vn 0.000000 -1.000000 0.000000
vn 0.000000 -1.000000 0.000000
vn 0.000000 -1.000000 0.000000
vn 0.000000 -1.000000 0.000000
vn 0.000000 -1.000000 0.000000
vn 0.000000 -1.000000 0.000000
vn 0.000000 -1.000000 0.000000
vn 0.000000 -1.000000 0.000000
vn 0.000000 -1.000000 0.000000
vn 0.000000 -1.000000 0.000000
vn 0.000000 -1.000000 0.000000
vn 0.000000 -1.000000 0.000000
vn 0.000000 -1.000000 0.000000
vn 0.000000 -1.000000 0.000000
vn 0.000000 -1.000000 0.000000
vn 0.000000 -1.000000 0.000000
vn 0.000000 -1.000000 0.000000
vn 0.000000 -1.000000 0.000000
vn 0.000000 -1.000000 0.000000
vn 0.000000 -1.000000 0.000000
vn 0.000000 -1.000000 0.000000
vn 0.000000 -1.000000 0.000000
vn 0.000000 -1.000000 0.000000
vn 0.000000 -1.000000 0.000000
vn 0.000000 -1.000000 0.000000
vn 0.000000 -1.000000 0.000000
vn 0.000000 -1.000000 0.000000
vn 0.000000 -1.000000 0.000000
vn 0.000000 -1.000000 0.000000
vn 0.000000 -1.000000 0.000000
vn 0.000000 -1.000000 0.000000
vn 0.000000 -1.000000 0.000000
vn 0.000000 -1.000000 0.000000
vn 0.000000 -1.000000 0.000000
vn 0.000000 -1.000000 0.000000
vn 0.000000 -1.000000 0.000000
vn 0.000000 -1.000000 0.000000
vn 0.000000 -1.000000 0.000000
vn 0.000000 -1.000000 0.000000
vn 0.000000 -1.000000 0.000000
vn 0.000000 -1.000000 0.000000
vn 0.000000 -1.000000 0.000000
vn 0.000000 -1.000000 0.000000
vn 0.000000 -1.000000 0.000000
vn 0.000000 -1.000000 0.000000
vn 0.000000 -1.000000 0.000000
vn 0.000000 -1.000000 0.000000
vn 0.000000 -1.000000 0.000000
vn 0.000000 -1.000000 0.000000
vn 0.000000 -1.000000 0.000000
vn 0.000000 -1.000000 0.000000
vn 0.000000 -1.000000 0.000000
vn 0.000000 -1.000000 0.000000
vn 0.000000 -1.000000 0.000000
vn 0.000000 -1.000000 0.000000
vn 0.000000 -1.000000 0.000000
vn 0.000000 -1.000000 0.000000
vn 0.000000 -1.000000 0.000000
vn 0.000000 -1.000000 0.000000
vn 0.000000 -1.000000 0.000000
vn 0.000000 -1.000000 0.000000
vn 0.000000 -1.000000 0.000000
vn 0.000000 -1.000000 0.000000
vn 0.000000 -1.000000 0.000000
vn 0.000000 -1.000000 0.000000
vn 0.000000 -1.000000 0.000000
vn 0.000000 -1.000000 0.000000
vn 0.000000 -1.000000 0.000000
vn 0.000000 -1.000000 0.000000
vn 0.939100 0.000000 0.343700
vn 0.939100 0.000000 0.343700
vn 0.939100 0.000000 0.343700
vn 0.985100 0.000000 0.171900
vn 0.985100 0.000000 0.171900
vn 0.985100 0.000000 0.171900
vn 0.939100 0.000000 0.343700
vn 0.939100 0.000000 0.343700
vn 0.939100 0.000000 0.343700
vn 0.985100 0.000000 0.171900
vn 0.985100 0.000000 0.171900
vn 0.985100 0.000000 0.171900
vn 0.641400 0.000000 0.767200
vn 0.641400 0.000000 0.767200
vn 0.641400 0.000000 0.767200
vn 0.767200 0.000000 0.641400
vn 0.767200 0.000000 0.641400
vn 0.767200 0.000000 0.641400
vn 0.171900 0.000000 0.985100
vn 0.171900 0.000000 0.985100
vn 0.171900 0.000000 0.985100
vn 0.343700 0.000000 0.939100
vn 0.343700 0.000000 0.939100
vn 0.343700 0.000000 0.939100
vn -0.343700 0.000000 0.939100
vn -0.343700 0.000000 0.939100
vn -0.343700 0.000000 0.939100
vn -0.171900 0.000000 0.985100
vn -0.171900 0.000000 0.985100
vn -0.171900 0.000000 0.985100
vn -0.767200 0.000000 0.641400
vn -0.767200 0.000000 0.641400
vn -0.767200 0.000000 0.641400
vn -0.641400 0.000000 0.767200
vn -0.641400 0.000000 0.767200
vn -0.641400 0.000000 0.767200
vn -0.985100 0.000000 0.171900
vn -0.985100 0.000000 0.171900
vn -0.985100 0.000000 0.171900
vn -0.939100 0.000000 0.343700
vn -0.939100 0.000000 0.343700
vn -0.939100 0.000000 0.343700
vn 0.641400 0.000000 0.767200
vn 0.641400 0.000000 0.767200
vn 0.641400 0.000000 0.767200
vn 0.767200 0.000000 0.641400
vn 0.767200 0.000000 0.641400
vn 0.767200 0.000000 0.641400
vn 0.171900 0.000000 0.985100
vn 0.171900 0.000000 0.985100
vn 0.171900 0.000000 0.985100
vn 0.343700 0.000000 0.939100
vn 0.343700 0.000000 0.939100
vn 0.343700 0.000000 0.939100
vn 0.343700 0.000000 -0.939100
vn 0.343700 0.000000 -0.939100
vn 0.343700 0.000000 -0.939100
vn 0.171900 0.000000 -0.985100
vn 0.171900 0.000000 -0.985100
vn 0.171900 0.000000 -0.985100
vn 0.343700 0.000000 -0.939100
vn 0.343700 0.000000 -0.939100
vn 0.343700 0.000000 -0.939100
vn 0.171900 0.000000 -0.985100
vn 0.171900 0.000000 -0.985100
vn 0.171900 0.000000 -0.985100
vn 0.767200 0.000000 -0.641400
vn 0.767200 0.000000 -0.641400
vn 0.767200 0.000000 -0.641400
vn 0.641400 0.000000 -0.767200
vn 0.641400 0.000000 -0.767200
vn 0.641400 0.000000 -0.767200
vn 0.985100 0.000000 -0.171900
vn 0.985100 0.000000 -0.171900
vn 0.985100 0.000000 -0.171900
vn 0.939100 0.000000 -0.343700
vn 0.939100 0.000000 -0.343700
vn 0.939100 0.000000 -0.343700
vn -0.939100 0.000000 -0.343700
vn -0.939100 0.000000 -0.343700
vn -0.939100 0.000000 -0.343700
vn -0.985100 0.000000 -0.171900
vn -0.985100 0.000000 -0.171900
vn -0.985100 0.000000 -0.171900
vn -0.641400 0.000000 -0.767200
vn -0.641400 0.000000 -0.767200
vn -0.641400 0.000000 -0.767200
vn -0.767200 0.000000 -0.641400
vn -0.767200 0.000000 -0.641400
vn -0.767200 0.000000 -0.641400
vn -0.171900 0.000000 -0.985100
vn -0.171900 0.000000 -0.985100
vn -0.171900 0.000000 -0.985100
vn -0.343700 0.000000 -0.939100
vn -0.343700 0.000000 -0.939100
vn -0.343700 0.000000 -0.939100
vn 0.767200 0.000000 -0.641400
vn 0.767200 0.000000 -0.641400
vn 0.767200 0.000000 -0.641400
vn 0.641400 0.000000 -0.767200
vn 0.641400 0.000000 -0.767200
vn 0.641400 0.000000 -0.767200
vn 0.985100 0.000000 -0.171900
vn 0.985100 0.000000 -0.171900
vn 0.985100 0.000000 -0.171900
vn 0.939100 0.000000 -0.343700
vn 0.939100 0.000000 -0.343700
vn 0.939100 0.000000 -0.343700
vn -0.939100 0.000000 -0.343700
vn -0.939100 0.000000 -0.343700
vn -0.939100 0.000000 -0.343700
vn -0.985100 0.000000 -0.171900
vn -0.985100 0.000000 -0.171900
vn -0.985100 0.000000 -0.171900
vn -0.641400 0.000000 -0.767200
vn -0.641400 0.000000 -0.767200
vn -0.641400 0.000000 -0.767200
vn -0.767200 0.000000 -0.641400
vn -0.767200 0.000000 -0.641400
vn -0.767200 0.000000 -0.641400
vn -0.171900 0.000000 -0.985100
vn -0.171900 0.000000 -0.985100
vn -0.171900 0.000000 -0.985100
vn -0.343700 0.000000 -0.939100
vn -0.343700 0.000000 -0.939100
vn -0.343700 0.000000 -0.939100
vn -0.343700 0.000000 0.939100
vn -0.343700 0.000000 0.939100
vn -0.343700 0.000000 0.939100
vn -0.171900 0.000000 0.985100
vn -0.171900 0.000000 0.985100
vn -0.171900 0.000000 0.985100
vn -0.767200 0.000000 0.641400
vn -0.767200 0.000000 0.641400
vn -0.767200 0.000000 0.641400
vn -0.641400 0.000000 0.767200
vn -0.641400 0.000000 0.767200
vn -0.641400 0.000000 0.767200
vn -0.985100 0.000000 0.171900
vn -0.985100 0.000000 0.171900
vn -0.985100 0.000000 0.171900
vn -0.939100 0.000000 0.343700
vn -0.939100 0.000000 0.343700
vn -0.939100 0.000000 0.343700
vn 0.000000 -1.000000 0.000000
vn 0.000000 -1.000000 0.000000
vn 0.000000 -1.000000 0.000000
vn 0.000000 -1.000000 0.000000
vn 0.000000 -1.000000 0.000000
vn 0.000000 -1.000000 0.000000
vn 0.000000 -1.000000 0.000000
vn 0.000000 -1.000000 0.000000
vn 0.000000 -1.000000 0.000000
vn 0.000000 -1.000000 0.000000
vn 0.000000 -1.000000 0.000000
vn 0.000000 -1.000000 0.000000
vn 0.000000 -1.000000 0.000000
vn 0.000000 -1.000000 0.000000
vn 0.000000 -1.000000 0.000000
vn 0.000000 -1.000000 0.000000
vn 0.000000 -1.000000 0.000000
vn 0.000000 -1.000000 0.000000
vn 0.000000 -1.000000 0.000000
vn 0.000000 -1.000000 0.000000
vn 0.000000 -1.000000 0.000000
vn 0.000000 -1.000000 0.000000
vn 0.000000 -1.000000 0.000000
vn 0.000000 -1.000000 0.000000
vn 0.000000 -1.000000 0.000000
vn 0.000000 -1.000000 0.000000
vn 0.000000 -1.000000 0.000000
vn 0.000000 -1.000000 0.000000
vn 0.000000 -1.000000 0.000000
vn 0.000000 -1.000000 0.000000
vn 0.000000 -1.000000 0.000000
vn 0.000000 -1.000000 0.000000
vn 0.000000 -1.000000 0.000000
vn 0.000000 -1.000000 0.000000
vn 0.000000 -1.000000 0.000000
vn 0.000000 -1.000000 0.000000
vn 0.000000 -1.000000 0.000000
vn 0.000000 -1.000000 0.000000
vn 0.000000 -1.000000 0.000000
vn 0.000000 -1.000000 0.000000
vn 0.000000 -1.000000 0.000000
vn 0.000000 -1.000000 0.000000
vn 0.000000 -1.000000 0.000000
vn 0.000000 -1.000000 0.000000
vn 0.000000 -1.000000 0.000000
vn 0.000000 -1.000000 0.000000
vn 0.000000 -1.000000 0.000000
vn 0.000000 -1.000000 0.000000
vn 0.000000 -1.000000 0.000000
vn 0.000000 -1.000000 0.000000
vn 0.000000 -1.000000 0.000000
vn 0.000000 -1.000000 0.000000
vn 0.000000 -1.000000 0.000000
vn 0.000000 -1.000000 0.000000
vn 0.000000 -1.000000 0.000000
vn 0.000000 -1.000000 0.000000
vn 0.000000 -1.000000 0.000000
vn 0.000000 -1.000000 0.000000
vn 0.000000 -1.000000 0.000000
vn 0.000000 -1.000000 0.000000
vn 0.000000 -1.000000 0.000000
vn 0.000000 -1.000000 0.000000
vn 0.000000 -1.000000 0.000000
vn 0.000000 -1.000000 0.000000
vn 0.000000 -1.000000 0.000000
vn 0.000000 -1.000000 0.000000
vn 0.000000 -1.000000 0.000000
vn 0.000000 -1.000000 0.000000
vn 0.000000 -1.000000 0.000000
vn 0.000000 -1.000000 0.000000
vn 0.000000 -1.000000 0.000000
vn 0.000000 -1.000000 0.000000
vn 0.000000 -1.000000 0.000000
vn 0.000000 -1.000000 0.000000
vn 0.000000 -1.000000 0.000000
vn 0.000000 -1.000000 0.000000
vn 0.000000 -1.000000 0.000000
vn 0.000000 -1.000000 0.000000
vn 0.000000 -1.000000 0.000000
vn 0.000000 -1.000000 0.000000
vn 0.000000 -1.000000 0.000000
vn 0.000000 -1.000000 0.000000
vn 0.000000 -1.000000 0.000000
vn 0.000000 -1.000000 0.000000
vn 0.000000 -1.000000 0.000000
vn 0.000000 -1.000000 0.000000
vn 0.000000 -1.000000 0.000000
vn 0.000000 -1.000000 0.000000
vn 0.000000 -1.000000 0.000000
vn 0.000000 -1.000000 0.000000
vn 0.000000 1.000000 0.000000
vn 0.000000 1.000000 0.000000
vn 0.000000 1.000000 0.000000
vn 0.000000 1.000000 0.000000
vn 0.000000 1.000000 0.000000
vn 0.000000 1.000000 0.000000
vn 0.000000 1.000000 0.000000
vn 0.000000 1.000000 0.000000
vn 0.000000 1.000000 0.000000
vn 0.000000 1.000000 0.000000
vn 0.000000 1.000000 0.000000
vn 0.000000 1.000000 0.000000
vn 0.000000 1.000000 0.000000
vn 0.000000 1.000000 0.000000
vn 0.000000 1.000000 0.000000
vn 0.000000 1.000000 0.000000
vn 0.000000 1.000000 0.000000
vn 0.000000 1.000000 0.000000
vn 0.000000 1.000000 0.000000
vn 0.000000 1.000000 0.000000
vn 0.000000 1.000000 0.000000
vn 0.000000 1.000000 0.000000
vn 0.000000 1.000000 0.000000
vn 0.000000 1.000000 0.000000
vn 0.000000 1.000000 0.000000
vn 0.000000 1.000000 0.000000
vn 0.000000 1.000000 0.000000
vn 0.000000 1.000000 0.000000
vn 0.000000 1.000000 0.000000
vn 0.000000 1.000000 0.000000
vn 0.000000 1.000000 0.000000
vn 0.000000 1.000000 0.000000
vn 0.000000 1.000000 0.000000
vn 0.000000 1.000000 0.000000
vn 0.000000 1.000000 0.000000
vn 0.000000 1.000000 0.000000
vn 0.000000 1.000000 0.000000
vn 0.000000 1.000000 0.000000
vn 0.000000 1.000000 0.000000
vn 0.000000 1.000000 0.000000
vn 0.000000 1.000000 0.000000
vn 0.000000 1.000000 0.000000
vn 0.000000 1.000000 0.000000
vn 0.000000 1.000000 0.000000
vn 0.000000 1.000000 0.000000
vn 0.000000 1.000000 0.000000
vn 0.000000 1.000000 0.000000
vn 0.000000 1.000000 0.000000
vn 0.000000 1.000000 0.000000
vn 0.000000 1.000000 0.000000
vn 0.000000 1.000000 0.000000
vn 0.000000 1.000000 0.000000
vn 0.000000 1.000000 0.000000
vn 0.000000 1.000000 0.000000
vn 0.000000 1.000000 0.000000
vn 0.000000 1.000000 0.000000
vn 0.000000 1.000000 0.000000
vn 0.000000 1.000000 0.000000
vn 0.000000 1.000000 0.000000
vn 0.000000 1.000000 0.000000
vn 0.000000 1.000000 0.000000
vn 0.000000 1.000000 0.000000
vn 0.000000 1.000000 0.000000
vn 0.000000 1.000000 0.000000
vn 0.000000 1.000000 0.000000
vn 0.000000 1.000000 0.000000
vn 0.000000 1.000000 0.000000
vn 0.000000 1.000000 0.000000
vn 0.000000 1.000000 0.000000
vn 0.000000 1.000000 0.000000
vn 0.000000 1.000000 0.000000
vn 0.000000 1.000000 0.000000
vn 0.000000 1.000000 0.000000
vn 0.000000 1.000000 0.000000
vn 0.000000 1.000000 0.000000
vn 0.000000 1.000000 0.000000
vn 0.000000 1.000000 0.000000
vn 0.000000 1.000000 0.000000
vn 0.000000 1.000000 0.000000
vn 0.000000 1.000000 0.000000
vn 0.000000 1.000000 0.000000
vn 0.000000 1.000000 0.000000
vn 0.000000 1.000000 0.000000
vn 0.000000 1.000000 0.000000
vn 0.000000 1.000000 0.000000
vn 0.000000 1.000000 0.000000
vn 0.000000 1.000000 0.000000
vn 0.000000 1.000000 0.000000
vn 0.000000 1.000000 0.000000
vn 0.000000 1.000000 0.000000
vn 0.000000 0.000000 -1.000000
vn 0.000000 0.000000 -1.000000
vn 0.000000 0.000000 -1.000000
vn 0.000000 0.000000 -1.000000
vn 0.000000 0.000000 -1.000000
vn 0.000000 0.000000 -1.000000
vn 0.939100 0.000000 -0.343700
vn 0.939100 0.000000 -0.343700
vn 0.939100 0.000000 -0.343700
vn 0.985100 0.000000 -0.171900
vn 0.985100 0.000000 -0.171900
vn 0.985100 0.000000 -0.171900
vn 0.641400 0.000000 -0.767200
vn 0.641400 0.000000 -0.767200
vn 0.641400 0.000000 -0.767200
vn 0.767200 0.000000 -0.641400
vn 0.767200 0.000000 -0.641400
vn 0.767200 0.000000 -0.641400
vn 0.171900 0.000000 -0.985100
vn 0.171900 0.000000 -0.985100
vn 0.171900 0.000000 -0.985100
vn 0.343700 0.000000 -0.939100
vn 0.343700 0.000000 -0.939100
vn 0.343700 0.000000 -0.939100
vn 0.343700 0.000000 0.939100
vn 0.343700 0.000000 0.939100
vn 0.343700 0.000000 0.939100
vn 0.171900 0.000000 0.985100
vn 0.171900 0.000000 0.985100
vn 0.171900 0.000000 0.985100
vn 0.767200 0.000000 0.641400
vn 0.767200 0.000000 0.641400
vn 0.767200 0.000000 0.641400
vn 0.641400 0.000000 0.767200
vn 0.641400 0.000000 0.767200
vn 0.641400 0.000000 0.767200
vn 0.985100 0.000000 0.171900
vn 0.985100 0.000000 0.171900
vn 0.985100 0.000000 0.171900
vn 0.939100 0.000000 0.343700
vn 0.939100 0.000000 0.343700
vn 0.939100 0.000000 0.343700
vn -0.939100 0.000000 0.343700
vn -0.939100 0.000000 0.343700
vn -0.939100 0.000000 0.343700
vn -0.985100 0.000000 0.171900
vn -0.985100 0.000000 0.171900
vn -0.985100 0.000000 0.171900
vn 0.343700 0.000000 0.939100
vn 0.343700 0.000000 0.939100
vn 0.343700 0.000000 0.939100
vn 0.171900 0.000000 0.985100
vn 0.171900 0.000000 0.985100
vn 0.171900 0.000000 0.985100
vn 0.767200 0.000000 0.641400
vn 0.767200 0.000000 0.641400
vn 0.767200 0.000000 0.641400
vn 0.641400 0.000000 0.767200
vn 0.641400 0.000000 0.767200
vn 0.641400 0.000000 0.767200
vn 0.985100 0.000000 0.171900
vn 0.985100 0.000000 0.171900
vn 0.985100 0.000000 0.171900
vn 0.939100 0.000000 0.343700
vn 0.939100 0.000000 0.343700
vn 0.939100 0.000000 0.343700
vn -0.939100 0.000000 0.343700
vn -0.939100 0.000000 0.343700
vn -0.939100 0.000000 0.343700
vn -0.985100 0.000000 0.171900
vn -0.985100 0.000000 0.171900
vn -0.985100 0.000000 0.171900
vn -0.641400 0.000000 0.767200
vn -0.641400 0.000000 0.767200
vn -0.641400 0.000000 0.767200
vn -0.767200 0.000000 0.641400
vn -0.767200 0.000000 0.641400
vn -0.767200 0.000000 0.641400
vn -0.171900 0.000000 0.985100
vn -0.171900 0.000000 0.985100
vn -0.171900 0.000000 0.985100
vn -0.343700 0.000000 0.939100
vn -0.343700 0.000000 0.939100
vn -0.343700 0.000000 0.939100
vn -0.641400 0.000000 0.767200
vn -0.641400 0.000000 0.767200
vn -0.641400 0.000000 0.767200
vn -0.767200 0.000000 0.641400
vn -0.767200 0.000000 0.641400
vn -0.767200 0.000000 0.641400
vn -0.171900 0.000000 0.985100
vn -0.171900 0.000000 0.985100
vn -0.171900 0.000000 0.985100
vn -0.343700 0.000000 0.939100
vn -0.343700 0.000000 0.939100
vn -0.343700 0.000000 0.939100
vn -0.343700 0.000000 -0.939100
vn -0.343700 0.000000 -0.939100
vn -0.343700 0.000000 -0.939100
vn -0.171900 0.000000 -0.985100
vn -0.171900 0.000000 -0.985100
vn -0.171900 0.000000 -0.985100
vn 0.939100 0.000000 -0.343700
vn 0.939100 0.000000 -0.343700
vn 0.939100 0.000000 -0.343700
vn 0.985100 0.000000 -0.171900
vn 0.985100 0.000000 -0.171900
vn 0.985100 0.000000 -0.171900
vn 0.641400 0.000000 -0.767200
vn 0.641400 0.000000 -0.767200
vn 0.641400 0.000000 -0.767200
vn 0.767200 0.000000 -0.641400
vn 0.767200 0.000000 -0.641400
vn 0.767200 0.000000 -0.641400
vn 0.171900 0.000000 -0.985100
vn 0.171900 0.000000 -0.985100
vn 0.171900 0.000000 -0.985100
vn 0.343700 0.000000 -0.939100
vn 0.343700 0.000000 -0.939100
vn 0.343700 0.000000 -0.939100
vn -0.343700 0.000000 -0.939100
vn -0.343700 0.000000 -0.939100
vn -0.343700 0.000000 -0.939100
vn -0.171900 0.000000 -0.985100
vn -0.171900 0.000000 -0.985100
vn -0.171900 0.000000 -0.985100
vn -0.767200 0.000000 -0.641400
vn -0.767200 0.000000 -0.641400
vn -0.767200 0.000000 -0.641400
vn -0.641400 0.000000 -0.767200
vn -0.641400 0.000000 -0.767200
vn -0.641400 0.000000 -0.767200
vn -0.985100 0.000000 -0.171900
vn -0.985100 0.000000 -0.171900
vn -0.985100 0.000000 -0.171900
vn -0.939100 0.000000 -0.343700
vn -0.939100 0.000000 -0.343700
vn -0.939100 0.000000 -0.343700
vn -0.767200 0.000000 -0.641400
vn -0.767200 0.000000 -0.641400
vn -0.767200 0.000000 -0.641400
vn -0.641400 0.000000 -0.767200
vn -0.641400 0.000000 -0.767200
vn -0.641400 0.000000 -0.767200
vn -0.985100 0.000000 -0.171900
vn -0.985100 0.000000 -0.171900
vn -0.985100 0.000000 -0.171900
vn -0.939100 0.000000 -0.343700
vn -0.939100 0.000000 -0.343700
vn -0.939100 0.000000 -0.343700
vn 0.214900 0.000000 -0.976600
vn 0.214900 0.000000 -0.976600
vn 0.214900 0.000000 -0.976600
vn 0.172700 0.000000 -0.985000
vn 0.172700 0.000000 -0.985000
vn 0.172700 0.000000 -0.985000
vn -0.767200 0.000000 0.641400
vn -0.767200 0.000000 0.641400
vn -0.767200 0.000000 0.641400
vn -0.641400 0.000000 0.767200
vn -0.641400 0.000000 0.767200
vn -0.641400 0.000000 0.767200
vn -0.343700 0.000000 0.939100
vn -0.343700 0.000000 0.939100
vn -0.343700 0.000000 0.939100
vn -0.171900 0.000000 0.985100
vn -0.171900 0.000000 0.985100
vn -0.171900 0.000000 0.985100
vn 0.641400 0.000000 0.767200
vn 0.641400 0.000000 0.767200
vn 0.641400 0.000000 0.767200
vn 0.767200 0.000000 0.641400
vn 0.767200 0.000000 0.641400
vn 0.767200 0.000000 0.641400
vn 0.939100 0.000000 0.343700
vn 0.939100 0.000000 0.343700
vn 0.939100 0.000000 0.343700
vn 0.985100 0.000000 0.171900
vn 0.985100 0.000000 0.171900
vn 0.985100 0.000000 0.171900
vn 0.985100 0.000000 -0.171900
vn 0.985100 0.000000 -0.171900
vn 0.985100 0.000000 -0.171900
vn 0.939100 0.000000 -0.343700
vn 0.939100 0.000000 -0.343700
vn 0.939100 0.000000 -0.343700
vn -0.985100 0.000000 0.171900
vn -0.985100 0.000000 0.171900
vn -0.985100 0.000000 0.171900
vn -0.939100 0.000000 0.343700
vn -0.939100 0.000000 0.343700
vn -0.939100 0.000000 0.343700
vn 0.767200 0.000000 -0.641400
vn 0.767200 0.000000 -0.641400
vn 0.767200 0.000000 -0.641400
vn 0.641400 0.000000 -0.767200
vn 0.641400 0.000000 -0.767200
vn 0.641400 0.000000 -0.767200
vn 0.343700 0.000000 -0.939100
vn 0.343700 0.000000 -0.939100
vn 0.343700 0.000000 -0.939100
vn 0.171900 0.000000 -0.985100
vn 0.171900 0.000000 -0.985100
vn 0.171900 0.000000 -0.985100
vn -0.171900 0.000000 -0.985100
vn -0.171900 0.000000 -0.985100
vn -0.171900 0.000000 -0.985100
vn -0.343700 0.000000 -0.939100
vn -0.343700 0.000000 -0.939100
vn -0.343700 0.000000 -0.939100
vn -0.939100 0.000000 -0.343700
vn -0.939100 0.000000 -0.343700
vn -0.939100 0.000000 -0.343700
vn -0.985100 0.000000 -0.171900
vn -0.985100 0.000000 -0.171900
vn -0.985100 0.000000 -0.171900
vn 0.641400 0.000000 0.767200
vn 0.641400 0.000000 0.767200
vn 0.641400 0.000000 0.767200
vn 0.767200 0.000000 0.641400
vn 0.767200 0.000000 0.641400
vn 0.767200 0.000000 0.641400
vn -0.171900 0.000000 -0.985100
vn -0.171900 0.000000 -0.985100
vn -0.171900 0.000000 -0.985100
vn -0.343700 0.000000 -0.939100
vn -0.343700 0.000000 -0.939100
vn -0.343700 0.000000 -0.939100
vn 0.939100 0.000000 0.343700
vn 0.939100 0.000000 0.343700
vn 0.939100 0.000000 0.343700
vn 0.985100 0.000000 0.171900
vn 0.985100 0.000000 0.171900
vn 0.985100 0.000000 0.171900
vn -0.996200 0.000000 -0.086900
vn -0.996200 0.000000 -0.086900
vn -0.996200 0.000000 -0.086900
vn -0.984800 0.000000 -0.173900
vn -0.984800 0.000000 -0.173900
vn -0.984800 0.000000 -0.173900
vn -0.939800 0.000000 -0.341800
vn -0.939800 0.000000 -0.341800
vn -0.939800 0.000000 -0.341800
vn -0.906200 0.000000 -0.422800
vn -0.906200 0.000000 -0.422800
vn -0.906200 0.000000 -0.422800
vn -0.767200 0.000000 0.641400
vn -0.767200 0.000000 0.641400
vn -0.767200 0.000000 0.641400
vn -0.641400 0.000000 0.767200
vn -0.641400 0.000000 0.767200
vn -0.641400 0.000000 0.767200
vn -0.343700 0.000000 0.939100
vn -0.343700 0.000000 0.939100
vn -0.343700 0.000000 0.939100
vn -0.171900 0.000000 0.985100
vn -0.171900 0.000000 0.985100
vn -0.171900 0.000000 0.985100
vn 0.171900 0.000000 0.985100
vn 0.171900 0.000000 0.985100
vn 0.171900 0.000000 0.985100
vn 0.343700 0.000000 0.939100
vn 0.343700 0.000000 0.939100
vn 0.343700 0.000000 0.939100
vn 0.641400 0.000000 0.767200
vn 0.641400 0.000000 0.767200
vn 0.641400 0.000000 0.767200
vn 0.767200 0.000000 0.641400
vn 0.767200 0.000000 0.641400
vn 0.767200 0.000000 0.641400
vn 0.985100 0.000000 -0.171900
vn 0.985100 0.000000 -0.171900
vn 0.985100 0.000000 -0.171900
vn 0.939100 0.000000 -0.343700
vn 0.939100 0.000000 -0.343700
vn 0.939100 0.000000 -0.343700
vn 0.767200 0.000000 -0.641400
vn 0.767200 0.000000 -0.641400
vn 0.767200 0.000000 -0.641400
vn 0.641400 0.000000 -0.767200
vn 0.641400 0.000000 -0.767200
vn 0.641400 0.000000 -0.767200
vn 0.343700 0.000000 -0.939100
vn 0.343700 0.000000 -0.939100
vn 0.343700 0.000000 -0.939100
vn 0.171900 0.000000 -0.985100
vn 0.171900 0.000000 -0.985100
vn 0.171900 0.000000 -0.985100
vn -0.171900 0.000000 -0.985100
vn -0.171900 0.000000 -0.985100
vn -0.171900 0.000000 -0.985100
vn -0.343700 0.000000 -0.939100
vn -0.343700 0.000000 -0.939100
vn -0.343700 0.000000 -0.939100
vn -0.985100 0.000000 0.171900
vn -0.985100 0.000000 0.171900
vn -0.985100 0.000000 0.171900
vn -0.939100 0.000000 0.343700
vn -0.939100 0.000000 0.343700
vn -0.939100 0.000000 0.343700
vn -0.641400 0.000000 -0.767200
vn -0.641400 0.000000 -0.767200
vn -0.641400 0.000000 -0.767200
vn -0.767200 0.000000 -0.641400
vn -0.767200 0.000000 -0.641400
vn -0.767200 0.000000 -0.641400
vn -0.939100 0.000000 -0.343700
vn -0.939100 0.000000 -0.343700
vn -0.939100 0.000000 -0.343700
vn -0.985100 0.000000 -0.171900
vn -0.985100 0.000000 -0.171900
vn -0.985100 0.000000 -0.171900
vn 0.171900 0.000000 0.985100
vn 0.171900 0.000000 0.985100
vn 0.171900 0.000000 0.985100
vn 0.343700 0.000000 0.939100
vn 0.343700 0.000000 0.939100
vn 0.343700 0.000000 0.939100
vn -0.765900 0.000000 -0.643000
vn -0.765900 0.000000 -0.643000
vn -0.765900 0.000000 -0.643000
vn -0.819300 0.000000 -0.573400
vn -0.819300 0.000000 -0.573400
vn -0.819300 0.000000 -0.573400
vn -0.643000 0.000000 -0.765900
vn -0.643000 0.000000 -0.765900
vn -0.643000 0.000000 -0.765900
vn -0.573400 0.000000 -0.819300
vn -0.573400 0.000000 -0.819300
vn -0.573400 0.000000 -0.819300
vn -0.422800 0.000000 -0.906200
vn -0.422800 0.000000 -0.906200
vn -0.422800 0.000000 -0.906200
vn -0.341800 0.000000 -0.939800
vn -0.341800 0.000000 -0.939800
vn -0.341800 0.000000 -0.939800
vn -0.173900 0.000000 -0.984800
vn -0.173900 0.000000 -0.984800
vn -0.173900 0.000000 -0.984800
vn -0.086900 0.000000 -0.996200
vn -0.086900 0.000000 -0.996200
vn -0.086900 0.000000 -0.996200
vn 0.086300 0.000000 -0.996300
vn 0.086300 0.000000 -0.996300
vn 0.086300 0.000000 -0.996300
vn 0.172500 0.000000 -0.985000
vn 0.172500 0.000000 -0.985000
vn 0.172500 0.000000 -0.985000
vn 0.343700 0.000000 -0.939100
vn 0.343700 0.000000 -0.939100
vn 0.343700 0.000000 -0.939100
vn 0.171900 0.000000 -0.985100
vn 0.171900 0.000000 -0.985100
vn 0.171900 0.000000 -0.985100
vn -0.767200 0.000000 0.641400
vn -0.767200 0.000000 0.641400
vn -0.767200 0.000000 0.641400
vn -0.641400 0.000000 0.767200
vn -0.641400 0.000000 0.767200
vn -0.641400 0.000000 0.767200
vn -0.343700 0.000000 0.939100
vn -0.343700 0.000000 0.939100
vn -0.343700 0.000000 0.939100
vn -0.171900 0.000000 0.985100
vn -0.171900 0.000000 0.985100
vn -0.171900 0.000000 0.985100
vn 0.641400 0.000000 0.767200
vn 0.641400 0.000000 0.767200
vn 0.641400 0.000000 0.767200
vn 0.767200 0.000000 0.641400
vn 0.767200 0.000000 0.641400
vn 0.767200 0.000000 0.641400
vn 0.939100 0.000000 0.343700
vn 0.939100 0.000000 0.343700
vn 0.939100 0.000000 0.343700
vn 0.985100 0.000000 0.171900
vn 0.985100 0.000000 0.171900
vn 0.985100 0.000000 0.171900
vn -0.985100 0.000000 0.171900
vn -0.985100 0.000000 0.171900
vn -0.985100 0.000000 0.171900
vn -0.939100 0.000000 0.343700
vn -0.939100 0.000000 0.343700
vn -0.939100 0.000000 0.343700
vn 0.985100 0.000000 -0.171900
vn 0.985100 0.000000 -0.171900
vn 0.985100 0.000000 -0.171900
vn 0.939100 0.000000 -0.343700
vn 0.939100 0.000000 -0.343700
vn 0.939100 0.000000 -0.343700
vn 0.767200 0.000000 -0.641400
vn 0.767200 0.000000 -0.641400
vn 0.767200 0.000000 -0.641400
vn 0.641400 0.000000 -0.767200
vn 0.641400 0.000000 -0.767200
vn 0.641400 0.000000 -0.767200
vn -0.641400 0.000000 -0.767200
vn -0.641400 0.000000 -0.767200
vn -0.641400 0.000000 -0.767200
vn -0.767200 0.000000 -0.641400
vn -0.767200 0.000000 -0.641400
vn -0.767200 0.000000 -0.641400
vn -0.939100 0.000000 -0.343700
vn -0.939100 0.000000 -0.343700
vn -0.939100 0.000000 -0.343700
vn -0.985100 0.000000 -0.171900
vn -0.985100 0.000000 -0.171900
vn -0.985100 0.000000 -0.171900
vn -0.343700 0.000000 0.939100
vn -0.343700 0.000000 0.939100
vn -0.343700 0.000000 0.939100
vn -0.171900 0.000000 0.985100
vn -0.171900 0.000000 0.985100
vn -0.171900 0.000000 0.985100
vn -0.343700 0.000000 0.939100
vn -0.343700 0.000000 0.939100
vn -0.343700 0.000000 0.939100
vn -0.171900 0.000000 0.985100
vn -0.171900 0.000000 0.985100
vn -0.171900 0.000000 0.985100
vn 0.298200 0.000000 -0.954500
vn 0.298200 0.000000 -0.954500
vn 0.298200 0.000000 -0.954500
vn 0.339000 0.000000 -0.940800
vn 0.339000 0.000000 -0.940800
vn 0.339000 0.000000 -0.940800
vn -0.767200 0.000000 0.641400
vn -0.767200 0.000000 0.641400
vn -0.767200 0.000000 0.641400
vn -0.641400 0.000000 0.767200
vn -0.641400 0.000000 0.767200
vn -0.641400 0.000000 0.767200
vn 0.171900 0.000000 0.985100
vn 0.171900 0.000000 0.985100
vn 0.171900 0.000000 0.985100
vn 0.343700 0.000000 0.939100
vn 0.343700 0.000000 0.939100
vn 0.343700 0.000000 0.939100
vn 0.641400 0.000000 0.767200
vn 0.641400 0.000000 0.767200
vn 0.641400 0.000000 0.767200
vn 0.767200 0.000000 0.641400
vn 0.767200 0.000000 0.641400
vn 0.767200 0.000000 0.641400
vn 0.939100 0.000000 0.343700
vn 0.939100 0.000000 0.343700
vn 0.939100 0.000000 0.343700
vn 0.985100 0.000000 0.171900
vn 0.985100 0.000000 0.171900
vn 0.985100 0.000000 0.171900
vn 0.939100 0.000000 -0.343700
vn 0.939100 0.000000 -0.343700
vn 0.939100 0.000000 -0.343700
vn 0.985100 0.000000 -0.171900
vn 0.985100 0.000000 -0.171900
vn 0.985100 0.000000 -0.171900
vn -0.985100 0.000000 0.171900
vn -0.985100 0.000000 0.171900
vn -0.985100 0.000000 0.171900
vn -0.939100 0.000000 0.343700
vn -0.939100 0.000000 0.343700
vn -0.939100 0.000000 0.343700
vn 0.767200 0.000000 -0.641400
vn 0.767200 0.000000 -0.641400
vn 0.767200 0.000000 -0.641400
vn 0.641400 0.000000 -0.767200
vn 0.641400 0.000000 -0.767200
vn 0.641400 0.000000 -0.767200
vn 0.343700 0.000000 -0.939100
vn 0.343700 0.000000 -0.939100
vn 0.343700 0.000000 -0.939100
vn 0.171900 0.000000 -0.985100
vn 0.171900 0.000000 -0.985100
vn 0.171900 0.000000 -0.985100
vn -0.641400 0.000000 -0.767200
vn -0.641400 0.000000 -0.767200
vn -0.641400 0.000000 -0.767200
vn -0.767200 0.000000 -0.641400
vn -0.767200 0.000000 -0.641400
vn -0.767200 0.000000 -0.641400
vn -0.939100 0.000000 -0.343700
vn -0.939100 0.000000 -0.343700
vn -0.939100 0.000000 -0.343700
vn -0.985100 0.000000 -0.171900
vn -0.985100 0.000000 -0.171900
vn -0.985100 0.000000 -0.171900
vn 0.171900 0.000000 0.985100
vn 0.171900 0.000000 0.985100
vn 0.171900 0.000000 0.985100
vn 0.343700 0.000000 0.939100
vn 0.343700 0.000000 0.939100
vn 0.343700 0.000000 0.939100
vn -0.767200 0.000000 0.641400
vn -0.767200 0.000000 0.641400
vn -0.767200 0.000000 0.641400
vn -0.641400 0.000000 0.767200
vn -0.641400 0.000000 0.767200
vn -0.641400 0.000000 0.767200
vn -0.343700 0.000000 0.939100
vn -0.343700 0.000000 0.939100
vn -0.343700 0.000000 0.939100
vn -0.171900 0.000000 0.985100
vn -0.171900 0.000000 0.985100
vn -0.171900 0.000000 0.985100
vn 0.171900 0.000000 0.985100
vn 0.171900 0.000000 0.985100
vn 0.171900 0.000000 0.985100
vn 0.343700 0.000000 0.939100
vn 0.343700 0.000000 0.939100
vn 0.343700 0.000000 0.939100
vn 0.939100 0.000000 0.343700
vn 0.939100 0.000000 0.343700
vn 0.939100 0.000000 0.343700
vn 0.985100 0.000000 0.171900
vn 0.985100 0.000000 0.171900
vn 0.985100 0.000000 0.171900
vn 0.985100 0.000000 -0.171900
vn 0.985100 0.000000 -0.171900
vn 0.985100 0.000000 -0.171900
vn 0.939100 0.000000 -0.343700
vn 0.939100 0.000000 -0.343700
vn 0.939100 0.000000 -0.343700
vn 0.767200 0.000000 -0.641400
vn 0.767200 0.000000 -0.641400
vn 0.767200 0.000000 -0.641400
vn 0.641400 0.000000 -0.767200
vn 0.641400 0.000000 -0.767200
vn 0.641400 0.000000 -0.767200
vn 0.343700 0.000000 -0.939100
vn 0.343700 0.000000 -0.939100
vn 0.343700 0.000000 -0.939100
vn 0.171900 0.000000 -0.985100
vn 0.171900 0.000000 -0.985100
vn 0.171900 0.000000 -0.985100
vn -0.171900 0.000000 -0.985100
vn -0.171900 0.000000 -0.985100
vn -0.171900 0.000000 -0.985100
vn -0.343700 0.000000 -0.939100
vn -0.343700 0.000000 -0.939100
vn -0.343700 0.000000 -0.939100
vn -0.985100 0.000000 0.171900
vn -0.985100 0.000000 0.171900
vn -0.985100 0.000000 0.171900
vn -0.939100 0.000000 0.343700
vn -0.939100 0.000000 0.343700
vn -0.939100 0.000000 0.343700
vn -0.641400 0.000000 -0.767200
vn -0.641400 0.000000 -0.767200
vn -0.641400 0.000000 -0.767200
vn -0.767200 0.000000 -0.641400
vn -0.767200 0.000000 -0.641400
vn -0.767200 0.000000 -0.641400
vn -0.939100 0.000000 -0.343700
vn -0.939100 0.000000 -0.343700
vn -0.939100 0.000000 -0.343700
vn -0.985100 0.000000 -0.171900
vn -0.985100 0.000000 -0.171900
vn -0.985100 0.000000 -0.171900
vn -0.767200 0.000000 0.641400
vn -0.767200 0.000000 0.641400
vn -0.767200 0.000000 0.641400
vn -0.641400 0.000000 0.767200
vn -0.641400 0.000000 0.767200
vn -0.641400 0.000000 0.767200
vn 0.641400 0.000000 0.767200
vn 0.641400 0.000000 0.767200
vn 0.641400 0.000000 0.767200
vn 0.767200 0.000000 0.641400
vn 0.767200 0.000000 0.641400
vn 0.767200 0.000000 0.641400
vn 0.939100 0.000000 0.343700
vn 0.939100 0.000000 0.343700
vn 0.939100 0.000000 0.343700
vn 0.985100 0.000000 0.171900
vn 0.985100 0.000000 0.171900
vn 0.985100 0.000000 0.171900
vn 0.985100 0.000000 -0.171900
vn 0.985100 0.000000 -0.171900
vn 0.985100 0.000000 -0.171900
vn 0.939100 0.000000 -0.343700
vn 0.939100 0.000000 -0.343700
vn 0.939100 0.000000 -0.343700
vn 0.767200 0.000000 -0.641400
vn 0.767200 0.000000 -0.641400
vn 0.767200 0.000000 -0.641400
vn 0.641400 0.000000 -0.767200
vn 0.641400 0.000000 -0.767200
vn 0.641400 0.000000 -0.767200
vn -0.985100 0.000000 0.171900
vn -0.985100 0.000000 0.171900
vn -0.985100 0.000000 0.171900
vn -0.939100 0.000000 0.343700
vn -0.939100 0.000000 0.343700
vn -0.939100 0.000000 0.343700
vn 0.343700 0.000000 -0.939100
vn 0.343700 0.000000 -0.939100
vn 0.343700 0.000000 -0.939100
vn 0.171900 0.000000 -0.985100
vn 0.171900 0.000000 -0.985100
vn 0.171900 0.000000 -0.985100
vn -0.171900 0.000000 -0.985100
vn -0.171900 0.000000 -0.985100
vn -0.171900 0.000000 -0.985100
vn -0.343700 0.000000 -0.939100
vn -0.343700 0.000000 -0.939100
vn -0.343700 0.000000 -0.939100
vn -0.641400 0.000000 -0.767200
vn -0.641400 0.000000 -0.767200
vn -0.641400 0.000000 -0.767200
vn -0.767200 0.000000 -0.641400
vn -0.767200 0.000000 -0.641400
vn -0.767200 0.000000 -0.641400
vn -0.939100 0.000000 -0.343700
vn -0.939100 0.000000 -0.343700
vn -0.939100 0.000000 -0.343700
vn -0.985100 0.000000 -0.171900
vn -0.985100 0.000000 -0.171900
vn -0.985100 0.000000 -0.171900

f 3//1 2//2 4//3
f 3//4 4//5 5//6
f 5//7 4//8 6//9
f 5//10 6//11 7//12
f 7//13 6//14 8//15
f 7//16 8//17 9//18
f 9//19 8//20 10//21
f 9//22 10//23 11//24
f 11//25 10//26 12//27
f 11//28 12//29 13//30
f 13//31 12//32 14//33
f 13//34 14//35 15//36
f 15//37 14//38 16//39
f 15//40 16//41 17//42
f 17//43 16//44 18//45
f 17//46 18//47 19//48
f 19//49 18//50 20//51
f 19//52 20//53 21//54
f 21//55 20//56 22//57
f 21//58 22//59 23//60
f 23//61 22//62 24//63
f 23//64 24//65 25//66
f 26//67 27//68 28//69
f 28//70 27//71 29//72
f 28//73 29//74 30//75
f 30//76 29//77 31//78
f 30//79 31//80 32//81
f 32//82 31//83 33//84
f 32//85 33//86 34//87
f 35//88 36//89 37//90
f 35//91 37//92 38//93
f 35//94 38//95 39//96
f 35//97 39//98 40//99
f 35//100 40//101 41//102
f 35//103 41//104 42//105
f 35//106 42//107 43//108
f 35//109 43//110 29//111
f 35//112 29//113 27//114
f 35//115 27//116 44//117
f 36//118 18//119 16//120
f 36//121 45//122 46//123
f 36//124 46//125 47//126
f 36//127 47//128 48//129
f 36//130 48//131 49//132
f 36//133 49//134 4//135
f 36//136 4//137 2//138
f 36//139 2//140 50//141
f 36//142 50//143 51//144
f 36//145 51//146 52//147
f 36//148 52//149 37//150
f 53//151 42//152 41//153
f 53//154 41//155 54//156
f 53//157 54//158 55//159
f 53//160 55//161 56//162
f 53//163 56//164 57//165
f 53//166 57//167 58//168
f 53//169 58//170 51//171
f 53//172 51//173 50//174
f 3//175 5//176 59//177
f 59//178 5//179 60//180
f 59//181 60//182 61//183
f 61//184 60//185 62//186
f 61//187 62//188 19//189
f 19//190 62//191 63//192
f 19//193 63//194 64//195
f 65//196 66//197 67//198
f 67//199 66//200 68//201
f 67//202 68//203 69//204
f 69//205 68//206 61//207
f 69//208 61//209 19//210
f 70//211 19//212 21//213
f 70//214 21//215 71//216
f 72//217 17//218 19//219
f 72//220 19//221 64//222
f 73//223 74//224 75//225
f 73//226 76//227 77//228
f 73//229 77//230 78//231
f 73//232 78//233 79//234
f 73//235 79//236 80//237
f 73//238 80//239 81//240
f 73//241 81//242 82//243
f 73//244 82//245 83//246
f 44//247 27//248 84//249
f 44//250 84//251 85//252
f 44//253 85//254 86//255
f 44//256 86//257 87//258
f 44//259 87//260 88//261
f 44//262 88//263 89//264
f 44//265 89//266 28//267
f 44//268 28//269 90//270
f 91//271 90//272 28//273
f 91//274 28//275 92//276
f 28//277 89//278 93//279
f 28//280 93//281 94//282
f 28//283 94//284 95//285
f 28//286 95//287 96//288
f 28//289 96//290 26//291
f 28//292 30//293 97//294
f 28//295 97//296 98//297
f 28//298 99//299 100//300
f 101//301 102//302 103//303
f 103//304 102//305 104//306
f 103//307 104//308 105//309
f 105//310 104//311 106//312
f 105//313 106//314 107//315
f 107//316 106//317 108//318
f 107//319 108//320 109//321
f 110//322 111//323 112//324
f 112//325 111//326 113//327
f 112//328 113//329 114//330
f 114//331 113//332 115//333
f 114//334 115//335 116//336
f 116//337 115//338 117//339
f 116//340 117//341 118//342
f 118//343 117//344 119//345
f 118//346 119//347 120//348
f 120//349 119//350 121//351
f 120//352 121//353 122//354
f 122//355 121//356 123//357
f 122//358 123//359 124//360
f 124//361 123//362 125//363
f 124//364 125//365 109//366
f 109//367 125//368 126//369
f 109//370 126//371 107//372
f 112//373 23//374 25//375
f 112//376 25//377 127//378
f 112//379 127//380 128//381
f 112//382 128//383 129//384
f 112//385 129//386 130//387
f 112//388 130//389 131//390
f 112//391 131//392 132//393
f 112//394 132//395 133//396
f 112//397 133//398 134//399
f 112//400 134//401 110//402
f 104//403 102//404 135//405
f 135//406 102//407 112//408
f 135//409 112//410 136//411
f 136//412 112//413 114//414
f 102//415 101//416 137//417
f 102//418 137//419 138//420
f 102//421 138//422 139//423
f 102//424 139//425 140//426
f 102//427 140//428 82//429
f 102//430 82//431 81//432
f 102//433 81//434 141//435
f 102//436 141//437 142//438
f 102//439 142//440 143//441
f 102//442 143//443 144//444
f 102//445 144//446 145//447
f 102//448 145//449 146//450
f 146//451 145//452 75//453
f 146//454 75//455 74//456
f 146//457 74//458 147//459
f 146//460 147//461 148//462
f 149//463 150//464 151//465
f 151//466 150//467 152//468
f 151//469 152//470 18//471
f 18//472 152//473 153//474
f 18//475 153//476 20//477
f 151//478 154//479 155//480
f 151//481 155//482 156//483
f 151//484 156//485 157//486
f 151//487 157//488 158//489
f 151//490 158//491 130//492
f 151//493 130//494 129//495
f 151//496 129//497 159//498
f 151//499 159//500 149//501
f 154//502 83//503 160//504
f 154//505 160//506 161//507
f 154//508 161//509 162//510
f 154//511 162//512 163//513
f 154//514 163//515 164//516
f 154//517 164//518 113//519
f 154//520 113//521 111//522
f 154//523 111//524 165//525
f 154//526 165//527 155//528
f 125//529 160//530 83//531
f 125//532 83//533 82//534
f 125//535 82//536 166//537
f 125//538 166//539 167//540
f 125//541 167//542 126//543
f 148//544 147//545 168//546
f 21//547 23//548 169//549
f 43//550 42//551 170//552
f 32//553 34//554 171//555
f 172//556 173//557 174//558
f 172//559 174//560 175//561
f 172//562 175//563 176//564
f 172//565 176//566 177//567
f 172//568 177//569 178//570
f 172//571 178//572 179//573
f 172//574 179//575 180//576
f 172//577 181//578 182//579
f 183//580 184//581 185//582
f 183//583 185//584 186//585
f 183//586 186//587 187//588
f 183//589 187//590 188//591
f 183//592 188//593 189//594
f 183//595 189//596 190//597
f 183//598 190//599 191//600
f 183//601 191//602 192//603
f 193//604 194//605 195//606
f 195//607 194//608 196//609
f 195//610 196//611 197//612
f 197//613 196//614 198//615
f 197//616 198//617 199//618
f 199//619 198//620 200//621
f 199//622 200//623 201//624
f 201//625 200//626 202//627
f 201//628 202//629 203//630
f 204//631 205//632 206//633
f 204//634 206//635 198//636
f 204//637 198//638 196//639
f 204//640 196//641 207//642
f 204//643 207//644 208//645
f 204//646 208//647 209//648
f 204//649 209//650 210//651
f 204//652 210//653 211//654
f 204//655 211//656 212//657
f 204//658 212//659 195//660
f 204//661 195//662 213//663
f 204//664 213//665 214//666
f 204//667 214//668 215//669
f 195//670 212//671 216//672
f 195//673 216//674 217//675
f 195//676 217//677 218//678
f 195//679 218//680 193//681
f 197//682 199//683 219//684
f 197//685 219//686 220//687
f 197//688 220//689 221//690
f 197//691 221//692 192//693
f 197//694 192//695 191//696
f 197//697 191//698 222//699
f 197//700 222//701 223//702
f 197//703 223//704 224//705
f 197//706 224//707 225//708
f 197//709 225//710 226//711
f 226//712 225//713 227//714
f 226//715 227//716 185//717
f 226//718 185//719 184//720
f 226//721 184//722 228//723
f 226//724 228//725 229//726
f 226//727 229//728 230//729
f 226//730 230//731 231//732
f 226//733 231//734 232//735
f 226//736 232//737 233//738
f 226//739 233//740 234//741
f 226//742 234//743 235//744
f 226//745 235//746 236//747
f 226//748 237//749 238//750
f 239//751 240//752 241//753
f 241//754 240//755 242//756
f 241//757 242//758 243//759
f 243//760 242//761 244//762
f 243//763 244//764 245//765
f 245//766 244//767 246//768
f 245//769 246//770 247//771
f 247//772 246//773 248//774
f 247//775 248//776 249//777
f 249//778 248//779 250//780
f 249//781 250//782 251//783
f 251//784 250//785 252//786
f 251//787 252//788 253//789
f 253//790 252//791 254//792
f 253//793 254//794 255//795
f 255//796 254//797 256//798
f 255//799 256//800 257//801
f 258//802 259//803 260//804
f 258//805 260//806 261//807
f 258//808 261//809 262//810
f 258//811 262//812 263//813
f 258//814 263//815 264//816
f 262//817 261//818 238//819
f 262//820 238//821 266//822
f 262//823 266//824 267//825
f 262//826 267//827 268//828
f 262//829 268//830 269//831
f 262//832 269//833 270//834
f 262//835 270//836 271//837
f 262//838 271//839 272//840
f 262//841 272//842 273//843
f 238//844 237//845 266//846
f 266//847 237//848 274//849
f 266//850 274//851 275//852
f 275//853 274//854 276//855
f 275//856 276//857 277//858
f 277//859 276//860 278//861
f 277//862 278//863 279//864
f 279//865 278//866 280//867
f 279//868 280//869 281//870
f 281//871 280//872 282//873
f 281//874 282//875 283//876
f 283//877 282//878 231//879
f 283//880 231//881 230//882
f 284//883 285//884 286//885
f 284//886 286//887 287//888
f 284//889 287//890 260//891
f 284//892 260//893 259//894
f 285//895 288//896 289//897
f 285//898 289//899 290//900
f 285//901 290//902 242//903
f 285//904 242//905 240//906
f 285//907 240//908 291//909
f 285//910 291//911 292//912
f 285//913 292//914 293//915
f 285//916 293//917 294//918
f 285//919 294//920 295//921
f 285//922 295//923 296//924
f 285//925 296//926 297//927
f 285//928 297//929 298//930
f 285//931 298//932 299//933
f 285//934 299//935 286//936
f 288//937 300//938 301//939
f 288//940 301//941 302//942
f 288//943 302//944 303//945
f 288//946 303//947 304//948
f 288//949 304//950 305//951
f 288//952 305//953 175//954
f 288//955 175//956 174//957
f 288//958 174//959 306//960
f 288//961 306//962 307//963
f 288//964 307//965 308//966
f 288//967 308//968 309//969
f 288//970 309//971 310//972
f 288//973 310//974 311//975
f 288//976 311//977 312//978
f 288//979 312//980 289//981
f 313//982 314//983 315//984
f 315//985 314//986 182//987
f 315//988 182//989 300//990
f 300//991 182//992 181//993
f 300//994 181//995 301//996
f 316//997 317//998 318//999
f 316//1000 318//1001 273//1002
f 316//1003 273//1004 272//1005
f 319//1006 230//1007 229//1008
f 319//1009 229//1010 271//1011
f 319//1012 271//1013 270//1014
f 238//1015 261//1016 320//1017
f 238//1018 320//1019 321//1020
f 238//1021 321//1022 322//1023
f 238//1024 322//1025 323//1026
f 323//1027 322//1028 324//1029
f 323//1030 324//1031 325//1032
f 323//1033 325//1034 297//1035
f 323//1036 297//1037 296//1038
f 323//1039 296//1040 326//1041
f 323//1042 326//1043 327//1044
f 323//1045 327//1046 328//1047
f 323//1048 328//1049 329//1050
f 323//1051 329//1052 241//1053
f 241//1054 243//1055 330//1056
f 241//1057 330//1058 331//1059
f 241//1060 331//1061 332//1062
f 241//1063 332//1064 333//1065
f 241//1066 333//1067 334//1068
f 241//1069 334//1070 173//1071
f 255//1072 257//1073 335//1074
f 255//1075 335//1076 174//1077
f 255//1078 174//1079 173//1080
f 255//1081 173//1082 334//1083
f 254//1084 336//1085 337//1086
f 337//1087 336//1088 338//1089
f 337//1090 338//1091 339//1092
f 339//1093 338//1094 312//1095
f 339//1096 312//1097 311//1098
f 256//1099 254//1100 337//1101
f 239//1102 241//1103 329//1104
f 340//1105 229//1106 228//1107
f 206//1108 205//1109 341//1110
f 201//1111 203//1112 342//1113
f 101//1114 103//1115 311//1116
f 101//1117 311//1118 310//1119
f 4//1120 49//1121 232//1122
f 4//1123 232//1124 231//1125
f 58//1126 57//1127 187//1128
f 58//1129 187//1130 186//1131
f 88//1132 87//1133 217//1134
f 88//1135 217//1136 216//1137
f 92//1138 28//1139 204//1140
f 92//1141 204//1142 215//1143
f 91//1144 92//1145 215//1146
f 91//1147 215//1148 214//1149
f 93//1150 89//1151 212//1152
f 93//1153 212//1154 211//1155
f 26//1156 96//1157 208//1158
f 26//1159 208//1160 207//1161
f 27//1162 26//1163 207//1164
f 27//1165 207//1166 196//1167
f 84//1168 27//1169 196//1170
f 84//1171 196//1172 194//1173
f 85//1174 84//1175 194//1176
f 85//1177 194//1178 193//1179
f 86//1180 85//1181 193//1182
f 86//1183 193//1184 218//1185
f 96//1186 95//1187 209//1188
f 96//1189 209//1190 208//1191
f 87//1192 86//1193 218//1194
f 87//1195 218//1196 217//1197
f 89//1198 88//1199 216//1200
f 89//1201 216//1202 212//1203
f 94//1204 93//1205 211//1206
f 94//1207 211//1208 210//1209
f 95//1210 94//1211 210//1212
f 95//1213 210//1214 209//1215
f 40//1216 39//1217 223//1218
f 40//1219 223//1220 222//1221
f 214//1222 213//1223 90//1224
f 214//1225 90//1226 91//1227
f 44//1228 90//1229 213//1230
f 44//1231 213//1232 195//1233
f 35//1234 44//1235 195//1236
f 35//1237 195//1238 197//1239
f 36//1240 35//1241 197//1242
f 36//1243 197//1244 226//1245
f 226//1246 238//1247 18//1248
f 226//1249 18//1250 36//1251
f 57//1252 56//1253 188//1254
f 57//1255 188//1256 187//1257
f 52//1258 51//1259 185//1260
f 52//1261 185//1262 227//1263
f 37//1264 52//1265 227//1266
f 37//1267 227//1268 225//1269
f 38//1270 37//1271 225//1272
f 38//1273 225//1274 224//1275
f 39//1276 38//1277 224//1278
f 39//1279 224//1280 223//1281
f 51//1282 58//1283 186//1284
f 51//1285 186//1286 185//1287
f 41//1288 40//1289 222//1290
f 41//1291 222//1292 191//1293
f 54//1294 41//1295 191//1296
f 54//1297 191//1298 190//1299
f 55//1300 54//1301 190//1302
f 55//1303 190//1304 189//1305
f 56//1306 55//1307 189//1308
f 56//1309 189//1310 188//1311
f 15//1312 17//1313 266//1314
f 15//1315 266//1316 275//1317
f 45//1318 16//1319 237//1320
f 45//1321 237//1322 236//1323
f 300//1324 288//1325 102//1326
f 300//1327 102//1328 146//1329
f 238//1330 323//1331 151//1332
f 238//1333 151//1334 18//1335
f 343//1336 344//1337 345//1338
f 343//1339 345//1340 346//1341
f 343//1342 346//1343 347//1344
f 343//1345 347//1346 348//1347
f 343//1348 348//1349 349//1350
f 343//1351 349//1352 350//1353
f 343//1354 350//1355 351//1356
f 343//1357 351//1358 352//1359
f 343//1360 352//1361 353//1362
f 343//1363 353//1364 354//1365
f 355//1366 356//1367 347//1368
f 355//1369 347//1370 346//1371
f 355//1372 159//1373 129//1374
f 355//1375 129//1376 356//1377
f 357//1378 355//1379 346//1380
f 357//1381 346//1382 345//1383
f 357//1384 149//1385 159//1386
f 357//1387 159//1388 355//1389
f 358//1390 357//1391 345//1392
f 358//1393 345//1394 344//1395
f 150//1396 149//1397 357//1398
f 150//1399 357//1400 358//1401
f 359//1402 358//1403 344//1404
f 359//1405 344//1406 343//1407
f 150//1408 358//1409 359//1410
f 150//1411 359//1412 152//1413
f 360//1414 359//1415 343//1416
f 360//1417 343//1418 354//1419
f 153//1420 152//1421 359//1422
f 153//1423 359//1424 360//1425
f 361//1426 360//1427 354//1428
f 361//1429 354//1430 353//1431
f 20//1432 153//1433 360//1434
f 20//1435 360//1436 361//1437
f 362//1438 361//1439 353//1440
f 362//1441 353//1442 352//1443
f 20//1444 361//1445 362//1446
f 20//1447 362//1448 22//1449
f 363//1450 362//1451 352//1452
f 363//1453 352//1454 351//1455
f 22//1456 362//1457 363//1458
f 22//1459 363//1460 24//1461
f 364//1462 363//1463 351//1464
f 364//1465 351//1466 350//1467
f 364//1468 25//1469 24//1470
f 364//1471 24//1472 363//1473
f 365//1474 364//1475 350//1476
f 365//1477 350//1478 349//1479
f 365//1480 127//1481 25//1482
f 365//1483 25//1484 364//1485
f 366//1486 365//1487 349//1488
f 366//1489 349//1490 348//1491
f 365//1492 366//1493 128//1494
f 365//1495 128//1496 127//1497
f 356//1498 366//1499 348//1500
f 356//1501 348//1502 347//1503
f 356//1504 129//1505 128//1506
f 356//1507 128//1508 366//1509
f 367//1510 368//1511 369//1512
f 367//1513 369//1514 370//1515
f 367//1516 370//1517 371//1518
f 367//1519 371//1520 372//1521
f 367//1522 372//1523 373//1524
f 367//1525 373//1526 374//1527
f 367//1528 374//1529 375//1530
f 367//1531 375//1532 376//1533
f 367//1534 376//1535 377//1536
f 367//1537 377//1538 378//1539
f 379//1540 371//1541 370//1542
f 379//1543 370//1544 380//1545
f 380//1546 320//1547 261//1548
f 380//1549 261//1550 379//1551
f 380//1552 370//1553 369//1554
f 380//1555 369//1556 381//1557
f 381//1558 321//1559 320//1560
f 381//1561 320//1562 380//1563
f 381//1564 369//1565 368//1566
f 381//1567 368//1568 382//1569
f 382//1570 322//1571 321//1572
f 382//1573 321//1574 381//1575
f 382//1576 368//1577 367//1578
f 382//1579 367//1580 383//1581
f 383//1582 324//1583 322//1584
f 383//1585 322//1586 382//1587
f 383//1588 367//1589 378//1590
f 383//1591 378//1592 384//1593
f 325//1594 324//1595 383//1596
f 325//1597 383//1598 384//1599
f 384//1600 378//1601 377//1602
f 384//1603 377//1604 385//1605
f 297//1606 325//1607 384//1608
f 297//1609 384//1610 385//1611
f 385//1612 377//1613 376//1614
f 385//1615 376//1616 386//1617
f 297//1618 385//1619 386//1620
f 297//1621 386//1622 298//1623
f 386//1624 376//1625 375//1626
f 386//1627 375//1628 387//1629
f 298//1630 386//1631 387//1632
f 298//1633 387//1634 299//1635
f 387//1636 375//1637 374//1638
f 387//1639 374//1640 388//1641
f 286//1642 299//1643 387//1644
f 286//1645 387//1646 388//1647
f 388//1648 374//1649 373//1650
f 388//1651 373//1652 389//1653
f 286//1654 388//1655 389//1656
f 286//1657 389//1658 287//1659
f 389//1660 373//1661 372//1662
f 389//1663 372//1664 390//1665
f 389//1666 390//1667 260//1668
f 389//1669 260//1670 287//1671
f 390//1672 372//1673 371//1674
f 390//1675 371//1676 379//1677
f 379//1678 261//1679 260//1680
f 379//1681 260//1682 390//1683
f 288//1684 285//1685 112//1686
f 288//1687 112//1688 102//1689
f 16//1690 14//1691 274//1692
f 16//1693 274//1694 237//1695
f 14//1696 12//1697 276//1698
f 14//1699 276//1700 274//1701
f 46//1702 45//1703 236//1704
f 46//1705 236//1706 235//1707
f 47//1708 46//1709 235//1710
f 47//1711 235//1712 234//1713
f 48//1714 47//1715 234//1716
f 48//1717 234//1718 233//1719
f 12//1720 10//1721 278//1722
f 12//1723 278//1724 276//1725
f 49//1726 48//1727 233//1728
f 49//1729 233//1730 232//1731
f 6//1732 4//1733 231//1734
f 6//1735 231//1736 282//1737
f 8//1738 6//1739 282//1740
f 8//1741 282//1742 280//1743
f 280//1744 278//1745 10//1746
f 280//1747 10//1748 8//1749
f 62//1750 60//1751 319//1752
f 62//1753 319//1754 270//1755
f 259//1756 169//1757 23//1758
f 259//1759 23//1760 284//1761
f 204//1762 28//1763 391//1764
f 204//1765 391//1766 392//1767
f 204//1768 392//1769 393//1770
f 204//1771 393//1772 394//1773
f 204//1774 394//1775 395//1776
f 204//1777 395//1778 205//1779
f 394//1780 396//1781 259//1782
f 394//1783 259//1784 397//1785
f 394//1786 397//1787 395//1788
f 392//1789 398//1790 259//1791
f 392//1792 259//1793 399//1794
f 392//1795 399//1796 393//1797
f 400//1798 391//1799 401//1800
f 400//1801 401//1802 402//1803
f 400//1804 402//1805 21//1806
f 400//1807 21//1808 169//1809
f 400//1810 169//1811 259//1812
f 400//1813 259//1814 398//1815
f 28//1816 100//1817 401//1818
f 28//1819 401//1820 391//1821
f 399//1822 259//1823 396//1824
f 397//1825 259//1826 258//1827
f 403//1828 404//1829 405//1830
f 403//1831 405//1832 406//1833
f 403//1834 406//1835 407//1836
f 403//1837 407//1838 408//1839
f 403//1840 408//1841 409//1842
f 410//1843 411//1844 409//1845
f 410//1846 409//1847 408//1848
f 412//1849 413//1850 414//1851
f 414//1852 413//1853 415//1854
f 414//1855 415//1856 416//1857
f 416//1858 415//1859 417//1860
f 416//1861 417//1862 418//1863
f 418//1864 417//1865 419//1866
f 418//1867 419//1868 420//1869
f 413//1870 412//1871 421//1872
f 397//1873 422//1874 423//1875
f 397//1876 423//1877 424//1878
f 397//1879 424//1880 425//1881
f 397//1882 425//1883 426//1884
f 397//1885 426//1886 395//1887
f 401//1888 427//1889 428//1890
f 401//1891 428//1892 429//1893
f 401//1894 429//1895 430//1896
f 401//1897 430//1898 431//1899
f 401//1900 431//1901 402//1902
f 432//1903 433//1904 434//1905
f 434//1906 433//1907 435//1908
f 434//1909 435//1910 436//1911
f 436//1912 435//1913 437//1914
f 436//1915 437//1916 438//1917
f 438//1918 437//1919 439//1920
f 438//1921 439//1922 440//1923
f 433//1924 432//1925 441//1926
f 442//1927 443//1928 444//1929
f 442//1930 444//1931 445//1932
f 442//1933 445//1934 446//1935
f 442//1936 446//1937 447//1938
f 442//1939 447//1940 448//1941
f 449//1942 450//1943 444//1944
f 449//1945 444//1946 443//1947
f 451//1948 452//1949 453//1950
f 451//1951 453//1952 454//1953
f 451//1954 454//1955 455//1956
f 451//1957 455//1958 456//1959
f 451//1960 456//1961 457//1962
f 451//1963 457//1964 458//1965
f 451//1966 458//1967 459//1968
f 451//1969 459//1970 460//1971
f 451//1972 460//1973 461//1974
f 451//1975 461//1976 462//1977
f 463//1978 464//1979 465//1980
f 463//1981 465//1982 466//1983
f 463//1984 466//1985 467//1986
f 463//1987 467//1988 468//1989
f 463//1990 468//1991 469//1992
f 463//1993 469//1994 470//1995
f 463//1996 470//1997 471//1998
f 463//1999 471//2000 472//2001
f 463//2002 472//2003 473//2004
f 463//2005 473//2006 474//2007
f 475//2008 476//2009 465//2010
f 475//2011 465//2012 464//2013
f 445//2014 444//2015 476//2016
f 445//2017 476//2018 475//2019
f 477//2020 475//2021 464//2022
f 477//2023 464//2024 463//2025
f 446//2026 445//2027 475//2028
f 446//2029 475//2030 477//2031
f 478//2032 477//2033 463//2034
f 478//2035 463//2036 474//2037
f 446//2038 477//2039 478//2040
f 446//2041 478//2042 447//2043
f 479//2044 478//2045 474//2046
f 479//2047 474//2048 473//2049
f 447//2050 478//2051 479//2052
f 447//2053 479//2054 29//2055
f 447//2056 29//2057 43//2058
f 480//2059 479//2060 473//2061
f 480//2062 473//2063 472//2064
f 29//2065 479//2066 480//2067
f 29//2068 480//2069 31//2070
f 481//2071 480//2072 472//2073
f 481//2074 472//2075 471//2076
f 440//2077 33//2078 31//2079
f 440//2080 31//2081 480//2082
f 440//2083 480//2084 438//2085
f 438//2086 480//2087 481//2088
f 483//2089 481//2090 471//2091
f 483//2092 471//2093 470//2094
f 481//2095 483//2096 436//2097
f 481//2098 436//2099 438//2100
f 484//2101 483//2102 470//2103
f 484//2104 470//2105 469//2106
f 484//2107 434//2108 436//2109
f 484//2110 436//2111 483//2112
f 485//2113 486//2114 453//2115
f 485//2116 453//2117 452//2118
f 435//2119 433//2120 486//2121
f 435//2122 486//2123 485//2124
f 487//2125 485//2126 452//2127
f 487//2128 452//2129 451//2130
f 437//2131 435//2132 485//2133
f 437//2134 485//2135 487//2136
f 488//2137 487//2138 451//2139
f 488//2140 451//2141 462//2142
f 437//2143 487//2144 488//2145
f 437//2146 488//2147 439//2148
f 489//2149 488//2150 462//2151
f 489//2152 462//2153 461//2154
f 439//2155 488//2156 489//2157
f 439//2158 489//2159 30//2160
f 439//2161 30//2162 32//2163
f 490//2164 489//2165 461//2166
f 490//2167 461//2168 460//2169
f 30//2170 489//2171 490//2172
f 30//2173 490//2174 97//2175
f 491//2176 490//2177 460//2178
f 491//2179 460//2180 459//2181
f 427//2182 98//2183 97//2184
f 427//2185 97//2186 490//2187
f 427//2188 490//2189 428//2190
f 428//2191 490//2192 491//2193
f 493//2194 491//2195 459//2196
f 493//2197 459//2198 458//2199
f 491//2200 493//2201 429//2202
f 491//2203 429//2204 428//2205
f 494//2206 493//2207 458//2208
f 494//2209 458//2210 457//2211
f 494//2212 430//2213 429//2214
f 494//2215 429//2216 493//2217
f 495//2218 494//2219 457//2220
f 495//2221 457//2222 456//2223
f 495//2224 431//2225 430//2226
f 495//2227 430//2228 494//2229
f 496//2230 495//2231 456//2232
f 496//2233 456//2234 455//2235
f 496//2236 19//2237 70//2238
f 496//2239 70//2240 431//2241
f 496//2242 431//2243 495//2244
f 497//2245 496//2246 455//2247
f 497//2248 455//2249 454//2250
f 19//2251 496//2252 497//2253
f 19//2254 497//2255 69//2256
f 486//2257 497//2258 454//2259
f 486//2260 454//2261 453//2262
f 441//2263 67//2264 69//2265
f 441//2266 69//2267 497//2268
f 441//2269 497//2270 433//2271
f 433//2272 497//2273 486//2274
f 499//2275 484//2276 469//2277
f 499//2278 469//2279 468//2280
f 499//2281 432//2282 434//2283
f 499//2284 434//2285 484//2286
f 500//2287 499//2288 468//2289
f 500//2290 468//2291 467//2292
f 500//2293 61//2294 68//2295
f 500//2296 68//2297 432//2298
f 500//2299 432//2300 499//2301
f 501//2302 500//2303 467//2304
f 501//2305 467//2306 466//2307
f 501//2308 59//2309 61//2310
f 501//2311 61//2312 500//2313
f 476//2314 501//2315 466//2316
f 476//2317 466//2318 465//2319
f 450//2320 3//2321 59//2322
f 450//2323 59//2324 501//2325
f 450//2326 501//2327 444//2328
f 444//2329 501//2330 476//2331
f 503//2332 504//2333 505//2334
f 503//2335 505//2336 506//2337
f 503//2338 506//2339 507//2340
f 503//2341 507//2342 508//2343
f 503//2344 508//2345 509//2346
f 503//2347 509//2348 510//2349
f 503//2350 510//2351 511//2352
f 503//2353 511//2354 512//2355
f 503//2356 512//2357 513//2358
f 503//2359 513//2360 514//2361
f 515//2362 516//2363 517//2364
f 515//2365 517//2366 518//2367
f 515//2368 518//2369 519//2370
f 515//2371 519//2372 520//2373
f 515//2374 520//2375 521//2376
f 515//2377 521//2378 522//2379
f 515//2380 522//2381 523//2382
f 515//2383 523//2384 524//2385
f 515//2386 524//2387 525//2388
f 515//2389 525//2390 526//2391
f 420//2392 202//2393 200//2394
f 420//2395 200//2396 528//2397
f 420//2398 528//2399 418//2400
f 418//2401 528//2402 529//2403
f 518//2404 517//2405 529//2406
f 518//2407 529//2408 528//2409
f 198//2410 530//2411 528//2412
f 198//2413 528//2414 200//2415
f 519//2416 518//2417 528//2418
f 519//2419 528//2420 530//2421
f 426//2422 531//2423 530//2424
f 426//2425 530//2426 198//2427
f 426//2428 198//2429 206//2430
f 520//2431 519//2432 530//2433
f 520//2434 530//2435 531//2436
f 425//2437 532//2438 531//2439
f 425//2440 531//2441 426//2442
f 521//2443 520//2444 531//2445
f 521//2446 531//2447 532//2448
f 425//2449 424//2450 533//2451
f 425//2452 533//2453 532//2454
f 522//2455 521//2456 532//2457
f 522//2458 532//2459 533//2460
f 424//2461 423//2462 534//2463
f 424//2464 534//2465 533//2466
f 523//2467 522//2468 533//2469
f 523//2470 533//2471 534//2472
f 422//2473 264//2474 263//2475
f 422//2476 263//2477 536//2478
f 422//2479 536//2480 423//2481
f 423//2482 536//2483 534//2484
f 524//2485 523//2486 534//2487
f 524//2488 534//2489 536//2490
f 262//2491 537//2492 536//2493
f 262//2494 536//2495 263//2496
f 525//2497 524//2498 536//2499
f 525//2500 536//2501 537//2502
f 537//2503 262//2504 273//2505
f 537//2506 273//2507 412//2508
f 537//2509 412//2510 538//2511
f 526//2512 525//2513 537//2514
f 526//2515 537//2516 538//2517
f 538//2518 412//2519 414//2520
f 538//2521 414//2522 539//2523
f 515//2524 526//2525 538//2526
f 515//2527 538//2528 539//2529
f 539//2530 414//2531 416//2532
f 539//2533 416//2534 540//2535
f 516//2536 515//2537 539//2538
f 516//2539 539//2540 540//2541
f 405//2542 220//2543 219//2544
f 405//2545 219//2546 542//2547
f 405//2548 542//2549 406//2550
f 406//2551 542//2552 543//2553
f 506//2554 505//2555 543//2556
f 506//2557 543//2558 542//2559
f 199//2560 544//2561 542//2562
f 199//2563 542//2564 219//2565
f 507//2566 506//2567 542//2568
f 507//2569 542//2570 544//2571
f 419//2572 545//2573 544//2574
f 419//2575 544//2576 199//2577
f 419//2578 199//2579 201//2580
f 508//2581 507//2582 544//2583
f 508//2584 544//2585 545//2586
f 417//2587 546//2588 545//2589
f 417//2590 545//2591 419//2592
f 509//2593 508//2594 545//2595
f 509//2596 545//2597 546//2598
f 417//2599 415//2600 547//2601
f 417//2602 547//2603 546//2604
f 510//2605 509//2606 546//2607
f 510//2608 546//2609 547//2610
f 415//2611 413//2612 548//2613
f 415//2614 548//2615 547//2616
f 511//2617 510//2618 547//2619
f 511//2620 547//2621 548//2622
f 421//2623 316//2624 272//2625
f 421//2626 272//2627 550//2628
f 421//2629 550//2630 413//2631
f 413//2632 550//2633 548//2634
f 512//2635 511//2636 548//2637
f 512//2638 548//2639 550//2640
f 271//2641 551//2642 550//2643
f 271//2644 550//2645 272//2646
f 513//2647 512//2648 550//2649
f 513//2650 550//2651 551//2652
f 551//2653 271//2654 229//2655
f 551//2656 229//2657 410//2658
f 551//2659 410//2660 552//2661
f 514//2662 513//2663 551//2664
f 514//2665 551//2666 552//2667
f 552//2668 410//2669 408//2670
f 552//2671 408//2672 553//2673
f 503//2674 514//2675 552//2676
f 503//2677 552//2678 553//2679
f 553//2680 408//2681 407//2682
f 553//2683 407//2684 554//2685
f 504//2686 503//2687 553//2688
f 504//2689 553//2690 554//2691
f 543//2692 554//2693 407//2694
f 543//2695 407//2696 406//2697
f 505//2698 504//2699 554//2700
f 505//2701 554//2702 543//2703
f 529//2704 540//2705 416//2706
f 529//2707 416//2708 418//2709
f 517//2710 516//2711 540//2712
f 517//2713 540//2714 529//2715
f 449//2716 443//2717 50//2718
f 449//2719 50//2720 2//2721
f 53//2722 50//2723 443//2724
f 53//2725 443//2726 442//2727
f 401//2728 100//2729 99//2730
f 401//2731 492//2732 427//2733
f 171//2734 34//2735 482//2736
f 171//2737 482//2738 440//2739
f 171//2740 440//2741 439//2742
f 170//2743 42//2744 448//2745
f 170//2746 448//2747 447//2748
f 170//2749 447//2750 43//2751
f 32//2752 171//2753 439//2754
f 449//2755 2//2756 1//2757
f 449//2758 1//2759 502//2760
f 449//2761 502//2762 450//2763
f 66//2764 65//2765 498//2766
f 66//2767 498//2768 441//2769
f 66//2770 441//2771 432//2772
f 71//2773 21//2774 402//2775
f 71//2776 402//2777 431//2778
f 432//2779 68//2780 66//2781
f 431//2782 70//2783 71//2784
f 409//2785 411//2786 228//2787
f 409//2788 228//2789 184//2790
f 403//2791 409//2792 184//2793
f 403//2794 184//2795 183//2796
f 340//2797 228//2798 411//2799
f 340//2800 411//2801 410//2802
f 342//2803 203//2804 527//2805
f 342//2806 527//2807 420//2808
f 342//2809 420//2810 419//2811
f 404//2812 192//2813 221//2814
f 404//2815 221//2816 541//2817
f 404//2818 541//2819 405//2820
f 395//2821 426//2822 341//2823
f 395//2824 341//2825 205//2826
f 341//2827 426//2828 206//2829
f 342//2830 419//2831 201//2832
f 318//2833 317//2834 549//2835
f 318//2836 549//2837 421//2838
f 318//2839 421//2840 412//2841
f 397//2842 258//2843 265//2844
f 397//2845 535//2846 422//2847
f 412//2848 273//2849 318//2850
f 410//2851 229//2852 340//2853
f 555//2854 556//2855 557//2856
f 555//2857 557//2858 558//2859
f 559//2860 560//2861 561//2862
f 559//2863 561//2864 562//2865
f 393//2866 557//2867 556//2868
f 393//2869 556//2870 394//2871
f 560//2872 392//2873 391//2874
f 560//2875 391//2876 561//2877
f 563//2878 564//2879 565//2880
f 565//2881 564//2882 566//2883
f 565//2884 566//2885 567//2886
f 567//2887 566//2888 568//2889
f 567//2890 568//2891 569//2892
f 569//2893 568//2894 392//2895
f 569//2896 392//2897 560//2898
f 565//2899 570//2900 563//2901
f 563//2902 570//2903 571//2904
f 563//2905 571//2906 572//2907
f 572//2908 571//2909 573//2910
f 572//2911 573//2912 574//2913
f 574//2914 573//2915 575//2916
f 574//2917 575//2918 576//2919
f 576//2920 575//2921 559//2922
f 576//2923 559//2924 398//2925
f 560//2926 559//2927 577//2928
f 560//2929 577//2930 578//2931
f 560//2932 578//2933 579//2934
f 560//2935 579//2936 580//2937
f 560//2938 580//2939 569//2940
f 581//2941 577//2942 559//2943
f 581//2944 559//2945 575//2946
f 392//2947 568//2948 582//2949
f 392//2950 582//2951 583//2952
f 392//2953 583//2954 584//2955
f 392//2956 584//2957 585//2958
f 392//2959 585//2960 586//2961
f 392//2962 586//2963 398//2964
f 576//2965 398//2966 586//2967
f 398//2968 559//2969 562//2970
f 398//2971 562//2972 400//2973
f 400//2974 587//2975 588//2976
f 588//2977 587//2978 589//2979
f 588//2980 589//2981 590//2982
f 590//2983 589//2984 591//2985
f 590//2986 591//2987 592//2988
f 592//2989 591//2990 593//2991
f 592//2992 593//2993 594//2994
f 594//2995 593//2996 595//2997
f 594//2998 595//2999 596//3000
f 596//3001 595//3002 597//3003
f 596//3004 597//3005 598//3006
f 598//3007 597//3008 599//3009
f 598//3010 599//3011 600//3012
f 600//3013 599//3014 561//3015
f 600//3016 561//3017 391//3018
f 391//3019 400//3020 601//3021
f 391//3022 601//3023 602//3024
f 391//3025 602//3026 603//3027
f 391//3028 603//3029 604//3030
f 391//3031 604//3032 605//3033
f 391//3034 605//3035 600//3036
f 561//3037 599//3038 606//3039
f 561//3040 606//3041 607//3042
f 561//3043 607//3044 608//3045
f 561//3046 608//3047 609//3048
f 561//3049 609//3050 562//3051
f 562//3052 609//3053 610//3054
f 562//3055 610//3056 587//3057
f 562//3058 587//3059 400//3060
f 601//3061 400//3062 588//3063
f 593//3064 591//3065 571//3066
f 593//3067 571//3068 570//3069
f 603//3070 602//3071 585//3072
f 603//3073 585//3074 584//3075
f 602//3076 601//3077 586//3078
f 602//3079 586//3080 585//3081
f 601//3082 588//3083 576//3084
f 601//3085 576//3086 586//3087
f 588//3088 590//3089 574//3090
f 588//3091 574//3092 576//3093
f 590//3094 592//3095 572//3096
f 590//3097 572//3098 574//3099
f 592//3100 594//3101 563//3102
f 592//3103 563//3104 572//3105
f 591//3106 589//3107 573//3108
f 591//3109 573//3110 571//3111
f 589//3112 587//3113 575//3114
f 589//3115 575//3116 573//3117
f 599//3118 597//3119 567//3120
f 599//3121 567//3122 569//3123
f 600//3124 605//3125 582//3126
f 600//3127 582//3128 568//3129
f 605//3130 604//3131 583//3132
f 605//3133 583//3134 582//3135
f 604//3136 603//3137 584//3138
f 604//3139 584//3140 583//3141
f 594//3142 596//3143 564//3144
f 594//3145 564//3146 563//3147
f 596//3148 598//3149 566//3150
f 596//3151 566//3152 564//3153
f 598//3154 600//3155 568//3156
f 598//3157 568//3158 566//3159
f 597//3160 595//3161 565//3162
f 597//3163 565//3164 567//3165
f 595//3166 593//3167 570//3168
f 595//3169 570//3170 565//3171
f 608//3172 607//3173 579//3174
f 608//3175 579//3176 578//3177
f 607//3178 606//3179 580//3180
f 607//3181 580//3182 579//3183
f 606//3184 599//3185 569//3186
f 606//3187 569//3188 580//3189
f 587//3190 610//3191 581//3192
f 587//3193 581//3194 575//3195
f 610//3196 609//3197 577//3198
f 610//3199 577//3200 581//3201
f 609//3202 608//3203 578//3204
f 609//3205 578//3206 577//3207
f 399//3208 611//3209 612//3210
f 612//3211 611//3212 613//3213
f 612//3214 613//3215 614//3216
f 614//3217 613//3218 615//3219
f 614//3220 615//3221 616//3222
f 616//3223 615//3224 617//3225
f 616//3226 617//3227 618//3228
f 618//3229 617//3230 619//3231
f 618//3232 619//3233 620//3234
f 620//3235 619//3236 621//3237
f 620//3238 621//3239 622//3240
f 622//3241 621//3242 623//3243
f 622//3244 623//3245 624//3246
f 624//3247 623//3248 557//3249
f 624//3250 557//3251 393//3252
f 393//3253 399//3254 625//3255
f 393//3256 625//3257 626//3258
f 393//3259 626//3260 627//3261
f 393//3262 627//3263 628//3264
f 393//3265 628//3266 629//3267
f 393//3268 629//3269 624//3270
f 557//3271 623//3272 630//3273
f 557//3274 630//3275 631//3276
f 557//3277 631//3278 632//3279
f 557//3280 632//3281 633//3282
f 557//3283 633//3284 558//3285
f 558//3286 633//3287 634//3288
f 558//3289 634//3290 611//3291
f 558//3292 611//3293 399//3294
f 625//3295 399//3296 612//3297
f 635//3298 636//3299 637//3300
f 637//3301 636//3302 638//3303
f 637//3304 638//3305 639//3306
f 639//3307 638//3308 640//3309
f 639//3310 640//3311 641//3312
f 641//3313 640//3314 394//3315
f 641//3316 394//3317 556//3318
f 637//3319 642//3320 635//3321
f 635//3322 642//3323 643//3324
f 635//3325 643//3326 644//3327
f 644//3328 643//3329 645//3330
f 644//3331 645//3332 646//3333
f 646//3334 645//3335 647//3336
f 646//3337 647//3338 648//3339
f 648//3340 647//3341 555//3342
f 648//3343 555//3344 396//3345
f 556//3346 555//3347 649//3348
f 556//3349 649//3350 650//3351
f 556//3352 650//3353 651//3354
f 556//3355 651//3356 652//3357
f 556//3358 652//3359 641//3360
f 653//3361 649//3362 555//3363
f 653//3364 555//3365 647//3366
f 394//3367 640//3368 654//3369
f 394//3370 654//3371 655//3372
f 394//3373 655//3374 656//3375
f 394//3376 656//3377 657//3378
f 394//3379 657//3380 658//3381
f 394//3382 658//3383 396//3384
f 648//3385 396//3386 658//3387
f 396//3388 555//3389 558//3390
f 396//3391 558//3392 399//3393
f 655//3394 628//3395 627//3396
f 655//3397 627//3398 656//3399
f 654//3400 629//3401 628//3402
f 654//3403 628//3404 655//3405
f 640//3406 624//3407 629//3408
f 640//3409 629//3410 654//3411
f 658//3412 625//3413 612//3414
f 658//3415 612//3416 648//3417
f 657//3418 626//3419 625//3420
f 657//3421 625//3422 658//3423
f 656//3424 627//3425 626//3426
f 656//3427 626//3428 657//3429
f 644//3430 616//3431 618//3432
f 644//3433 618//3434 635//3435
f 645//3436 613//3437 611//3438
f 645//3439 611//3440 647//3441
f 643//3442 615//3443 613//3444
f 643//3445 613//3446 645//3447
f 642//3448 617//3449 615//3450
f 642//3451 615//3452 643//3453
f 649//3454 633//3455 632//3456
f 649//3457 632//3458 650//3459
f 653//3460 634//3461 633//3462
f 653//3463 633//3464 649//3465
f 647//3466 611//3467 634//3468
f 647//3469 634//3470 653//3471
f 646//3472 614//3473 616//3474
f 646//3475 616//3476 644//3477
f 648//3478 612//3479 614//3480
f 648//3481 614//3482 646//3483
f 638//3484 622//3485 624//3486
f 638//3487 624//3488 640//3489
f 637//3490 619//3491 617//3492
f 637//3493 617//3494 642//3495
f 639//3496 621//3497 619//3498
f 639//3499 619//3500 637//3501
f 641//3502 623//3503 621//3504
f 641//3505 621//3506 639//3507
f 652//3508 630//3509 623//3510
f 652//3511 623//3512 641//3513
f 651//3514 631//3515 630//3516
f 651//3517 630//3518 652//3519
f 650//3520 632//3521 631//3522
f 650//3523 631//3524 651//3525
f 636//3526 620//3527 622//3528
f 636//3529 622//3530 638//3531
f 635//3532 618//3533 620//3534
f 635//3535 620//3536 636//3537
f 23//3538 112//3539 285//3540
f 23//3541 285//3542 284//3543
f 72//3544 64//3545 268//3546
f 72//3547 268//3548 267//3549
f 17//3550 72//3551 267//3552
f 17//3553 267//3554 266//3555
f 13//3556 15//3557 275//3558
f 13//3559 275//3560 277//3561
f 11//3562 13//3563 277//3564
f 11//3565 277//3566 279//3567
f 9//3568 11//3569 279//3570
f 9//3571 279//3572 281//3573
f 64//3574 63//3575 269//3576
f 64//3577 269//3578 268//3579
f 7//3580 9//3581 281//3582
f 7//3583 281//3584 283//3585
f 5//3586 7//3587 283//3588
f 5//3589 283//3590 230//3591
f 60//3592 5//3593 230//3594
f 60//3595 230//3596 319//3597
f 63//3598 62//3599 270//3600
f 63//3601 270//3602 269//3603
f 161//3604 160//3605 334//3606
f 161//3607 334//3608 333//3609
f 141//3610 81//3611 175//3612
f 141//3613 175//3614 305//3615
f 156//3616 155//3617 329//3618
f 156//3619 329//3620 328//3621
f 154//3622 151//3623 323//3624
f 154//3625 323//3626 241//3627
f 83//3628 154//3629 241//3630
f 83//3631 241//3632 173//3633
f 110//3634 134//3635 292//3636
f 110//3637 292//3638 291//3639
f 111//3640 110//3641 291//3642
f 111//3643 291//3644 240//3645
f 165//3646 111//3647 240//3648
f 165//3649 240//3650 239//3651
f 155//3652 165//3653 239//3654
f 155//3655 239//3656 329//3657
f 157//3658 156//3659 328//3660
f 157//3661 328//3662 327//3663
f 158//3664 157//3665 327//3666
f 158//3667 327//3668 326//3669
f 130//3670 158//3671 326//3672
f 130//3673 326//3674 296//3675
f 131//3676 130//3677 296//3678
f 131//3679 296//3680 295//3681
f 134//3682 133//3683 293//3684
f 134//3685 293//3686 292//3687
f 132//3688 131//3689 295//3690
f 132//3691 295//3692 294//3693
f 133//3694 132//3695 294//3696
f 133//3697 294//3698 293//3699
f 76//3700 75//3701 181//3702
f 76//3703 181//3704 180//3705
f 173//3706 172//3707 73//3708
f 173//3709 73//3710 83//3711
f 74//3712 73//3713 172//3714
f 74//3715 172//3716 182//3717
f 147//3718 74//3719 182//3720
f 147//3721 182//3722 314//3723
f 168//3724 147//3725 314//3726
f 168//3727 314//3728 313//3729
f 148//3730 168//3731 313//3732
f 148//3733 313//3734 315//3735
f 81//3736 80//3737 176//3738
f 81//3739 176//3740 175//3741
f 145//3742 144//3743 302//3744
f 145//3745 302//3746 301//3747
f 75//3748 145//3749 301//3750
f 75//3751 301//3752 181//3753
f 77//3754 76//3755 180//3756
f 77//3757 180//3758 179//3759
f 78//3760 77//3761 179//3762
f 78//3763 179//3764 178//3765
f 144//3766 143//3767 303//3768
f 144//3769 303//3770 302//3771
f 79//3772 78//3773 178//3774
f 79//3775 178//3776 177//3777
f 80//3778 79//3779 177//3780
f 80//3781 177//3782 176//3783
f 142//3784 141//3785 305//3786
f 142//3787 305//3788 304//3789
f 143//3790 142//3791 304//3792
f 143//3793 304//3794 303//3795
f 109//3796 108//3797 336//3798
f 109//3799 336//3800 254//3801
f 82//3802 140//3803 306//3804
f 82//3805 306//3806 174//3807
f 146//3808 148//3809 315//3810
f 146//3811 315//3812 300//3813
f 140//3814 139//3815 307//3816
f 140//3817 307//3818 306//3819
f 166//3820 82//3821 174//3822
f 166//3823 174//3824 335//3825
f 167//3826 166//3827 335//3828
f 167//3829 335//3830 257//3831
f 126//3832 167//3833 257//3834
f 126//3835 257//3836 256//3837
f 256//3838 337//3839 107//3840
f 256//3841 107//3842 126//3843
f 139//3844 138//3845 308//3846
f 139//3847 308//3848 307//3849
f 105//3850 107//3851 337//3852
f 105//3853 337//3854 339//3855
f 103//3856 105//3857 339//3858
f 103//3859 339//3860 311//3861
f 137//3862 101//3863 310//3864
f 137//3865 310//3866 309//3867
f 138//3868 137//3869 309//3870
f 138//3871 309//3872 308//3873
f 124//3874 109//3875 254//3876
f 124//3877 254//3878 252//3879
f 123//3880 121//3881 251//3882
f 123//3883 251//3884 253//3885
f 125//3886 123//3887 253//3888
f 125//3889 253//3890 255//3891
f 160//3892 125//3893 255//3894
f 160//3895 255//3896 334//3897
f 162//3898 161//3899 333//3900
f 162//3901 333//3902 332//3903
f 163//3904 162//3905 332//3906
f 163//3907 332//3908 331//3909
f 164//3910 163//3911 331//3912
f 164//3913 331//3914 330//3915
f 113//3916 164//3917 330//3918
f 113//3919 330//3920 243//3921
f 115//3922 113//3923 243//3924
f 115//3925 243//3926 245//3927
f 121//3928 119//3929 249//3930
f 121//3931 249//3932 251//3933
f 117//3934 115//3935 245//3936
f 117//3937 245//3938 247//3939
f 119//3940 117//3941 247//3942
f 119//3943 247//3944 249//3945
f 108//3946 106//3947 338//3948
f 108//3949 338//3950 336//3951
f 122//3952 124//3953 252//3954
f 122//3955 252//3956 250//3957
f 120//3958 122//3959 250//3960
f 120//3961 250//3962 248//3963
f 118//3964 120//3965 248//3966
f 118//3967 248//3968 246//3969
f 116//3970 118//3971 246//3972
f 116//3973 246//3974 244//3975
f 106//3976 104//3977 312//3978
f 106//3979 312//3980 338//3981
f 114//3982 116//3983 244//3984
f 114//3985 244//3986 242//3987
f 136//3988 114//3989 242//3990
f 136//3991 242//3992 290//3993
f 135//3994 136//3995 290//3996
f 135//3997 290//3998 289//3999
f 104//4000 135//4001 289//4002
f 104//4003 289//4004 312//4005

