# p:\temp\worker_COMMON_4126\temp\tmp_5800_18_orjH5\format_1\FlexLink XHCB 1.obj created by IVCON.
# Original data in p:\temp\worker_COMMON_4126\temp\mdlltmp_5800_19.stl.


v 0.000000 -50.500000 33.099998 1.000000
v 0.000000 -50.500000 13.700000 1.000000
v 0.000000 -50.593800 5.900000 1.000000
v 0.000000 -50.849998 5.643800 1.000000
v 0.000000 -51.200001 5.550000 1.000000
v 0.000000 -51.799999 5.550000 1.000000
v 0.000000 -52.000000 37.500000 1.000000
v 0.000000 -50.431900 33.617599 1.000000
v 0.000000 -50.500000 10.200000 1.000000
v 0.000000 -50.500000 6.250000 1.000000
v 0.000000 -50.448898 13.311800 1.000000
v 0.000000 -50.299000 12.950000 1.000000
v 0.000000 -50.060699 12.639300 1.000000
v 0.000000 -49.750000 12.401000 1.000000
v 0.000000 -45.000000 10.200000 1.000000
v 0.000000 -49.914200 -34.514198 1.000000
v 0.000000 -49.500000 -34.832100 1.000000
v 0.000000 -52.000000 -37.500000 1.000000
v 0.000000 -49.017601 -35.031898 1.000000
v 0.000000 -39.450001 -37.500000 1.000000
v 0.000000 -48.500000 -35.099998 1.000000
v 0.000000 -39.450001 -37.000000 1.000000
v 0.000000 -31.799999 -35.099998 1.000000
v 0.000000 -26.850000 -37.000000 1.000000
v 0.000000 -26.884100 -34.290199 1.000000
v 0.000000 -26.850000 -34.289398 1.000000
v 0.000000 -50.500000 -10.200000 1.000000
v 0.000000 -45.000000 -10.200000 1.000000
v 0.000000 -49.750000 -12.401000 1.000000
v 0.000000 -50.060699 -12.639300 1.000000
v 0.000000 -50.299000 -12.950000 1.000000
v 0.000000 -50.448898 -13.311800 1.000000
v 0.000000 -50.500000 -13.700000 1.000000
v 0.000000 -50.593800 -5.900000 1.000000
v 0.000000 -50.500000 -6.250000 1.000000
v 0.000000 -50.500000 -33.099998 1.000000
v 0.000000 -50.431900 -33.617599 1.000000
v 0.000000 -51.799999 -5.550000 1.000000
v 0.000000 -51.200001 -5.550000 1.000000
v 0.000000 -50.849998 -5.643800 1.000000
v 0.000000 -50.232101 -34.099998 1.000000
v 0.000000 -52.150002 -5.643800 1.000000
v 0.000000 -52.250000 -37.432999 1.000000
v 0.000000 -52.406200 -5.900000 1.000000
v 0.000000 -52.432999 -37.250000 1.000000
v 0.000000 -52.500000 -37.000000 1.000000
v 0.000000 -26.450001 -34.396599 1.000000
v 0.000000 -26.450001 -36.892799 1.000000
v 0.000000 -26.157200 -34.689400 1.000000
v 0.000000 -26.157200 -36.599998 1.000000
v 0.000000 -26.049999 -35.089401 1.000000
v 0.000000 -26.049999 -36.200001 1.000000
v 0.000000 -49.388199 12.251100 1.000000
v 0.000000 -49.000000 12.200000 1.000000
v 0.000000 -46.549999 12.200000 1.000000
v 0.000000 -46.161800 12.251100 1.000000
v 0.000000 -45.799999 12.401000 1.000000
v 0.000000 -45.489300 12.639300 1.000000
v 0.000000 -45.250999 12.950000 1.000000
v 0.000000 -45.101101 13.311800 1.000000
v 0.000000 -45.049999 13.700000 1.000000
v 0.000000 -44.956200 14.270000 1.000000
v 0.000000 -45.000000 5.630000 1.000000
v 0.000000 -45.000000 -5.630000 1.000000
v 0.000000 -44.970001 -5.402200 1.000000
v 0.000000 -44.956200 -14.270000 1.000000
v 0.000000 -45.049999 -13.920000 1.000000
v 0.000000 -45.049999 -13.700000 1.000000
v 0.000000 -45.101101 -13.311800 1.000000
v 0.000000 -45.250999 -12.950000 1.000000
v 0.000000 -45.489300 -12.639300 1.000000
v 0.000000 -45.799999 -12.401000 1.000000
v 0.000000 -46.161800 -12.251100 1.000000
v 0.000000 -46.549999 -12.200000 1.000000
v 0.000000 -49.000000 -12.200000 1.000000
v 0.000000 -49.388199 -12.251100 1.000000
v 0.000000 -32.110001 -12.500000 1.000000
v 0.000000 -32.459999 -12.593800 1.000000
v 0.000000 -33.750000 -10.500000 1.000000
v 0.000000 0.002100 -10.500000 1.000000
v 0.000000 0.002300 -12.500000 1.000000
v 0.000000 -32.560001 -12.663800 1.000000
v 0.000000 -34.700100 -14.466200 1.000000
v 0.000000 -34.455002 -10.205000 1.000000
v 0.000000 -34.246399 -10.365100 1.000000
v 0.000000 -34.003399 -10.465700 1.000000
v 0.000000 -34.799999 -14.536200 1.000000
v 0.000000 -34.750000 -9.500000 1.000000
v 0.000000 -34.715698 -9.753400 1.000000
v 0.000000 -34.615101 -9.996400 1.000000
v 0.000000 -36.750000 -12.630000 1.000000
v 0.000000 -35.150002 14.630000 1.000000
v 0.000000 -35.150002 -14.630000 1.000000
v 0.000000 -34.799999 14.536200 1.000000
v 0.000000 -34.750000 9.500000 1.000000
v 0.000000 -32.560001 12.663800 1.000000
v 0.000000 -32.459999 12.593800 1.000000
v 0.000000 -33.750000 10.500000 1.000000
v 0.000000 -32.110001 12.500000 1.000000
v 0.000000 0.000200 10.500000 1.000000
v 0.000000 0.000000 12.500000 1.000000
v 0.000000 -34.003399 10.465700 1.000000
v 0.000000 -34.246399 10.365100 1.000000
v 0.000000 -34.455002 10.205000 1.000000
v 0.000000 -34.700100 14.466200 1.000000
v 0.000000 -34.615101 9.996400 1.000000
v 0.000000 -34.715698 9.753400 1.000000
v 0.000000 -43.049999 -12.630000 1.000000
v 0.000000 -44.349998 -14.620000 1.000000
v 0.000000 -44.347801 -4.780000 1.000000
v 0.000000 -44.119999 -4.750000 1.000000
v 0.000000 -43.892200 -4.780000 1.000000
v 0.000000 -43.680000 -4.867900 1.000000
v 0.000000 -43.497700 -5.007700 1.000000
v 0.000000 -43.250000 -9.000000 1.000000
v 0.000000 -43.049999 -9.000000 1.000000
v 0.000000 -43.240002 -5.630000 1.000000
v 0.000000 -43.250000 -5.762300 1.000000
v 0.000000 -43.270000 -5.402200 1.000000
v 0.000000 -43.357899 -5.190000 1.000000
v 0.000000 -44.882099 -5.190000 1.000000
v 0.000000 -44.742298 -5.007700 1.000000
v 0.000000 -44.700001 -14.526200 1.000000
v 0.000000 -44.560001 -4.867900 1.000000
v 0.000000 -43.250000 9.000000 1.000000
v 0.000000 -43.250000 5.762300 1.000000
v 0.000000 -43.270000 5.402200 1.000000
v 0.000000 -43.357899 5.190000 1.000000
v 0.000000 -43.497700 5.007700 1.000000
v 0.000000 -43.049999 12.630000 1.000000
v 0.000000 -43.049999 9.000000 1.000000
v 0.000000 -36.750000 12.630000 1.000000
v 0.000000 -44.349998 14.620000 1.000000
v 0.000000 -44.347801 4.780000 1.000000
v 0.000000 -44.560001 4.867900 1.000000
v 0.000000 -43.680000 4.867900 1.000000
v 0.000000 -43.892200 4.780000 1.000000
v 0.000000 -44.119999 4.750000 1.000000
v 0.000000 -44.700001 14.526200 1.000000
v 0.000000 -44.742298 5.007700 1.000000
v 0.000000 -44.882099 5.190000 1.000000
v 0.000000 -44.970001 5.402200 1.000000
v 0.000000 -26.884100 34.290199 1.000000
v 0.000000 -26.850000 37.000000 1.000000
v 0.000000 -26.850000 34.289398 1.000000
v 0.000000 -26.450001 36.892799 1.000000
v 0.000000 -26.450001 34.396599 1.000000
v 0.000000 -26.157200 36.599998 1.000000
v 0.000000 -26.157200 34.689400 1.000000
v 0.000000 -26.049999 36.200001 1.000000
v 0.000000 -26.049999 35.089401 1.000000
v 0.000000 -31.799999 34.500000 1.000000
v 0.000000 -31.799999 35.099998 1.000000
v 0.000000 -39.450001 37.000000 1.000000
v 0.000000 -48.500000 35.099998 1.000000
v 0.000000 -39.450001 37.500000 1.000000
v 0.000000 -49.017601 35.031898 1.000000
v 0.000000 -49.500000 34.832100 1.000000
v 0.000000 -49.914200 34.514198 1.000000
v 0.000000 -50.232101 34.099998 1.000000
v 0.000000 -52.500000 6.250000 1.000000
v 0.000000 -52.432999 37.250000 1.000000
v 0.000000 -52.406200 5.900000 1.000000
v 0.000000 -52.250000 37.432999 1.000000
v 0.000000 -52.150002 5.643800 1.000000
v 0.000000 -52.500000 37.000000 1.000000
v 0.000000 -45.049999 13.920000 1.000000
v 0.000000 -43.240002 5.630000 1.000000
v 0.000000 -31.799999 -34.500000 1.000000
v 0.000000 -52.500000 -6.250000 1.000000
v 0.000000 26.049999 35.089401 1.000000
v 0.000000 26.157200 36.599998 1.000000
v 0.000000 26.157200 34.689400 1.000000
v 0.000000 26.450001 36.892799 1.000000
v 0.000000 26.450001 34.396599 1.000000
v 0.000000 26.850000 37.000000 1.000000
v 0.000000 26.850000 34.289398 1.000000
v 0.000000 39.450001 37.000000 1.000000
v 0.000000 26.884100 34.290199 1.000000
v 0.000000 31.799999 35.099998 1.000000
v 0.000000 31.799999 34.500000 1.000000
v 0.000000 45.000000 -10.200000 1.000000
v 0.000000 50.500000 -10.200000 1.000000
v 0.000000 45.799999 -12.401000 1.000000
v 0.000000 45.250999 -12.950000 1.000000
v 0.000000 45.049999 -13.700000 1.000000
v 0.000000 45.049999 -13.920000 1.000000
v 0.000000 44.956200 -14.270000 1.000000
v 0.000000 45.000000 -5.200000 1.000000
v 0.000000 43.750000 -4.834000 1.000000
v 0.000000 44.250000 -4.700000 1.000000
v 0.000000 44.349998 -14.620000 1.000000
v 0.000000 44.500000 -4.700000 1.000000
v 0.000000 44.700001 -14.526200 1.000000
v 0.000000 44.750000 -4.767000 1.000000
v 0.000000 44.932999 -4.950000 1.000000
v 0.000000 35.150002 -14.630000 1.000000
v 0.000000 36.750000 -12.630000 1.000000
v 0.000000 43.049999 -12.630000 1.000000
v 0.000000 43.250000 -9.000000 1.000000
v 0.000000 43.383999 -5.200000 1.000000
v 0.000000 34.750000 -9.500000 1.000000
v 0.000000 34.799999 14.536200 1.000000
v 0.000000 34.799999 -14.536200 1.000000
v 0.000000 35.150002 14.630000 1.000000
v 0.000000 36.750000 12.630000 1.000000
v 0.000000 50.500000 -6.250000 1.000000
v 0.000000 50.593800 -5.900000 1.000000
v 0.000000 50.500000 -13.700000 1.000000
v 0.000000 50.299000 -12.950000 1.000000
v 0.000000 49.750000 -12.401000 1.000000
v 0.000000 49.000000 -12.200000 1.000000
v 0.000000 46.549999 -12.200000 1.000000
v 0.000000 51.200001 -5.550000 1.000000
v 0.000000 51.799999 -5.550000 1.000000
v 0.000000 52.000000 -37.500000 1.000000
v 0.000000 52.150002 -5.643800 1.000000
v 0.000000 52.250000 -37.432999 1.000000
v 0.000000 52.406200 -5.900000 1.000000
v 0.000000 52.432999 -37.250000 1.000000
v 0.000000 52.500000 -6.250000 1.000000
v 0.000000 52.500000 -37.000000 1.000000
v 0.000000 39.450001 -37.500000 1.000000
v 0.000000 48.500000 -35.099998 1.000000
v 0.000000 49.500000 -34.832100 1.000000
v 0.000000 50.232101 -34.099998 1.000000
v 0.000000 50.500000 -33.099998 1.000000
v 0.000000 50.849998 -5.643800 1.000000
v 0.000000 39.450001 -37.000000 1.000000
v 0.000000 26.850000 -37.000000 1.000000
v 0.000000 26.884100 -34.290199 1.000000
v 0.000000 31.799999 -35.099998 1.000000
v 0.000000 26.850000 -34.289398 1.000000
v 0.000000 26.450001 -36.892799 1.000000
v 0.000000 26.450001 -34.396599 1.000000
v 0.000000 26.157200 -36.599998 1.000000
v 0.000000 26.157200 -34.689400 1.000000
v 0.000000 26.049999 -36.200001 1.000000
v 0.000000 26.049999 -35.089401 1.000000
v 0.000000 50.232101 34.099998 1.000000
v 0.000000 49.500000 34.832100 1.000000
v 0.000000 52.000000 37.500000 1.000000
v 0.000000 48.500000 35.099998 1.000000
v 0.000000 45.000000 10.200000 1.000000
v 0.000000 45.000000 5.200000 1.000000
v 0.000000 44.956200 14.270000 1.000000
v 0.000000 45.049999 13.920000 1.000000
v 0.000000 45.049999 13.700000 1.000000
v 0.000000 45.250999 12.950000 1.000000
v 0.000000 45.799999 12.401000 1.000000
v 0.000000 50.500000 10.200000 1.000000
v 0.000000 44.932999 4.950000 1.000000
v 0.000000 44.750000 4.767000 1.000000
v 0.000000 44.700001 14.526200 1.000000
v 0.000000 44.500000 4.700000 1.000000
v 0.000000 44.349998 14.620000 1.000000
v 0.000000 44.250000 4.700000 1.000000
v 0.000000 43.750000 4.834000 1.000000
v 0.000000 43.383999 5.200000 1.000000
v 0.000000 43.250000 5.700000 1.000000
v 0.000000 43.250000 9.000000 1.000000
v 0.000000 43.049999 9.000000 1.000000
v 0.000000 43.049999 12.630000 1.000000
v 0.000000 34.640202 -14.409700 1.000000
v 0.000000 32.565102 -12.664300 1.000000
v 0.000000 33.750000 -10.500000 1.000000
v 0.000000 34.246399 -10.365100 1.000000
v 0.000000 34.615101 -9.996400 1.000000
v 0.000000 32.464500 -12.593800 1.000000
v 0.000000 32.114498 -12.500000 1.000000
v 0.000000 46.549999 12.200000 1.000000
v 0.000000 49.000000 12.200000 1.000000
v 0.000000 49.750000 12.401000 1.000000
v 0.000000 50.299000 12.950000 1.000000
v 0.000000 50.500000 13.700000 1.000000
v 0.000000 50.500000 6.250000 1.000000
v 0.000000 52.500000 37.000000 1.000000
v 0.000000 52.500000 6.250000 1.000000
v 0.000000 52.432999 37.250000 1.000000
v 0.000000 52.406200 5.900000 1.000000
v 0.000000 52.250000 37.432999 1.000000
v 0.000000 52.150002 5.643800 1.000000
v 0.000000 51.799999 5.550000 1.000000
v 0.000000 51.200001 5.550000 1.000000
v 0.000000 50.849998 5.643800 1.000000
v 0.000000 50.593800 5.900000 1.000000
v 0.000000 50.500000 33.099998 1.000000
v 0.000000 34.750000 9.500000 1.000000
v 0.000000 34.615101 9.996400 1.000000
v 0.000000 34.700100 14.466200 1.000000
v 0.000000 32.459999 12.593800 1.000000
v 0.000000 32.560001 12.663800 1.000000
v 0.000000 33.750000 10.500000 1.000000
v 0.000000 34.246399 10.365100 1.000000
v 0.000000 32.110001 12.500000 1.000000
v 0.000000 39.450001 37.500000 1.000000
v 0.000000 26.049999 36.200001 1.000000
v 0.000000 43.049999 -9.000000 1.000000
v 0.000000 43.250000 -5.700000 1.000000
v 0.000000 31.799999 -34.500000 1.000000
v 1.000000 -50.500000 -33.099998 1.000000
v 1.000000 -50.500000 -13.700000 1.000000
v 1.000000 -50.593800 -5.900000 1.000000
v 1.000000 -50.849998 -5.643800 1.000000
v 1.000000 -51.200001 -5.550000 1.000000
v 1.000000 -51.799999 -5.550000 1.000000
v 1.000000 -52.000000 -37.500000 1.000000
v 1.000000 -50.431900 -33.617599 1.000000
v 1.000000 -50.500000 -10.200000 1.000000
v 1.000000 -50.500000 -6.250000 1.000000
v 1.000000 -50.448898 -13.311800 1.000000
v 1.000000 -50.299000 -12.950000 1.000000
v 1.000000 -50.060699 -12.639300 1.000000
v 1.000000 -49.750000 -12.401000 1.000000
v 1.000000 -45.000000 -10.200000 1.000000
v 1.000000 -49.914200 34.514198 1.000000
v 1.000000 -49.500000 34.832100 1.000000
v 1.000000 -52.000000 37.500000 1.000000
v 1.000000 -49.017601 35.031898 1.000000
v 1.000000 -39.450001 37.500000 1.000000
v 1.000000 -48.500000 35.099998 1.000000
v 1.000000 -39.450001 37.000000 1.000000
v 1.000000 -31.799999 35.099998 1.000000
v 1.000000 -26.850000 37.000000 1.000000
v 1.000000 -26.884100 34.290199 1.000000
v 1.000000 -26.850000 34.289398 1.000000
v 1.000000 -50.500000 10.200000 1.000000
v 1.000000 -45.000000 10.200000 1.000000
v 1.000000 -49.750000 12.401000 1.000000
v 1.000000 -50.060699 12.639300 1.000000
v 1.000000 -50.299000 12.950000 1.000000
v 1.000000 -50.448898 13.311800 1.000000
v 1.000000 -50.500000 13.700000 1.000000
v 1.000000 -50.593800 5.900000 1.000000
v 1.000000 -50.500000 6.250000 1.000000
v 1.000000 -50.500000 33.099998 1.000000
v 1.000000 -50.431900 33.617599 1.000000
v 1.000000 -51.799999 5.550000 1.000000
v 1.000000 -51.200001 5.550000 1.000000
v 1.000000 -50.849998 5.643800 1.000000
v 1.000000 -50.232101 34.099998 1.000000
v 1.000000 -52.150002 5.643800 1.000000
v 1.000000 -52.250000 37.432999 1.000000
v 1.000000 -52.406200 5.900000 1.000000
v 1.000000 -52.432999 37.250000 1.000000
v 1.000000 -52.500000 37.000000 1.000000
v 1.000000 -26.450001 34.396599 1.000000
v 1.000000 -26.450001 36.892799 1.000000
v 1.000000 -26.157200 34.689400 1.000000
v 1.000000 -26.157200 36.599998 1.000000
v 1.000000 -26.049999 35.089401 1.000000
v 1.000000 -26.049999 36.200001 1.000000
v 1.000000 -49.388199 -12.251100 1.000000
v 1.000000 -49.000000 -12.200000 1.000000
v 1.000000 -46.549999 -12.200000 1.000000
v 1.000000 -46.161800 -12.251100 1.000000
v 1.000000 -45.799999 -12.401000 1.000000
v 1.000000 -45.489300 -12.639300 1.000000
v 1.000000 -45.250999 -12.950000 1.000000
v 1.000000 -45.101101 -13.311800 1.000000
v 1.000000 -45.049999 -13.700000 1.000000
v 1.000000 -44.956200 -14.270000 1.000000
v 1.000000 -45.000000 -5.630000 1.000000
v 1.000000 -45.000000 5.630000 1.000000
v 1.000000 -44.970001 5.402200 1.000000
v 1.000000 -44.956200 14.270000 1.000000
v 1.000000 -45.049999 13.920000 1.000000
v 1.000000 -45.049999 13.700000 1.000000
v 1.000000 -45.101101 13.311800 1.000000
v 1.000000 -45.250999 12.950000 1.000000
v 1.000000 -45.489300 12.639300 1.000000
v 1.000000 -45.799999 12.401000 1.000000
v 1.000000 -46.161800 12.251100 1.000000
v 1.000000 -46.549999 12.200000 1.000000
v 1.000000 -49.000000 12.200000 1.000000
v 1.000000 -49.388199 12.251100 1.000000
v 1.000000 -32.110001 12.500000 1.000000
v 1.000000 -32.459999 12.593800 1.000000
v 1.000000 -33.750000 10.500000 1.000000
v 1.000000 0.000200 10.500000 1.000000
v 1.000000 0.000000 12.500000 1.000000
v 1.000000 -32.560001 12.663800 1.000000
v 1.000000 -34.700100 14.466200 1.000000
v 1.000000 -34.455002 10.205000 1.000000
v 1.000000 -34.246399 10.365100 1.000000
v 1.000000 -34.003399 10.465700 1.000000
v 1.000000 -34.799999 14.536200 1.000000
v 1.000000 -34.750000 9.500000 1.000000
v 1.000000 -34.715698 9.753400 1.000000
v 1.000000 -34.615101 9.996400 1.000000
v 1.000000 -36.750000 12.630000 1.000000
v 1.000000 -35.150002 -14.630000 1.000000
v 1.000000 -35.150002 14.630000 1.000000
v 1.000000 -34.799999 -14.536200 1.000000
v 1.000000 -34.750000 -9.500000 1.000000
v 1.000000 -32.560001 -12.663800 1.000000
v 1.000000 -32.459999 -12.593800 1.000000
v 1.000000 -33.750000 -10.500000 1.000000
v 1.000000 -32.110001 -12.500000 1.000000
v 1.000000 0.002100 -10.500000 1.000000
v 1.000000 0.002300 -12.500000 1.000000
v 1.000000 -34.003399 -10.465700 1.000000
v 1.000000 -34.246399 -10.365100 1.000000
v 1.000000 -34.455002 -10.205000 1.000000
v 1.000000 -34.700100 -14.466200 1.000000
v 1.000000 -34.615101 -9.996400 1.000000
v 1.000000 -34.715698 -9.753400 1.000000
v 1.000000 -43.049999 12.630000 1.000000
v 1.000000 -44.349998 14.620000 1.000000
v 1.000000 -44.347801 4.780000 1.000000
v 1.000000 -44.119999 4.750000 1.000000
v 1.000000 -43.892200 4.780000 1.000000
v 1.000000 -43.680000 4.867900 1.000000
v 1.000000 -43.497700 5.007700 1.000000
v 1.000000 -43.250000 9.000000 1.000000
v 1.000000 -43.049999 9.000000 1.000000
v 1.000000 -43.240002 5.630000 1.000000
v 1.000000 -43.250000 5.762300 1.000000
v 1.000000 -43.270000 5.402200 1.000000
v 1.000000 -43.357899 5.190000 1.000000
v 1.000000 -44.882099 5.190000 1.000000
v 1.000000 -44.742298 5.007700 1.000000
v 1.000000 -44.700001 14.526200 1.000000
v 1.000000 -44.560001 4.867900 1.000000
v 1.000000 -43.250000 -9.000000 1.000000
v 1.000000 -43.250000 -5.762300 1.000000
v 1.000000 -43.270000 -5.402200 1.000000
v 1.000000 -43.357899 -5.190000 1.000000
v 1.000000 -43.497700 -5.007700 1.000000
v 1.000000 -43.049999 -12.630000 1.000000
v 1.000000 -43.049999 -9.000000 1.000000
v 1.000000 -36.750000 -12.630000 1.000000
v 1.000000 -44.349998 -14.620000 1.000000
v 1.000000 -44.347801 -4.780000 1.000000
v 1.000000 -44.560001 -4.867900 1.000000
v 1.000000 -43.680000 -4.867900 1.000000
v 1.000000 -43.892200 -4.780000 1.000000
v 1.000000 -44.119999 -4.750000 1.000000
v 1.000000 -44.700001 -14.526200 1.000000
v 1.000000 -44.742298 -5.007700 1.000000
v 1.000000 -44.882099 -5.190000 1.000000
v 1.000000 -44.970001 -5.402200 1.000000
v 1.000000 -26.884100 -34.290199 1.000000
v 1.000000 -26.850000 -37.000000 1.000000
v 1.000000 -26.850000 -34.289398 1.000000
v 1.000000 -26.450001 -36.892799 1.000000
v 1.000000 -26.450001 -34.396599 1.000000
v 1.000000 -26.157200 -36.599998 1.000000
v 1.000000 -26.157200 -34.689400 1.000000
v 1.000000 -26.049999 -36.200001 1.000000
v 1.000000 -26.049999 -35.089401 1.000000
v 1.000000 -31.799999 -34.500000 1.000000
v 1.000000 -31.799999 -35.099998 1.000000
v 1.000000 -39.450001 -37.000000 1.000000
v 1.000000 -48.500000 -35.099998 1.000000
v 1.000000 -39.450001 -37.500000 1.000000
v 1.000000 -49.017601 -35.031898 1.000000
v 1.000000 -49.500000 -34.832100 1.000000
v 1.000000 -49.914200 -34.514198 1.000000
v 1.000000 -50.232101 -34.099998 1.000000
v 1.000000 -52.500000 -6.250000 1.000000
v 1.000000 -52.432999 -37.250000 1.000000
v 1.000000 -52.406200 -5.900000 1.000000
v 1.000000 -52.250000 -37.432999 1.000000
v 1.000000 -52.150002 -5.643800 1.000000
v 1.000000 -52.500000 -37.000000 1.000000
v 1.000000 -45.049999 -13.920000 1.000000
v 1.000000 -43.240002 -5.630000 1.000000
v 1.000000 -31.799999 34.500000 1.000000
v 1.000000 -52.500000 6.250000 1.000000
v 1.000000 26.049999 -35.089401 1.000000
v 1.000000 26.157200 -36.599998 1.000000
v 1.000000 26.157200 -34.689400 1.000000
v 1.000000 26.450001 -36.892799 1.000000
v 1.000000 26.450001 -34.396599 1.000000
v 1.000000 26.850000 -37.000000 1.000000
v 1.000000 26.850000 -34.289398 1.000000
v 1.000000 39.450001 -37.000000 1.000000
v 1.000000 26.884100 -34.290199 1.000000
v 1.000000 31.799999 -35.099998 1.000000
v 1.000000 31.799999 -34.500000 1.000000
v 1.000000 45.000000 10.200000 1.000000
v 1.000000 50.500000 10.200000 1.000000
v 1.000000 45.799999 12.401000 1.000000
v 1.000000 45.250999 12.950000 1.000000
v 1.000000 45.049999 13.700000 1.000000
v 1.000000 45.049999 13.920000 1.000000
v 1.000000 44.956200 14.270000 1.000000
v 1.000000 45.000000 5.200000 1.000000
v 1.000000 43.750000 4.834000 1.000000
v 1.000000 44.250000 4.700000 1.000000
v 1.000000 44.349998 14.620000 1.000000
v 1.000000 44.500000 4.700000 1.000000
v 1.000000 44.700001 14.526200 1.000000
v 1.000000 44.750000 4.767000 1.000000
v 1.000000 44.932999 4.950000 1.000000
v 1.000000 35.150002 14.630000 1.000000
v 1.000000 36.750000 12.630000 1.000000
v 1.000000 43.049999 12.630000 1.000000
v 1.000000 43.250000 9.000000 1.000000
v 1.000000 43.383999 5.200000 1.000000
v 1.000000 34.750000 9.500000 1.000000
v 1.000000 34.799999 -14.536200 1.000000
v 1.000000 34.799999 14.536200 1.000000
v 1.000000 35.150002 -14.630000 1.000000
v 1.000000 36.750000 -12.630000 1.000000
v 1.000000 50.500000 6.250000 1.000000
v 1.000000 50.593800 5.900000 1.000000
v 1.000000 50.500000 13.700000 1.000000
v 1.000000 50.299000 12.950000 1.000000
v 1.000000 49.750000 12.401000 1.000000
v 1.000000 49.000000 12.200000 1.000000
v 1.000000 46.549999 12.200000 1.000000
v 1.000000 51.200001 5.550000 1.000000
v 1.000000 51.799999 5.550000 1.000000
v 1.000000 52.000000 37.500000 1.000000
v 1.000000 52.150002 5.643800 1.000000
v 1.000000 52.250000 37.432999 1.000000
v 1.000000 52.406200 5.900000 1.000000
v 1.000000 52.432999 37.250000 1.000000
v 1.000000 52.500000 6.250000 1.000000
v 1.000000 52.500000 37.000000 1.000000
v 1.000000 39.450001 37.500000 1.000000
v 1.000000 48.500000 35.099998 1.000000
v 1.000000 49.500000 34.832100 1.000000
v 1.000000 50.232101 34.099998 1.000000
v 1.000000 50.500000 33.099998 1.000000
v 1.000000 50.849998 5.643800 1.000000
v 1.000000 39.450001 37.000000 1.000000
v 1.000000 26.850000 37.000000 1.000000
v 1.000000 26.884100 34.290199 1.000000
v 1.000000 31.799999 35.099998 1.000000
v 1.000000 26.850000 34.289398 1.000000
v 1.000000 26.450001 36.892799 1.000000
v 1.000000 26.450001 34.396599 1.000000
v 1.000000 26.157200 36.599998 1.000000
v 1.000000 26.157200 34.689400 1.000000
v 1.000000 26.049999 36.200001 1.000000
v 1.000000 26.049999 35.089401 1.000000
v 1.000000 50.232101 -34.099998 1.000000
v 1.000000 49.500000 -34.832100 1.000000
v 1.000000 52.000000 -37.500000 1.000000
v 1.000000 48.500000 -35.099998 1.000000
v 1.000000 45.000000 -10.200000 1.000000
v 1.000000 45.000000 -5.200000 1.000000
v 1.000000 44.956200 -14.270000 1.000000
v 1.000000 45.049999 -13.920000 1.000000
v 1.000000 45.049999 -13.700000 1.000000
v 1.000000 45.250999 -12.950000 1.000000
v 1.000000 45.799999 -12.401000 1.000000
v 1.000000 50.500000 -10.200000 1.000000
v 1.000000 44.932999 -4.950000 1.000000
v 1.000000 44.750000 -4.767000 1.000000
v 1.000000 44.700001 -14.526200 1.000000
v 1.000000 44.500000 -4.700000 1.000000
v 1.000000 44.349998 -14.620000 1.000000
v 1.000000 44.250000 -4.700000 1.000000
v 1.000000 43.750000 -4.834000 1.000000
v 1.000000 43.383999 -5.200000 1.000000
v 1.000000 43.250000 -5.700000 1.000000
v 1.000000 43.250000 -9.000000 1.000000
v 1.000000 43.049999 -9.000000 1.000000
v 1.000000 43.049999 -12.630000 1.000000
v 1.000000 34.700100 14.466200 1.000000
v 1.000000 32.560001 12.663800 1.000000
v 1.000000 33.750000 10.500000 1.000000
v 1.000000 34.246399 10.365100 1.000000
v 1.000000 34.615101 9.996400 1.000000
v 1.000000 32.110001 12.500000 1.000000
v 1.000000 32.459999 12.593800 1.000000
v 1.000000 46.549999 -12.200000 1.000000
v 1.000000 49.000000 -12.200000 1.000000
v 1.000000 49.750000 -12.401000 1.000000
v 1.000000 50.299000 -12.950000 1.000000
v 1.000000 50.500000 -13.700000 1.000000
v 1.000000 50.500000 -6.250000 1.000000
v 1.000000 52.500000 -37.000000 1.000000
v 1.000000 52.500000 -6.250000 1.000000
v 1.000000 52.432999 -37.250000 1.000000
v 1.000000 52.406200 -5.900000 1.000000
v 1.000000 52.250000 -37.432999 1.000000
v 1.000000 52.150002 -5.643800 1.000000
v 1.000000 51.799999 -5.550000 1.000000
v 1.000000 51.200001 -5.550000 1.000000
v 1.000000 50.849998 -5.643800 1.000000
v 1.000000 50.593800 -5.900000 1.000000
v 1.000000 50.500000 -33.099998 1.000000
v 1.000000 34.750000 -9.500000 1.000000
v 1.000000 34.615101 -9.996400 1.000000
v 1.000000 34.640202 -14.409700 1.000000
v 1.000000 32.464500 -12.593800 1.000000
v 1.000000 32.565102 -12.664300 1.000000
v 1.000000 33.750000 -10.500000 1.000000
v 1.000000 34.246399 -10.365100 1.000000
v 1.000000 32.114498 -12.500000 1.000000
v 1.000000 39.450001 -37.500000 1.000000
v 1.000000 26.049999 -36.200001 1.000000
v 1.000000 43.049999 9.000000 1.000000
v 1.000000 43.250000 5.700000 1.000000
v 1.000000 31.799999 34.500000 1.000000

vn -1.000000 0.000000 0.000000
vn -1.000000 0.000000 0.000000
vn -1.000000 0.000000 0.000000
vn -1.000000 0.000000 0.000000
vn -1.000000 0.000000 0.000000
vn -1.000000 0.000000 0.000000
vn -1.000000 0.000000 0.000000
vn -1.000000 0.000000 0.000000
vn -1.000000 0.000000 0.000000
vn -1.000000 0.000000 0.000000
vn -1.000000 0.000000 0.000000
vn -1.000000 0.000000 0.000000
vn -1.000000 0.000000 0.000000
vn -1.000000 0.000000 0.000000
vn -1.000000 0.000000 0.000000
vn -1.000000 0.000000 0.000000
vn -1.000000 0.000000 0.000000
vn -1.000000 0.000000 0.000000
vn -1.000000 0.000000 0.000000
vn -1.000000 0.000000 0.000000
vn -1.000000 0.000000 0.000000
vn -1.000000 0.000000 0.000000
vn -1.000000 0.000000 0.000000
vn -1.000000 0.000000 0.000000
vn -1.000000 0.000000 0.000000
vn -1.000000 0.000000 0.000000
vn -1.000000 0.000000 0.000000
vn -1.000000 0.000000 0.000000
vn -1.000000 0.000000 0.000000
vn -1.000000 0.000000 0.000000
vn -1.000000 0.000000 0.000000
vn -1.000000 0.000000 0.000000
vn -1.000000 0.000000 0.000000
vn -1.000000 0.000000 0.000000
vn -1.000000 0.000000 0.000000
vn -1.000000 0.000000 0.000000
vn -1.000000 0.000000 0.000000
vn -1.000000 0.000000 0.000000
vn -1.000000 0.000000 0.000000
vn -1.000000 0.000000 0.000000
vn -1.000000 0.000000 0.000000
vn -1.000000 0.000000 0.000000
vn -1.000000 0.000000 0.000000
vn -1.000000 0.000000 0.000000
vn -1.000000 0.000000 0.000000
vn -1.000000 0.000000 0.000000
vn -1.000000 0.000000 0.000000
vn -1.000000 0.000000 0.000000
vn -1.000000 0.000000 0.000000
vn -1.000000 0.000000 0.000000
vn -1.000000 0.000000 0.000000
vn -1.000000 0.000000 0.000000
vn -1.000000 0.000000 0.000000
vn -1.000000 0.000000 0.000000
vn -1.000000 0.000000 0.000000
vn -1.000000 0.000000 0.000000
vn -1.000000 0.000000 0.000000
vn -1.000000 0.000000 0.000000
vn -1.000000 0.000000 0.000000
vn -1.000000 0.000000 0.000000
vn -1.000000 0.000000 0.000000
vn -1.000000 0.000000 0.000000
vn -1.000000 0.000000 0.000000
vn -1.000000 0.000000 0.000000
vn -1.000000 0.000000 0.000000
vn -1.000000 0.000000 0.000000
vn -1.000000 0.000000 0.000000
vn -1.000000 0.000000 0.000000
vn -1.000000 0.000000 0.000000
vn -1.000000 0.000000 0.000000
vn -1.000000 0.000000 0.000000
vn -1.000000 0.000000 0.000000
vn -1.000000 0.000000 0.000000
vn -1.000000 0.000000 0.000000
vn -1.000000 0.000000 0.000000
vn -1.000000 0.000000 0.000000
vn -1.000000 0.000000 0.000000
vn -1.000000 0.000000 0.000000
vn -1.000000 0.000000 0.000000
vn -1.000000 0.000000 0.000000
vn -1.000000 0.000000 0.000000
vn -1.000000 0.000000 0.000000
vn -1.000000 0.000000 0.000000
vn -1.000000 0.000000 0.000000
vn -1.000000 0.000000 0.000000
vn -1.000000 0.000000 0.000000
vn -1.000000 0.000000 0.000000
vn -1.000000 0.000000 0.000000
vn -1.000000 0.000000 0.000000
vn -1.000000 0.000000 0.000000
vn -1.000000 0.000000 0.000000
vn -1.000000 0.000000 0.000000
vn -1.000000 0.000000 0.000000
vn -1.000000 0.000000 0.000000
vn -1.000000 0.000000 0.000000
vn -1.000000 0.000000 0.000000
vn -1.000000 0.000000 0.000000
vn -1.000000 0.000000 0.000000
vn -1.000000 0.000000 0.000000
vn -1.000000 0.000000 0.000000
vn -1.000000 0.000000 0.000000
vn -1.000000 0.000000 0.000000
vn -1.000000 0.000000 0.000000
vn -1.000000 0.000000 0.000000
vn -1.000000 0.000000 0.000000
vn -1.000000 0.000000 0.000000
vn -1.000000 0.000000 0.000000
vn -1.000000 0.000000 0.000000
vn -1.000000 0.000000 0.000000
vn -1.000000 0.000000 0.000000
vn -1.000000 0.000000 0.000000
vn -1.000000 0.000000 0.000000
vn -1.000000 0.000000 0.000000
vn -1.000000 0.000000 0.000000
vn -1.000000 0.000000 0.000000
vn -1.000000 0.000000 0.000000
vn -1.000000 0.000000 0.000000
vn -1.000000 0.000000 0.000000
vn -1.000000 0.000000 0.000000
vn -1.000000 0.000000 0.000000
vn -1.000000 0.000000 0.000000
vn -1.000000 0.000000 0.000000
vn -1.000000 0.000000 0.000000
vn -1.000000 0.000000 0.000000
vn -1.000000 0.000000 0.000000
vn -1.000000 0.000000 0.000000
vn -1.000000 0.000000 0.000000
vn -1.000000 0.000000 0.000000
vn -1.000000 0.000000 0.000000
vn -1.000000 0.000000 0.000000
vn -1.000000 0.000000 0.000000
vn -1.000000 0.000000 0.000000
vn -1.000000 0.000000 0.000000
vn -1.000000 0.000000 0.000000
vn -1.000000 0.000000 0.000000
vn -1.000000 0.000000 0.000000
vn -1.000000 0.000000 0.000000
vn -1.000000 0.000000 0.000000
vn -1.000000 0.000000 0.000000
vn -1.000000 0.000000 0.000000
vn -1.000000 0.000000 0.000000
vn -1.000000 0.000000 0.000000
vn -1.000000 0.000000 0.000000
vn -1.000000 0.000000 0.000000
vn -1.000000 0.000000 0.000000
vn -1.000000 0.000000 0.000000
vn -1.000000 0.000000 0.000000
vn -1.000000 0.000000 0.000000
vn -1.000000 0.000000 0.000000
vn -1.000000 0.000000 0.000000
vn -1.000000 0.000000 0.000000
vn -1.000000 0.000000 0.000000
vn -1.000000 0.000000 0.000000
vn -1.000000 0.000000 0.000000
vn -1.000000 0.000000 0.000000
vn -1.000000 0.000000 0.000000
vn -1.000000 0.000000 0.000000
vn -1.000000 0.000000 0.000000
vn -1.000000 0.000000 0.000000
vn -1.000000 0.000000 0.000000
vn -1.000000 0.000000 0.000000
vn -1.000000 0.000000 0.000000
vn -1.000000 0.000000 0.000000
vn -1.000000 0.000000 0.000000
vn -1.000000 0.000000 0.000000
vn -1.000000 0.000000 0.000000
vn -1.000000 0.000000 0.000000
vn -1.000000 0.000000 0.000000
vn -1.000000 0.000000 0.000000
vn -1.000000 0.000000 0.000000
vn -1.000000 0.000000 0.000000
vn -1.000000 0.000000 0.000000
vn -1.000000 0.000000 0.000000
vn -1.000000 0.000000 0.000000
vn -1.000000 0.000000 0.000000
vn -1.000000 0.000000 0.000000
vn -1.000000 0.000000 0.000000
vn -1.000000 0.000000 0.000000
vn -1.000000 0.000000 0.000000
vn -1.000000 0.000000 0.000000
vn -1.000000 0.000000 0.000000
vn -1.000000 0.000000 0.000000
vn -1.000000 0.000000 0.000000
vn -1.000000 0.000000 0.000000
vn -1.000000 0.000000 0.000000
vn -1.000000 0.000000 0.000000
vn -1.000000 0.000000 0.000000
vn -1.000000 0.000000 0.000000
vn -1.000000 0.000000 0.000000
vn -1.000000 0.000000 0.000000
vn -1.000000 0.000000 0.000000
vn -1.000000 0.000000 0.000000
vn -1.000000 0.000000 0.000000
vn -1.000000 0.000000 0.000000
vn -1.000000 0.000000 0.000000
vn -1.000000 0.000000 0.000000
vn -1.000000 0.000000 0.000000
vn -1.000000 0.000000 0.000000
vn -1.000000 0.000000 0.000000
vn -1.000000 0.000000 0.000000
vn -1.000000 0.000000 0.000000
vn -1.000000 0.000000 0.000000
vn -1.000000 0.000000 0.000000
vn -1.000000 0.000000 0.000000
vn -1.000000 0.000000 0.000000
vn -1.000000 0.000000 0.000000
vn -1.000000 0.000000 0.000000
vn -1.000000 0.000000 0.000000
vn -1.000000 0.000000 0.000000
vn -1.000000 0.000000 0.000000
vn -1.000000 0.000000 0.000000
vn -1.000000 0.000000 0.000000
vn -1.000000 0.000000 0.000000
vn -1.000000 0.000000 0.000000
vn -1.000000 0.000000 0.000000
vn -1.000000 0.000000 0.000000
vn -1.000000 0.000000 0.000000
vn -1.000000 0.000000 0.000000
vn -1.000000 0.000000 0.000000
vn -1.000000 0.000000 0.000000
vn -1.000000 0.000000 0.000000
vn -1.000000 0.000000 0.000000
vn -1.000000 0.000000 0.000000
vn -1.000000 0.000000 0.000000
vn -1.000000 0.000000 0.000000
vn -1.000000 0.000000 0.000000
vn -1.000000 0.000000 0.000000
vn -1.000000 0.000000 0.000000
vn -1.000000 0.000000 0.000000
vn -1.000000 0.000000 0.000000
vn -1.000000 0.000000 0.000000
vn -1.000000 0.000000 0.000000
vn -1.000000 0.000000 0.000000
vn -1.000000 0.000000 0.000000
vn -1.000000 0.000000 0.000000
vn -1.000000 0.000000 0.000000
vn -1.000000 0.000000 0.000000
vn -1.000000 0.000000 0.000000
vn -1.000000 0.000000 0.000000
vn -1.000000 0.000000 0.000000
vn -1.000000 0.000000 0.000000
vn -1.000000 0.000000 0.000000
vn -1.000000 0.000000 0.000000
vn -1.000000 0.000000 0.000000
vn -1.000000 0.000000 0.000000
vn -1.000000 0.000000 0.000000
vn -1.000000 0.000000 0.000000
vn -1.000000 0.000000 0.000000
vn -1.000000 0.000000 0.000000
vn -1.000000 0.000000 0.000000
vn -1.000000 0.000000 0.000000
vn -1.000000 0.000000 0.000000
vn -1.000000 0.000000 0.000000
vn -1.000000 0.000000 0.000000
vn -1.000000 0.000000 0.000000
vn -1.000000 0.000000 0.000000
vn -1.000000 0.000000 0.000000
vn -1.000000 0.000000 0.000000
vn -1.000000 0.000000 0.000000
vn -1.000000 0.000000 0.000000
vn -1.000000 0.000000 0.000000
vn -1.000000 0.000000 0.000000
vn -1.000000 0.000000 0.000000
vn -1.000000 0.000000 0.000000
vn -1.000000 0.000000 0.000000
vn -1.000000 0.000000 0.000000
vn -1.000000 0.000000 0.000000
vn -1.000000 0.000000 0.000000
vn -1.000000 0.000000 0.000000
vn -1.000000 0.000000 0.000000
vn -1.000000 0.000000 0.000000
vn -1.000000 0.000000 0.000000
vn -1.000000 0.000000 0.000000
vn -1.000000 0.000000 0.000000
vn -1.000000 0.000000 0.000000
vn -1.000000 0.000000 0.000000
vn -1.000000 0.000000 0.000000
vn -1.000000 0.000000 0.000000
vn -1.000000 0.000000 0.000000
vn -1.000000 0.000000 0.000000
vn -1.000000 0.000000 0.000000
vn -1.000000 0.000000 0.000000
vn -1.000000 0.000000 0.000000
vn -1.000000 0.000000 0.000000
vn -1.000000 0.000000 0.000000
vn -1.000000 0.000000 0.000000
vn -1.000000 0.000000 0.000000
vn -1.000000 0.000000 0.000000
vn -1.000000 0.000000 0.000000
vn -1.000000 0.000000 0.000000
vn -1.000000 0.000000 0.000000
vn -1.000000 0.000000 0.000000
vn -1.000000 0.000000 0.000000
vn -1.000000 0.000000 0.000000
vn -1.000000 0.000000 0.000000
vn -1.000000 0.000000 0.000000
vn -1.000000 0.000000 0.000000
vn -1.000000 0.000000 0.000000
vn -1.000000 0.000000 0.000000
vn -1.000000 0.000000 0.000000
vn -1.000000 0.000000 0.000000
vn -1.000000 0.000000 0.000000
vn -1.000000 0.000000 0.000000
vn -1.000000 0.000000 0.000000
vn -1.000000 0.000000 0.000000
vn -1.000000 0.000000 0.000000
vn -1.000000 0.000000 0.000000
vn -1.000000 0.000000 0.000000
vn -1.000000 0.000000 0.000000
vn -1.000000 0.000000 0.000000
vn -1.000000 0.000000 0.000000
vn -1.000000 0.000000 0.000000
vn -1.000000 0.000000 0.000000
vn -1.000000 0.000000 0.000000
vn -1.000000 0.000000 0.000000
vn -1.000000 0.000000 0.000000
vn -1.000000 0.000000 0.000000
vn -1.000000 0.000000 0.000000
vn -1.000000 0.000000 0.000000
vn -1.000000 0.000000 0.000000
vn -1.000000 0.000000 0.000000
vn -1.000000 0.000000 0.000000
vn -1.000000 0.000000 0.000000
vn -1.000000 0.000000 0.000000
vn -1.000000 0.000000 0.000000
vn -1.000000 0.000000 0.000000
vn -1.000000 0.000000 0.000000
vn -1.000000 0.000000 0.000000
vn -1.000000 0.000000 0.000000
vn -1.000000 0.000000 0.000000
vn -1.000000 0.000000 0.000000
vn -1.000000 0.000000 0.000000
vn -1.000000 0.000000 0.000000
vn -1.000000 0.000000 0.000000
vn -1.000000 0.000000 0.000000
vn -1.000000 0.000000 0.000000
vn -1.000000 0.000000 0.000000
vn -1.000000 0.000000 0.000000
vn -1.000000 0.000000 0.000000
vn -1.000000 0.000000 0.000000
vn -1.000000 0.000000 0.000000
vn -1.000000 0.000000 0.000000
vn -1.000000 0.000000 0.000000
vn -1.000000 0.000000 0.000000
vn -1.000000 0.000000 0.000000
vn -1.000000 0.000000 0.000000
vn -1.000000 0.000000 0.000000
vn -1.000000 0.000000 0.000000
vn -1.000000 0.000000 0.000000
vn -1.000000 0.000000 0.000000
vn -1.000000 0.000000 0.000000
vn -1.000000 0.000000 0.000000
vn -1.000000 0.000000 0.000000
vn -1.000000 0.000000 0.000000
vn -1.000000 0.000000 0.000000
vn -1.000000 0.000000 0.000000
vn -1.000000 0.000000 0.000000
vn -1.000000 0.000000 0.000000
vn -1.000000 0.000000 0.000000
vn -1.000000 0.000000 0.000000
vn -1.000000 0.000000 0.000000
vn -1.000000 0.000000 0.000000
vn -1.000000 0.000000 0.000000
vn -1.000000 0.000000 0.000000
vn -1.000000 0.000000 0.000000
vn -1.000000 0.000000 0.000000
vn -1.000000 0.000000 0.000000
vn -1.000000 0.000000 0.000000
vn -1.000000 0.000000 0.000000
vn -1.000000 0.000000 0.000000
vn -1.000000 0.000000 0.000000
vn -1.000000 0.000000 0.000000
vn -1.000000 0.000000 0.000000
vn -1.000000 0.000000 0.000000
vn -1.000000 0.000000 0.000000
vn -1.000000 0.000000 0.000000
vn -1.000000 0.000000 0.000000
vn -1.000000 0.000000 0.000000
vn -1.000000 0.000000 0.000000
vn -1.000000 0.000000 0.000000
vn -1.000000 0.000000 0.000000
vn -1.000000 0.000000 0.000000
vn -1.000000 0.000000 0.000000
vn -1.000000 0.000000 0.000000
vn -1.000000 0.000000 0.000000
vn -1.000000 0.000000 0.000000
vn -1.000000 0.000000 0.000000
vn -1.000000 0.000000 0.000000
vn -1.000000 0.000000 0.000000
vn -1.000000 0.000000 0.000000
vn -1.000000 0.000000 0.000000
vn -1.000000 0.000000 0.000000
vn -1.000000 0.000000 0.000000
vn -1.000000 0.000000 0.000000
vn -1.000000 0.000000 0.000000
vn -1.000000 0.000000 0.000000
vn -1.000000 0.000000 0.000000
vn -1.000000 0.000000 0.000000
vn -1.000000 0.000000 0.000000
vn -1.000000 0.000000 0.000000
vn -1.000000 0.000000 0.000000
vn -1.000000 0.000000 0.000000
vn -1.000000 0.000000 0.000000
vn -1.000000 0.000000 0.000000
vn -1.000000 0.000000 0.000000
vn -1.000000 0.000000 0.000000
vn -1.000000 0.000000 0.000000
vn -1.000000 0.000000 0.000000
vn -1.000000 0.000000 0.000000
vn -1.000000 0.000000 0.000000
vn -1.000000 0.000000 0.000000
vn -1.000000 0.000000 0.000000
vn -1.000000 0.000000 0.000000
vn -1.000000 0.000000 0.000000
vn -1.000000 0.000000 0.000000
vn -1.000000 0.000000 0.000000
vn -1.000000 0.000000 0.000000
vn -1.000000 0.000000 0.000000
vn -1.000000 0.000000 0.000000
vn -1.000000 0.000000 0.000000
vn -1.000000 0.000000 0.000000
vn -1.000000 0.000000 0.000000
vn -1.000000 0.000000 0.000000
vn -1.000000 0.000000 0.000000
vn -1.000000 0.000000 0.000000
vn -1.000000 0.000000 0.000000
vn -1.000000 0.000000 0.000000
vn -1.000000 0.000000 0.000000
vn -1.000000 0.000000 0.000000
vn -1.000000 0.000000 0.000000
vn -1.000000 0.000000 0.000000
vn -1.000000 0.000000 0.000000
vn -1.000000 0.000000 0.000000
vn -1.000000 0.000000 0.000000
vn -1.000000 0.000000 0.000000
vn -1.000000 0.000000 0.000000
vn -1.000000 0.000000 0.000000
vn -1.000000 0.000000 0.000000
vn -1.000000 0.000000 0.000000
vn -1.000000 0.000000 0.000000
vn -1.000000 0.000000 0.000000
vn -1.000000 0.000000 0.000000
vn -1.000000 0.000000 0.000000
vn -1.000000 0.000000 0.000000
vn -1.000000 0.000000 0.000000
vn -1.000000 0.000000 0.000000
vn -1.000000 0.000000 0.000000
vn -1.000000 0.000000 0.000000
vn -1.000000 0.000000 0.000000
vn -1.000000 0.000000 0.000000
vn -1.000000 0.000000 0.000000
vn -1.000000 0.000000 0.000000
vn -1.000000 0.000000 0.000000
vn -1.000000 0.000000 0.000000
vn -1.000000 0.000000 0.000000
vn -1.000000 0.000000 0.000000
vn -1.000000 0.000000 0.000000
vn -1.000000 0.000000 0.000000
vn -1.000000 0.000000 0.000000
vn -1.000000 0.000000 0.000000
vn -1.000000 0.000000 0.000000
vn -1.000000 0.000000 0.000000
vn -1.000000 0.000000 0.000000
vn -1.000000 0.000000 0.000000
vn -1.000000 0.000000 0.000000
vn -1.000000 0.000000 0.000000
vn -1.000000 0.000000 0.000000
vn -1.000000 0.000000 0.000000
vn -1.000000 0.000000 0.000000
vn -1.000000 0.000000 0.000000
vn -1.000000 0.000000 0.000000
vn -1.000000 0.000000 0.000000
vn -1.000000 0.000000 0.000000
vn -1.000000 0.000000 0.000000
vn -1.000000 0.000000 0.000000
vn -1.000000 0.000000 0.000000
vn -1.000000 0.000000 0.000000
vn -1.000000 0.000000 0.000000
vn -1.000000 0.000000 0.000000
vn -1.000000 0.000000 0.000000
vn -1.000000 0.000000 0.000000
vn -1.000000 0.000000 0.000000
vn -1.000000 0.000000 0.000000
vn -1.000000 0.000000 0.000000
vn -1.000000 0.000000 0.000000
vn -1.000000 0.000000 0.000000
vn -1.000000 0.000000 0.000000
vn -1.000000 0.000000 0.000000
vn -1.000000 0.000000 0.000000
vn -1.000000 0.000000 0.000000
vn -1.000000 0.000000 0.000000
vn -1.000000 0.000000 0.000000
vn -1.000000 0.000000 0.000000
vn -1.000000 0.000000 0.000000
vn -1.000000 0.000000 0.000000
vn -1.000000 0.000000 0.000000
vn -1.000000 0.000000 0.000000
vn -1.000000 0.000000 0.000000
vn -1.000000 0.000000 0.000000
vn -1.000000 0.000000 0.000000
vn -1.000000 0.000000 0.000000
vn -1.000000 0.000000 0.000000
vn -1.000000 0.000000 0.000000
vn -1.000000 0.000000 0.000000
vn -1.000000 0.000000 0.000000
vn -1.000000 0.000000 0.000000
vn -1.000000 0.000000 0.000000
vn -1.000000 0.000000 0.000000
vn -1.000000 0.000000 0.000000
vn -1.000000 0.000000 0.000000
vn -1.000000 0.000000 0.000000
vn -1.000000 0.000000 0.000000
vn -1.000000 0.000000 0.000000
vn -1.000000 0.000000 0.000000
vn -1.000000 0.000000 0.000000
vn -1.000000 0.000000 0.000000
vn -1.000000 0.000000 0.000000
vn -1.000000 0.000000 0.000000
vn -1.000000 0.000000 0.000000
vn -1.000000 0.000000 0.000000
vn -1.000000 0.000000 0.000000
vn -1.000000 0.000000 0.000000
vn -1.000000 0.000000 0.000000
vn -1.000000 0.000000 0.000000
vn -1.000000 0.000000 0.000000
vn -1.000000 0.000000 0.000000
vn -1.000000 0.000000 0.000000
vn -1.000000 0.000000 0.000000
vn -1.000000 0.000000 0.000000
vn -1.000000 0.000000 0.000000
vn -1.000000 0.000000 0.000000
vn -1.000000 0.000000 0.000000
vn -1.000000 0.000000 0.000000
vn -1.000000 0.000000 0.000000
vn -1.000000 0.000000 0.000000
vn -1.000000 0.000000 0.000000
vn -1.000000 0.000000 0.000000
vn -1.000000 0.000000 0.000000
vn -1.000000 0.000000 0.000000
vn -1.000000 0.000000 0.000000
vn -1.000000 0.000000 0.000000
vn -1.000000 0.000000 0.000000
vn -1.000000 0.000000 0.000000
vn -1.000000 0.000000 0.000000
vn -1.000000 0.000000 0.000000
vn -1.000000 0.000000 0.000000
vn -1.000000 0.000000 0.000000
vn -1.000000 0.000000 0.000000
vn -1.000000 0.000000 0.000000
vn -1.000000 0.000000 0.000000
vn -1.000000 0.000000 0.000000
vn -1.000000 0.000000 0.000000
vn -1.000000 0.000000 0.000000
vn -1.000000 0.000000 0.000000
vn -1.000000 0.000000 0.000000
vn -1.000000 0.000000 0.000000
vn -1.000000 0.000000 0.000000
vn -1.000000 0.000000 0.000000
vn -1.000000 0.000000 0.000000
vn -1.000000 0.000000 0.000000
vn -1.000000 0.000000 0.000000
vn -1.000000 0.000000 0.000000
vn -1.000000 0.000000 0.000000
vn -1.000000 0.000000 0.000000
vn -1.000000 0.000000 0.000000
vn -1.000000 0.000000 0.000000
vn -1.000000 0.000000 0.000000
vn -1.000000 0.000000 0.000000
vn -1.000000 0.000000 0.000000
vn -1.000000 0.000000 0.000000
vn -1.000000 0.000000 0.000000
vn -1.000000 0.000000 0.000000
vn -1.000000 0.000000 0.000000
vn -1.000000 0.000000 0.000000
vn -1.000000 0.000000 0.000000
vn -1.000000 0.000000 0.000000
vn -1.000000 0.000000 0.000000
vn -1.000000 0.000000 0.000000
vn -1.000000 0.000000 0.000000
vn -1.000000 0.000000 0.000000
vn -1.000000 0.000000 0.000000
vn -1.000000 0.000000 0.000000
vn -1.000000 0.000000 0.000000
vn -1.000000 0.000000 0.000000
vn -1.000000 0.000000 0.000000
vn -1.000000 0.000000 0.000000
vn -1.000000 0.000000 0.000000
vn -1.000000 0.000000 0.000000
vn -1.000000 0.000000 0.000000
vn -1.000000 0.000000 0.000000
vn -1.000000 0.000000 0.000000
vn -1.000000 0.000000 0.000000
vn -1.000000 0.000000 0.000000
vn -1.000000 0.000000 0.000000
vn -1.000000 0.000000 0.000000
vn -1.000000 0.000000 0.000000
vn -1.000000 0.000000 0.000000
vn -1.000000 0.000000 0.000000
vn -1.000000 0.000000 0.000000
vn -1.000000 0.000000 0.000000
vn -1.000000 0.000000 0.000000
vn -1.000000 0.000000 0.000000
vn -1.000000 0.000000 0.000000
vn -1.000000 0.000000 0.000000
vn -1.000000 0.000000 0.000000
vn -1.000000 0.000000 0.000000
vn -1.000000 0.000000 0.000000
vn -1.000000 0.000000 0.000000
vn -1.000000 0.000000 0.000000
vn -1.000000 0.000000 0.000000
vn -1.000000 0.000000 0.000000
vn -1.000000 0.000000 0.000000
vn -1.000000 0.000000 0.000000
vn -1.000000 0.000000 0.000000
vn -1.000000 0.000000 0.000000
vn -1.000000 0.000000 0.000000
vn -1.000000 0.000000 0.000000
vn -1.000000 0.000000 0.000000
vn -1.000000 0.000000 0.000000
vn -1.000000 0.000000 0.000000
vn -1.000000 0.000000 0.000000
vn -1.000000 0.000000 0.000000
vn -1.000000 0.000000 0.000000
vn -1.000000 0.000000 0.000000
vn -1.000000 0.000000 0.000000
vn -1.000000 0.000000 0.000000
vn -1.000000 0.000000 0.000000
vn -1.000000 0.000000 0.000000
vn -1.000000 0.000000 0.000000
vn -1.000000 0.000000 0.000000
vn -1.000000 0.000000 0.000000
vn -1.000000 0.000000 0.000000
vn -1.000000 0.000000 0.000000
vn -1.000000 0.000000 0.000000
vn -1.000000 0.000000 0.000000
vn -1.000000 0.000000 0.000000
vn -1.000000 0.000000 0.000000
vn -1.000000 0.000000 0.000000
vn -1.000000 0.000000 0.000000
vn -1.000000 0.000000 0.000000
vn -1.000000 0.000000 0.000000
vn -1.000000 0.000000 0.000000
vn -1.000000 0.000000 0.000000
vn -1.000000 0.000000 0.000000
vn -1.000000 0.000000 0.000000
vn -1.000000 0.000000 0.000000
vn -1.000000 0.000000 0.000000
vn -1.000000 0.000000 0.000000
vn -1.000000 0.000000 0.000000
vn -1.000000 0.000000 0.000000
vn -1.000000 0.000000 0.000000
vn -1.000000 0.000000 0.000000
vn -1.000000 0.000000 0.000000
vn -1.000000 0.000000 0.000000
vn -1.000000 0.000000 0.000000
vn -1.000000 0.000000 0.000000
vn -1.000000 0.000000 0.000000
vn -1.000000 0.000000 0.000000
vn -1.000000 0.000000 0.000000
vn -1.000000 0.000000 0.000000
vn -1.000000 0.000000 0.000000
vn -1.000000 0.000000 0.000000
vn -1.000000 0.000000 0.000000
vn -1.000000 0.000000 0.000000
vn -1.000000 0.000000 0.000000
vn -1.000000 0.000000 0.000000
vn -1.000000 0.000000 0.000000
vn -1.000000 0.000000 0.000000
vn -1.000000 0.000000 0.000000
vn -1.000000 0.000000 0.000000
vn -1.000000 0.000000 0.000000
vn -1.000000 0.000000 0.000000
vn -1.000000 0.000000 0.000000
vn -1.000000 0.000000 0.000000
vn -1.000000 0.000000 0.000000
vn -1.000000 0.000000 0.000000
vn -1.000000 0.000000 0.000000
vn -1.000000 0.000000 0.000000
vn -1.000000 0.000000 0.000000
vn -1.000000 0.000000 0.000000
vn -1.000000 0.000000 0.000000
vn -1.000000 0.000000 0.000000
vn -1.000000 0.000000 0.000000
vn -1.000000 0.000000 0.000000
vn -1.000000 0.000000 0.000000
vn -1.000000 0.000000 0.000000
vn -1.000000 0.000000 0.000000
vn -1.000000 0.000000 0.000000
vn -1.000000 0.000000 0.000000
vn -1.000000 0.000000 0.000000
vn -1.000000 0.000000 0.000000
vn -1.000000 0.000000 0.000000
vn -1.000000 0.000000 0.000000
vn -1.000000 0.000000 0.000000
vn -1.000000 0.000000 0.000000
vn -1.000000 0.000000 0.000000
vn -1.000000 0.000000 0.000000
vn -1.000000 0.000000 0.000000
vn -1.000000 0.000000 0.000000
vn -1.000000 0.000000 0.000000
vn -1.000000 0.000000 0.000000
vn -1.000000 0.000000 0.000000
vn -1.000000 0.000000 0.000000
vn -1.000000 0.000000 0.000000
vn -1.000000 0.000000 0.000000
vn -1.000000 0.000000 0.000000
vn -1.000000 0.000000 0.000000
vn -1.000000 0.000000 0.000000
vn -1.000000 0.000000 0.000000
vn -1.000000 0.000000 0.000000
vn -1.000000 0.000000 0.000000
vn -1.000000 0.000000 0.000000
vn -1.000000 0.000000 0.000000
vn -1.000000 0.000000 0.000000
vn -1.000000 0.000000 0.000000
vn -1.000000 0.000000 0.000000
vn -1.000000 0.000000 0.000000
vn -1.000000 0.000000 0.000000
vn -1.000000 0.000000 0.000000
vn -1.000000 0.000000 0.000000
vn -1.000000 0.000000 0.000000
vn -1.000000 0.000000 0.000000
vn -1.000000 0.000000 0.000000
vn -1.000000 0.000000 0.000000
vn -1.000000 0.000000 0.000000
vn -1.000000 0.000000 0.000000
vn -1.000000 0.000000 0.000000
vn -1.000000 0.000000 0.000000
vn -1.000000 0.000000 0.000000
vn -1.000000 0.000000 0.000000
vn -1.000000 0.000000 0.000000
vn -1.000000 0.000000 0.000000
vn -1.000000 0.000000 0.000000
vn -1.000000 0.000000 0.000000
vn -1.000000 0.000000 0.000000
vn -1.000000 0.000000 0.000000
vn -1.000000 0.000000 0.000000
vn -1.000000 0.000000 0.000000
vn -1.000000 0.000000 0.000000
vn -1.000000 0.000000 0.000000
vn -1.000000 0.000000 0.000000
vn -1.000000 0.000000 0.000000
vn -1.000000 0.000000 0.000000
vn -1.000000 0.000000 0.000000
vn -1.000000 0.000000 0.000000
vn -1.000000 0.000000 0.000000
vn -1.000000 0.000000 0.000000
vn -1.000000 0.000000 0.000000
vn -1.000000 0.000000 0.000000
vn -1.000000 0.000000 0.000000
vn -1.000000 0.000000 0.000000
vn -1.000000 0.000000 0.000000
vn -1.000000 0.000000 0.000000
vn -1.000000 0.000000 0.000000
vn -1.000000 0.000000 0.000000
vn -1.000000 0.000000 0.000000
vn -1.000000 0.000000 0.000000
vn -1.000000 0.000000 0.000000
vn -1.000000 0.000000 0.000000
vn -1.000000 0.000000 0.000000
vn -1.000000 0.000000 0.000000
vn -1.000000 0.000000 0.000000
vn -1.000000 0.000000 0.000000
vn -1.000000 0.000000 0.000000
vn -1.000000 0.000000 0.000000
vn -1.000000 0.000000 0.000000
vn -1.000000 0.000000 0.000000
vn -1.000000 0.000000 0.000000
vn -1.000000 0.000000 0.000000
vn -1.000000 0.000000 0.000000
vn -1.000000 0.000000 0.000000
vn -1.000000 0.000000 0.000000
vn -1.000000 0.000000 0.000000
vn -1.000000 0.000000 0.000000
vn -1.000000 0.000000 0.000000
vn -1.000000 0.000000 0.000000
vn -1.000000 0.000000 0.000000
vn -1.000000 0.000000 0.000000
vn -1.000000 0.000000 0.000000
vn -1.000000 0.000000 0.000000
vn -1.000000 0.000000 0.000000
vn -1.000000 0.000000 0.000000
vn -1.000000 0.000000 0.000000
vn -1.000000 0.000000 0.000000
vn -1.000000 0.000000 0.000000
vn -1.000000 0.000000 0.000000
vn -1.000000 0.000000 0.000000
vn -1.000000 0.000000 0.000000
vn -1.000000 0.000000 0.000000
vn -1.000000 0.000000 0.000000
vn -1.000000 0.000000 0.000000
vn -1.000000 0.000000 0.000000
vn -1.000000 0.000000 0.000000
vn -1.000000 0.000000 0.000000
vn -1.000000 0.000000 0.000000
vn -1.000000 0.000000 0.000000
vn -1.000000 0.000000 0.000000
vn -1.000000 0.000000 0.000000
vn -1.000000 0.000000 0.000000
vn -1.000000 0.000000 0.000000
vn -1.000000 0.000000 0.000000
vn -1.000000 0.000000 0.000000
vn -1.000000 0.000000 0.000000
vn -1.000000 0.000000 0.000000
vn -1.000000 0.000000 0.000000
vn -1.000000 0.000000 0.000000
vn -1.000000 0.000000 0.000000
vn -1.000000 0.000000 0.000000
vn -1.000000 0.000000 0.000000
vn -1.000000 0.000000 0.000000
vn -1.000000 0.000000 0.000000
vn -1.000000 0.000000 0.000000
vn -1.000000 0.000000 0.000000
vn -1.000000 0.000000 0.000000
vn -1.000000 0.000000 0.000000
vn -1.000000 0.000000 0.000000
vn -1.000000 0.000000 0.000000
vn -1.000000 0.000000 0.000000
vn -1.000000 0.000000 0.000000
vn -1.000000 0.000000 0.000000
vn -1.000000 0.000000 0.000000
vn -1.000000 0.000000 0.000000
vn -1.000000 0.000000 0.000000
vn -1.000000 0.000000 0.000000
vn -1.000000 0.000000 0.000000
vn -1.000000 0.000000 0.000000
vn -1.000000 0.000000 0.000000
vn -1.000000 0.000000 0.000000
vn -1.000000 0.000000 0.000000
vn -1.000000 0.000000 0.000000
vn -1.000000 0.000000 0.000000
vn -1.000000 0.000000 0.000000
vn -1.000000 0.000000 0.000000
vn -1.000000 0.000000 0.000000
vn -1.000000 0.000000 0.000000
vn -1.000000 0.000000 0.000000
vn -1.000000 0.000000 0.000000
vn -1.000000 0.000000 0.000000
vn -1.000000 0.000000 0.000000
vn -1.000000 0.000000 0.000000
vn -1.000000 0.000000 0.000000
vn -1.000000 0.000000 0.000000
vn -1.000000 0.000000 0.000000
vn -1.000000 0.000000 0.000000
vn -1.000000 0.000000 0.000000
vn -1.000000 0.000000 0.000000
vn -1.000000 0.000000 0.000000
vn -1.000000 0.000000 0.000000
vn -1.000000 0.000000 0.000000
vn -1.000000 0.000000 0.000000
vn -1.000000 0.000000 0.000000
vn -1.000000 0.000000 0.000000
vn -1.000000 0.000000 0.000000
vn -1.000000 0.000000 0.000000
vn -1.000000 0.000000 0.000000
vn -1.000000 0.000000 0.000000
vn -1.000000 0.000000 0.000000
vn -1.000000 0.000000 0.000000
vn -1.000000 0.000000 0.000000
vn -1.000000 0.000000 0.000000
vn -1.000000 0.000000 0.000000
vn -1.000000 0.000000 0.000000
vn -1.000000 0.000000 0.000000
vn -1.000000 0.000000 0.000000
vn -1.000000 0.000000 0.000000
vn -1.000000 0.000000 0.000000
vn -1.000000 0.000000 0.000000
vn -1.000000 0.000000 0.000000
vn -1.000000 0.000000 0.000000
vn -1.000000 0.000000 0.000000
vn -1.000000 0.000000 0.000000
vn -1.000000 0.000000 0.000000
vn -1.000000 0.000000 0.000000
vn -1.000000 0.000000 0.000000
vn -1.000000 0.000000 0.000000
vn -1.000000 0.000000 0.000000
vn -1.000000 0.000000 0.000000
vn -1.000000 0.000000 0.000000
vn -1.000000 0.000000 0.000000
vn -1.000000 0.000000 0.000000
vn -1.000000 0.000000 0.000000
vn -1.000000 0.000000 0.000000
vn -1.000000 0.000000 0.000000
vn -1.000000 0.000000 0.000000
vn -1.000000 0.000000 0.000000
vn -1.000000 0.000000 0.000000
vn -1.000000 0.000000 0.000000
vn -1.000000 0.000000 0.000000
vn -1.000000 0.000000 0.000000
vn -1.000000 0.000000 0.000000
vn -1.000000 0.000000 0.000000
vn -1.000000 0.000000 0.000000
vn -1.000000 0.000000 0.000000
vn -1.000000 0.000000 0.000000
vn 1.000000 0.000000 0.000000
vn 1.000000 0.000000 0.000000
vn 1.000000 0.000000 0.000000
vn 1.000000 0.000000 0.000000
vn 1.000000 0.000000 0.000000
vn 1.000000 0.000000 0.000000
vn 1.000000 0.000000 0.000000
vn 1.000000 0.000000 0.000000
vn 1.000000 0.000000 0.000000
vn 1.000000 0.000000 0.000000
vn 1.000000 0.000000 0.000000
vn 1.000000 0.000000 0.000000
vn 1.000000 0.000000 0.000000
vn 1.000000 0.000000 0.000000
vn 1.000000 0.000000 0.000000
vn 1.000000 0.000000 0.000000
vn 1.000000 0.000000 0.000000
vn 1.000000 0.000000 0.000000
vn 1.000000 0.000000 0.000000
vn 1.000000 0.000000 0.000000
vn 1.000000 0.000000 0.000000
vn 1.000000 0.000000 0.000000
vn 1.000000 0.000000 0.000000
vn 1.000000 0.000000 0.000000
vn 1.000000 0.000000 0.000000
vn 1.000000 0.000000 0.000000
vn 1.000000 0.000000 0.000000
vn 1.000000 0.000000 0.000000
vn 1.000000 0.000000 0.000000
vn 1.000000 0.000000 0.000000
vn 1.000000 0.000000 0.000000
vn 1.000000 0.000000 0.000000
vn 1.000000 0.000000 0.000000
vn 1.000000 0.000000 0.000000
vn 1.000000 0.000000 0.000000
vn 1.000000 0.000000 0.000000
vn 1.000000 0.000000 0.000000
vn 1.000000 0.000000 0.000000
vn 1.000000 0.000000 0.000000
vn 1.000000 0.000000 0.000000
vn 1.000000 0.000000 0.000000
vn 1.000000 0.000000 0.000000
vn 1.000000 0.000000 0.000000
vn 1.000000 0.000000 0.000000
vn 1.000000 0.000000 0.000000
vn 1.000000 0.000000 0.000000
vn 1.000000 0.000000 0.000000
vn 1.000000 0.000000 0.000000
vn 1.000000 0.000000 0.000000
vn 1.000000 0.000000 0.000000
vn 1.000000 0.000000 0.000000
vn 1.000000 0.000000 0.000000
vn 1.000000 0.000000 0.000000
vn 1.000000 0.000000 0.000000
vn 1.000000 0.000000 0.000000
vn 1.000000 0.000000 0.000000
vn 1.000000 0.000000 0.000000
vn 1.000000 0.000000 0.000000
vn 1.000000 0.000000 0.000000
vn 1.000000 0.000000 0.000000
vn 1.000000 0.000000 0.000000
vn 1.000000 0.000000 0.000000
vn 1.000000 0.000000 0.000000
vn 1.000000 0.000000 0.000000
vn 1.000000 0.000000 0.000000
vn 1.000000 0.000000 0.000000
vn 1.000000 0.000000 0.000000
vn 1.000000 0.000000 0.000000
vn 1.000000 0.000000 0.000000
vn 1.000000 0.000000 0.000000
vn 1.000000 0.000000 0.000000
vn 1.000000 0.000000 0.000000
vn 1.000000 0.000000 0.000000
vn 1.000000 0.000000 0.000000
vn 1.000000 0.000000 0.000000
vn 1.000000 0.000000 0.000000
vn 1.000000 0.000000 0.000000
vn 1.000000 0.000000 0.000000
vn 1.000000 0.000000 0.000000
vn 1.000000 0.000000 0.000000
vn 1.000000 0.000000 0.000000
vn 1.000000 0.000000 0.000000
vn 1.000000 0.000000 0.000000
vn 1.000000 0.000000 0.000000
vn 1.000000 0.000000 0.000000
vn 1.000000 0.000000 0.000000
vn 1.000000 0.000000 0.000000
vn 1.000000 0.000000 0.000000
vn 1.000000 0.000000 0.000000
vn 1.000000 0.000000 0.000000
vn 1.000000 0.000000 0.000000
vn 1.000000 0.000000 0.000000
vn 1.000000 0.000000 0.000000
vn 1.000000 0.000000 0.000000
vn 1.000000 0.000000 0.000000
vn 1.000000 0.000000 0.000000
vn 1.000000 0.000000 0.000000
vn 1.000000 0.000000 0.000000
vn 1.000000 0.000000 0.000000
vn 1.000000 0.000000 0.000000
vn 1.000000 0.000000 0.000000
vn 1.000000 0.000000 0.000000
vn 1.000000 0.000000 0.000000
vn 1.000000 0.000000 0.000000
vn 1.000000 0.000000 0.000000
vn 1.000000 0.000000 0.000000
vn 1.000000 0.000000 0.000000
vn 1.000000 0.000000 0.000000
vn 1.000000 0.000000 0.000000
vn 1.000000 0.000000 0.000000
vn 1.000000 0.000000 0.000000
vn 1.000000 0.000000 0.000000
vn 1.000000 0.000000 0.000000
vn 1.000000 0.000000 0.000000
vn 1.000000 0.000000 0.000000
vn 1.000000 0.000000 0.000000
vn 1.000000 0.000000 0.000000
vn 1.000000 0.000000 0.000000
vn 1.000000 0.000000 0.000000
vn 1.000000 0.000000 0.000000
vn 1.000000 0.000000 0.000000
vn 1.000000 0.000000 0.000000
vn 1.000000 0.000000 0.000000
vn 1.000000 0.000000 0.000000
vn 1.000000 0.000000 0.000000
vn 1.000000 0.000000 0.000000
vn 1.000000 0.000000 0.000000
vn 1.000000 0.000000 0.000000
vn 1.000000 0.000000 0.000000
vn 1.000000 0.000000 0.000000
vn 1.000000 0.000000 0.000000
vn 1.000000 0.000000 0.000000
vn 1.000000 0.000000 0.000000
vn 1.000000 0.000000 0.000000
vn 1.000000 0.000000 0.000000
vn 1.000000 0.000000 0.000000
vn 1.000000 0.000000 0.000000
vn 1.000000 0.000000 0.000000
vn 1.000000 0.000000 0.000000
vn 1.000000 0.000000 0.000000
vn 1.000000 0.000000 0.000000
vn 1.000000 0.000000 0.000000
vn 1.000000 0.000000 0.000000
vn 1.000000 0.000000 0.000000
vn 1.000000 0.000000 0.000000
vn 1.000000 0.000000 0.000000
vn 1.000000 0.000000 0.000000
vn 1.000000 0.000000 0.000000
vn 1.000000 0.000000 0.000000
vn 1.000000 0.000000 0.000000
vn 1.000000 0.000000 0.000000
vn 1.000000 0.000000 0.000000
vn 1.000000 0.000000 0.000000
vn 1.000000 0.000000 0.000000
vn 1.000000 0.000000 0.000000
vn 1.000000 0.000000 0.000000
vn 1.000000 0.000000 0.000000
vn 1.000000 0.000000 0.000000
vn 1.000000 0.000000 0.000000
vn 1.000000 0.000000 0.000000
vn 1.000000 0.000000 0.000000
vn 1.000000 0.000000 0.000000
vn 1.000000 0.000000 0.000000
vn 1.000000 0.000000 0.000000
vn 1.000000 0.000000 0.000000
vn 1.000000 0.000000 0.000000
vn 1.000000 0.000000 0.000000
vn 1.000000 0.000000 0.000000
vn 1.000000 0.000000 0.000000
vn 1.000000 0.000000 0.000000
vn 1.000000 0.000000 0.000000
vn 1.000000 0.000000 0.000000
vn 1.000000 0.000000 0.000000
vn 1.000000 0.000000 0.000000
vn 1.000000 0.000000 0.000000
vn 1.000000 0.000000 0.000000
vn 1.000000 0.000000 0.000000
vn 1.000000 0.000000 0.000000
vn 1.000000 0.000000 0.000000
vn 1.000000 0.000000 0.000000
vn 1.000000 0.000000 0.000000
vn 1.000000 0.000000 0.000000
vn 1.000000 0.000000 0.000000
vn 1.000000 0.000000 0.000000
vn 1.000000 0.000000 0.000000
vn 1.000000 0.000000 0.000000
vn 1.000000 0.000000 0.000000
vn 1.000000 0.000000 0.000000
vn 1.000000 0.000000 0.000000
vn 1.000000 0.000000 0.000000
vn 1.000000 0.000000 0.000000
vn 1.000000 0.000000 0.000000
vn 1.000000 0.000000 0.000000
vn 1.000000 0.000000 0.000000
vn 1.000000 0.000000 0.000000
vn 1.000000 0.000000 0.000000
vn 1.000000 0.000000 0.000000
vn 1.000000 0.000000 0.000000
vn 1.000000 0.000000 0.000000
vn 1.000000 0.000000 0.000000
vn 1.000000 0.000000 0.000000
vn 1.000000 0.000000 0.000000
vn 1.000000 0.000000 0.000000
vn 1.000000 0.000000 0.000000
vn 1.000000 0.000000 0.000000
vn 1.000000 0.000000 0.000000
vn 1.000000 0.000000 0.000000
vn 1.000000 0.000000 0.000000
vn 1.000000 0.000000 0.000000
vn 1.000000 0.000000 0.000000
vn 1.000000 0.000000 0.000000
vn 1.000000 0.000000 0.000000
vn 1.000000 0.000000 0.000000
vn 1.000000 0.000000 0.000000
vn 1.000000 0.000000 0.000000
vn 1.000000 0.000000 0.000000
vn 1.000000 0.000000 0.000000
vn 1.000000 0.000000 0.000000
vn 1.000000 0.000000 0.000000
vn 1.000000 0.000000 0.000000
vn 1.000000 0.000000 0.000000
vn 1.000000 0.000000 0.000000
vn 1.000000 0.000000 0.000000
vn 1.000000 0.000000 0.000000
vn 1.000000 0.000000 0.000000
vn 1.000000 0.000000 0.000000
vn 1.000000 0.000000 0.000000
vn 1.000000 0.000000 0.000000
vn 1.000000 0.000000 0.000000
vn 1.000000 0.000000 0.000000
vn 1.000000 0.000000 0.000000
vn 1.000000 0.000000 0.000000
vn 1.000000 0.000000 0.000000
vn 1.000000 0.000000 0.000000
vn 1.000000 0.000000 0.000000
vn 1.000000 0.000000 0.000000
vn 1.000000 0.000000 0.000000
vn 1.000000 0.000000 0.000000
vn 1.000000 0.000000 0.000000
vn 1.000000 0.000000 0.000000
vn 1.000000 0.000000 0.000000
vn 1.000000 0.000000 0.000000
vn 1.000000 0.000000 0.000000
vn 1.000000 0.000000 0.000000
vn 1.000000 0.000000 0.000000
vn 1.000000 0.000000 0.000000
vn 1.000000 0.000000 0.000000
vn 1.000000 0.000000 0.000000
vn 1.000000 0.000000 0.000000
vn 1.000000 0.000000 0.000000
vn 1.000000 0.000000 0.000000
vn 1.000000 0.000000 0.000000
vn 1.000000 0.000000 0.000000
vn 1.000000 0.000000 0.000000
vn 1.000000 0.000000 0.000000
vn 1.000000 0.000000 0.000000
vn 1.000000 0.000000 0.000000
vn 1.000000 0.000000 0.000000
vn 1.000000 0.000000 0.000000
vn 1.000000 0.000000 0.000000
vn 1.000000 0.000000 0.000000
vn 1.000000 0.000000 0.000000
vn 1.000000 0.000000 0.000000
vn 1.000000 0.000000 0.000000
vn 1.000000 0.000000 0.000000
vn 1.000000 0.000000 0.000000
vn 1.000000 0.000000 0.000000
vn 1.000000 0.000000 0.000000
vn 1.000000 0.000000 0.000000
vn 1.000000 0.000000 0.000000
vn 1.000000 0.000000 0.000000
vn 1.000000 0.000000 0.000000
vn 1.000000 0.000000 0.000000
vn 1.000000 0.000000 0.000000
vn 1.000000 0.000000 0.000000
vn 1.000000 0.000000 0.000000
vn 1.000000 0.000000 0.000000
vn 1.000000 0.000000 0.000000
vn 1.000000 0.000000 0.000000
vn 1.000000 0.000000 0.000000
vn 1.000000 0.000000 0.000000
vn 1.000000 0.000000 0.000000
vn 1.000000 0.000000 0.000000
vn 1.000000 0.000000 0.000000
vn 1.000000 0.000000 0.000000
vn 1.000000 0.000000 0.000000
vn 1.000000 0.000000 0.000000
vn 1.000000 0.000000 0.000000
vn 1.000000 0.000000 0.000000
vn 1.000000 0.000000 0.000000
vn 1.000000 0.000000 0.000000
vn 1.000000 0.000000 0.000000
vn 1.000000 0.000000 0.000000
vn 1.000000 0.000000 0.000000
vn 1.000000 0.000000 0.000000
vn 1.000000 0.000000 0.000000
vn 1.000000 0.000000 0.000000
vn 1.000000 0.000000 0.000000
vn 1.000000 0.000000 0.000000
vn 1.000000 0.000000 0.000000
vn 1.000000 0.000000 0.000000
vn 1.000000 0.000000 0.000000
vn 1.000000 0.000000 0.000000
vn 1.000000 0.000000 0.000000
vn 1.000000 0.000000 0.000000
vn 1.000000 0.000000 0.000000
vn 1.000000 0.000000 0.000000
vn 1.000000 0.000000 0.000000
vn 1.000000 0.000000 0.000000
vn 1.000000 0.000000 0.000000
vn 1.000000 0.000000 0.000000
vn 1.000000 0.000000 0.000000
vn 1.000000 0.000000 0.000000
vn 1.000000 0.000000 0.000000
vn 1.000000 0.000000 0.000000
vn 1.000000 0.000000 0.000000
vn 1.000000 0.000000 0.000000
vn 1.000000 0.000000 0.000000
vn 1.000000 0.000000 0.000000
vn 1.000000 0.000000 0.000000
vn 1.000000 0.000000 0.000000
vn 1.000000 0.000000 0.000000
vn 1.000000 0.000000 0.000000
vn 1.000000 0.000000 0.000000
vn 1.000000 0.000000 0.000000
vn 1.000000 0.000000 0.000000
vn 1.000000 0.000000 0.000000
vn 1.000000 0.000000 0.000000
vn 1.000000 0.000000 0.000000
vn 1.000000 0.000000 0.000000
vn 1.000000 0.000000 0.000000
vn 1.000000 0.000000 0.000000
vn 1.000000 0.000000 0.000000
vn 1.000000 0.000000 0.000000
vn 1.000000 0.000000 0.000000
vn 1.000000 0.000000 0.000000
vn 1.000000 0.000000 0.000000
vn 1.000000 0.000000 0.000000
vn 1.000000 0.000000 0.000000
vn 1.000000 0.000000 0.000000
vn 1.000000 0.000000 0.000000
vn 1.000000 0.000000 0.000000
vn 1.000000 0.000000 0.000000
vn 1.000000 0.000000 0.000000
vn 1.000000 0.000000 0.000000
vn 1.000000 0.000000 0.000000
vn 1.000000 0.000000 0.000000
vn 1.000000 0.000000 0.000000
vn 1.000000 0.000000 0.000000
vn 1.000000 0.000000 0.000000
vn 1.000000 0.000000 0.000000
vn 1.000000 0.000000 0.000000
vn 1.000000 0.000000 0.000000
vn 1.000000 0.000000 0.000000
vn 1.000000 0.000000 0.000000
vn 1.000000 0.000000 0.000000
vn 1.000000 0.000000 0.000000
vn 1.000000 0.000000 0.000000
vn 1.000000 0.000000 0.000000
vn 1.000000 0.000000 0.000000
vn 1.000000 0.000000 0.000000
vn 1.000000 0.000000 0.000000
vn 1.000000 0.000000 0.000000
vn 1.000000 0.000000 0.000000
vn 1.000000 0.000000 0.000000
vn 1.000000 0.000000 0.000000
vn 1.000000 0.000000 0.000000
vn 1.000000 0.000000 0.000000
vn 1.000000 0.000000 0.000000
vn 1.000000 0.000000 0.000000
vn 1.000000 0.000000 0.000000
vn 1.000000 0.000000 0.000000
vn 1.000000 0.000000 0.000000
vn 1.000000 0.000000 0.000000
vn 1.000000 0.000000 0.000000
vn 1.000000 0.000000 0.000000
vn 1.000000 0.000000 0.000000
vn 1.000000 0.000000 0.000000
vn 1.000000 0.000000 0.000000
vn 1.000000 0.000000 0.000000
vn 1.000000 0.000000 0.000000
vn 1.000000 0.000000 0.000000
vn 1.000000 0.000000 0.000000
vn 1.000000 0.000000 0.000000
vn 1.000000 0.000000 0.000000
vn 1.000000 0.000000 0.000000
vn 1.000000 0.000000 0.000000
vn 1.000000 0.000000 0.000000
vn 1.000000 0.000000 0.000000
vn 1.000000 0.000000 0.000000
vn 1.000000 0.000000 0.000000
vn 1.000000 0.000000 0.000000
vn 1.000000 0.000000 0.000000
vn 1.000000 0.000000 0.000000
vn 1.000000 0.000000 0.000000
vn 1.000000 0.000000 0.000000
vn 1.000000 0.000000 0.000000
vn 1.000000 0.000000 0.000000
vn 1.000000 0.000000 0.000000
vn 1.000000 0.000000 0.000000
vn 1.000000 0.000000 0.000000
vn 1.000000 0.000000 0.000000
vn 1.000000 0.000000 0.000000
vn 1.000000 0.000000 0.000000
vn 1.000000 0.000000 0.000000
vn 1.000000 0.000000 0.000000
vn 1.000000 0.000000 0.000000
vn 1.000000 0.000000 0.000000
vn 1.000000 0.000000 0.000000
vn 1.000000 0.000000 0.000000
vn 1.000000 0.000000 0.000000
vn 1.000000 0.000000 0.000000
vn 1.000000 0.000000 0.000000
vn 1.000000 0.000000 0.000000
vn 1.000000 0.000000 0.000000
vn 1.000000 0.000000 0.000000
vn 1.000000 0.000000 0.000000
vn 1.000000 0.000000 0.000000
vn 1.000000 0.000000 0.000000
vn 1.000000 0.000000 0.000000
vn 1.000000 0.000000 0.000000
vn 1.000000 0.000000 0.000000
vn 1.000000 0.000000 0.000000
vn 1.000000 0.000000 0.000000
vn 1.000000 0.000000 0.000000
vn 1.000000 0.000000 0.000000
vn 1.000000 0.000000 0.000000
vn 1.000000 0.000000 0.000000
vn 1.000000 0.000000 0.000000
vn 1.000000 0.000000 0.000000
vn 1.000000 0.000000 0.000000
vn 1.000000 0.000000 0.000000
vn 1.000000 0.000000 0.000000
vn 1.000000 0.000000 0.000000
vn 1.000000 0.000000 0.000000
vn 1.000000 0.000000 0.000000
vn 1.000000 0.000000 0.000000
vn 1.000000 0.000000 0.000000
vn 1.000000 0.000000 0.000000
vn 1.000000 0.000000 0.000000
vn 1.000000 0.000000 0.000000
vn 1.000000 0.000000 0.000000
vn 1.000000 0.000000 0.000000
vn 1.000000 0.000000 0.000000
vn 1.000000 0.000000 0.000000
vn 1.000000 0.000000 0.000000
vn 1.000000 0.000000 0.000000
vn 1.000000 0.000000 0.000000
vn 1.000000 0.000000 0.000000
vn 1.000000 0.000000 0.000000
vn 1.000000 0.000000 0.000000
vn 1.000000 0.000000 0.000000
vn 1.000000 0.000000 0.000000
vn 1.000000 0.000000 0.000000
vn 1.000000 0.000000 0.000000
vn 1.000000 0.000000 0.000000
vn 1.000000 0.000000 0.000000
vn 1.000000 0.000000 0.000000
vn 1.000000 0.000000 0.000000
vn 1.000000 0.000000 0.000000
vn 1.000000 0.000000 0.000000
vn 1.000000 0.000000 0.000000
vn 1.000000 0.000000 0.000000
vn 1.000000 0.000000 0.000000
vn 1.000000 0.000000 0.000000
vn 1.000000 0.000000 0.000000
vn 1.000000 0.000000 0.000000
vn 1.000000 0.000000 0.000000
vn 1.000000 0.000000 0.000000
vn 1.000000 0.000000 0.000000
vn 1.000000 0.000000 0.000000
vn 1.000000 0.000000 0.000000
vn 1.000000 0.000000 0.000000
vn 1.000000 0.000000 0.000000
vn 1.000000 0.000000 0.000000
vn 1.000000 0.000000 0.000000
vn 1.000000 0.000000 0.000000
vn 1.000000 0.000000 0.000000
vn 1.000000 0.000000 0.000000
vn 1.000000 0.000000 0.000000
vn 1.000000 0.000000 0.000000
vn 1.000000 0.000000 0.000000
vn 1.000000 0.000000 0.000000
vn 1.000000 0.000000 0.000000
vn 1.000000 0.000000 0.000000
vn 1.000000 0.000000 0.000000
vn 1.000000 0.000000 0.000000
vn 1.000000 0.000000 0.000000
vn 1.000000 0.000000 0.000000
vn 1.000000 0.000000 0.000000
vn 1.000000 0.000000 0.000000
vn 1.000000 0.000000 0.000000
vn 1.000000 0.000000 0.000000
vn 1.000000 0.000000 0.000000
vn 1.000000 0.000000 0.000000
vn 1.000000 0.000000 0.000000
vn 1.000000 0.000000 0.000000
vn 1.000000 0.000000 0.000000
vn 1.000000 0.000000 0.000000
vn 1.000000 0.000000 0.000000
vn 1.000000 0.000000 0.000000
vn 1.000000 0.000000 0.000000
vn 1.000000 0.000000 0.000000
vn 1.000000 0.000000 0.000000
vn 1.000000 0.000000 0.000000
vn 1.000000 0.000000 0.000000
vn 1.000000 0.000000 0.000000
vn 1.000000 0.000000 0.000000
vn 1.000000 0.000000 0.000000
vn 1.000000 0.000000 0.000000
vn 1.000000 0.000000 0.000000
vn 1.000000 0.000000 0.000000
vn 1.000000 0.000000 0.000000
vn 1.000000 0.000000 0.000000
vn 1.000000 0.000000 0.000000
vn 1.000000 0.000000 0.000000
vn 1.000000 0.000000 0.000000
vn 1.000000 0.000000 0.000000
vn 1.000000 0.000000 0.000000
vn 1.000000 0.000000 0.000000
vn 1.000000 0.000000 0.000000
vn 1.000000 0.000000 0.000000
vn 1.000000 0.000000 0.000000
vn 1.000000 0.000000 0.000000
vn 1.000000 0.000000 0.000000
vn 1.000000 0.000000 0.000000
vn 1.000000 0.000000 0.000000
vn 1.000000 0.000000 0.000000
vn 1.000000 0.000000 0.000000
vn 1.000000 0.000000 0.000000
vn 1.000000 0.000000 0.000000
vn 1.000000 0.000000 0.000000
vn 1.000000 0.000000 0.000000
vn 1.000000 0.000000 0.000000
vn 1.000000 0.000000 0.000000
vn 1.000000 0.000000 0.000000
vn 1.000000 0.000000 0.000000
vn 1.000000 0.000000 0.000000
vn 1.000000 0.000000 0.000000
vn 1.000000 0.000000 0.000000
vn 1.000000 0.000000 0.000000
vn 1.000000 0.000000 0.000000
vn 1.000000 0.000000 0.000000
vn 1.000000 0.000000 0.000000
vn 1.000000 0.000000 0.000000
vn 1.000000 0.000000 0.000000
vn 1.000000 0.000000 0.000000
vn 1.000000 0.000000 0.000000
vn 1.000000 0.000000 0.000000
vn 1.000000 0.000000 0.000000
vn 1.000000 0.000000 0.000000
vn 1.000000 0.000000 0.000000
vn 1.000000 0.000000 0.000000
vn 1.000000 0.000000 0.000000
vn 1.000000 0.000000 0.000000
vn 1.000000 0.000000 0.000000
vn 1.000000 0.000000 0.000000
vn 1.000000 0.000000 0.000000
vn 1.000000 0.000000 0.000000
vn 1.000000 0.000000 0.000000
vn 1.000000 0.000000 0.000000
vn 1.000000 0.000000 0.000000
vn 1.000000 0.000000 0.000000
vn 1.000000 0.000000 0.000000
vn 1.000000 0.000000 0.000000
vn 1.000000 0.000000 0.000000
vn 1.000000 0.000000 0.000000
vn 1.000000 0.000000 0.000000
vn 1.000000 0.000000 0.000000
vn 1.000000 0.000000 0.000000
vn 1.000000 0.000000 0.000000
vn 1.000000 0.000000 0.000000
vn 1.000000 0.000000 0.000000
vn 1.000000 0.000000 0.000000
vn 1.000000 0.000000 0.000000
vn 1.000000 0.000000 0.000000
vn 1.000000 0.000000 0.000000
vn 1.000000 0.000000 0.000000
vn 1.000000 0.000000 0.000000
vn 1.000000 0.000000 0.000000
vn 1.000000 0.000000 0.000000
vn 1.000000 0.000000 0.000000
vn 1.000000 0.000000 0.000000
vn 1.000000 0.000000 0.000000
vn 1.000000 0.000000 0.000000
vn 1.000000 0.000000 0.000000
vn 1.000000 0.000000 0.000000
vn 1.000000 0.000000 0.000000
vn 1.000000 0.000000 0.000000
vn 1.000000 0.000000 0.000000
vn 1.000000 0.000000 0.000000
vn 1.000000 0.000000 0.000000
vn 1.000000 0.000000 0.000000
vn 1.000000 0.000000 0.000000
vn 1.000000 0.000000 0.000000
vn 1.000000 0.000000 0.000000
vn 1.000000 0.000000 0.000000
vn 1.000000 0.000000 0.000000
vn 1.000000 0.000000 0.000000
vn 1.000000 0.000000 0.000000
vn 1.000000 0.000000 0.000000
vn 1.000000 0.000000 0.000000
vn 1.000000 0.000000 0.000000
vn 1.000000 0.000000 0.000000
vn 1.000000 0.000000 0.000000
vn 1.000000 0.000000 0.000000
vn 1.000000 0.000000 0.000000
vn 1.000000 0.000000 0.000000
vn 1.000000 0.000000 0.000000
vn 1.000000 0.000000 0.000000
vn 1.000000 0.000000 0.000000
vn 1.000000 0.000000 0.000000
vn 1.000000 0.000000 0.000000
vn 1.000000 0.000000 0.000000
vn 1.000000 0.000000 0.000000
vn 1.000000 0.000000 0.000000
vn 1.000000 0.000000 0.000000
vn 1.000000 0.000000 0.000000
vn 1.000000 0.000000 0.000000
vn 1.000000 0.000000 0.000000
vn 1.000000 0.000000 0.000000
vn 1.000000 0.000000 0.000000
vn 1.000000 0.000000 0.000000
vn 1.000000 0.000000 0.000000
vn 1.000000 0.000000 0.000000
vn 1.000000 0.000000 0.000000
vn 1.000000 0.000000 0.000000
vn 1.000000 0.000000 0.000000
vn 1.000000 0.000000 0.000000
vn 1.000000 0.000000 0.000000
vn 1.000000 0.000000 0.000000
vn 1.000000 0.000000 0.000000
vn 1.000000 0.000000 0.000000
vn 1.000000 0.000000 0.000000
vn 1.000000 0.000000 0.000000
vn 1.000000 0.000000 0.000000
vn 1.000000 0.000000 0.000000
vn 1.000000 0.000000 0.000000
vn 1.000000 0.000000 0.000000
vn 1.000000 0.000000 0.000000
vn 1.000000 0.000000 0.000000
vn 1.000000 0.000000 0.000000
vn 1.000000 0.000000 0.000000
vn 1.000000 0.000000 0.000000
vn 1.000000 0.000000 0.000000
vn 1.000000 0.000000 0.000000
vn 1.000000 0.000000 0.000000
vn 1.000000 0.000000 0.000000
vn 1.000000 0.000000 0.000000
vn 1.000000 0.000000 0.000000
vn 1.000000 0.000000 0.000000
vn 1.000000 0.000000 0.000000
vn 1.000000 0.000000 0.000000
vn 1.000000 0.000000 0.000000
vn 1.000000 0.000000 0.000000
vn 1.000000 0.000000 0.000000
vn 1.000000 0.000000 0.000000
vn 1.000000 0.000000 0.000000
vn 1.000000 0.000000 0.000000
vn 1.000000 0.000000 0.000000
vn 1.000000 0.000000 0.000000
vn 1.000000 0.000000 0.000000
vn 1.000000 0.000000 0.000000
vn 1.000000 0.000000 0.000000
vn 1.000000 0.000000 0.000000
vn 1.000000 0.000000 0.000000
vn 1.000000 0.000000 0.000000
vn 1.000000 0.000000 0.000000
vn 1.000000 0.000000 0.000000
vn 1.000000 0.000000 0.000000
vn 1.000000 0.000000 0.000000
vn 1.000000 0.000000 0.000000
vn 1.000000 0.000000 0.000000
vn 1.000000 0.000000 0.000000
vn 1.000000 0.000000 0.000000
vn 1.000000 0.000000 0.000000
vn 1.000000 0.000000 0.000000
vn 1.000000 0.000000 0.000000
vn 1.000000 0.000000 0.000000
vn 1.000000 0.000000 0.000000
vn 1.000000 0.000000 0.000000
vn 1.000000 0.000000 0.000000
vn 1.000000 0.000000 0.000000
vn 1.000000 0.000000 0.000000
vn 1.000000 0.000000 0.000000
vn 1.000000 0.000000 0.000000
vn 1.000000 0.000000 0.000000
vn 1.000000 0.000000 0.000000
vn 1.000000 0.000000 0.000000
vn 1.000000 0.000000 0.000000
vn 1.000000 0.000000 0.000000
vn 1.000000 0.000000 0.000000
vn 1.000000 0.000000 0.000000
vn 1.000000 0.000000 0.000000
vn 1.000000 0.000000 0.000000
vn 1.000000 0.000000 0.000000
vn 1.000000 0.000000 0.000000
vn 1.000000 0.000000 0.000000
vn 1.000000 0.000000 0.000000
vn 1.000000 0.000000 0.000000
vn 1.000000 0.000000 0.000000
vn 1.000000 0.000000 0.000000
vn 1.000000 0.000000 0.000000
vn 1.000000 0.000000 0.000000
vn 1.000000 0.000000 0.000000
vn 1.000000 0.000000 0.000000
vn 1.000000 0.000000 0.000000
vn 1.000000 0.000000 0.000000
vn 1.000000 0.000000 0.000000
vn 1.000000 0.000000 0.000000
vn 1.000000 0.000000 0.000000
vn 1.000000 0.000000 0.000000
vn 1.000000 0.000000 0.000000
vn 1.000000 0.000000 0.000000
vn 1.000000 0.000000 0.000000
vn 1.000000 0.000000 0.000000
vn 1.000000 0.000000 0.000000
vn 1.000000 0.000000 0.000000
vn 1.000000 0.000000 0.000000
vn 1.000000 0.000000 0.000000
vn 1.000000 0.000000 0.000000
vn 1.000000 0.000000 0.000000
vn 1.000000 0.000000 0.000000
vn 1.000000 0.000000 0.000000
vn 1.000000 0.000000 0.000000
vn 1.000000 0.000000 0.000000
vn 1.000000 0.000000 0.000000
vn 1.000000 0.000000 0.000000
vn 1.000000 0.000000 0.000000
vn 1.000000 0.000000 0.000000
vn 1.000000 0.000000 0.000000
vn 1.000000 0.000000 0.000000
vn 1.000000 0.000000 0.000000
vn 1.000000 0.000000 0.000000
vn 1.000000 0.000000 0.000000
vn 1.000000 0.000000 0.000000
vn 1.000000 0.000000 0.000000
vn 1.000000 0.000000 0.000000
vn 1.000000 0.000000 0.000000
vn 1.000000 0.000000 0.000000
vn 1.000000 0.000000 0.000000
vn 1.000000 0.000000 0.000000
vn 1.000000 0.000000 0.000000
vn 1.000000 0.000000 0.000000
vn 1.000000 0.000000 0.000000
vn 1.000000 0.000000 0.000000
vn 1.000000 0.000000 0.000000
vn 1.000000 0.000000 0.000000
vn 1.000000 0.000000 0.000000
vn 1.000000 0.000000 0.000000
vn 1.000000 0.000000 0.000000
vn 1.000000 0.000000 0.000000
vn 1.000000 0.000000 0.000000
vn 1.000000 0.000000 0.000000
vn 1.000000 0.000000 0.000000
vn 1.000000 0.000000 0.000000
vn 1.000000 0.000000 0.000000
vn 1.000000 0.000000 0.000000
vn 1.000000 0.000000 0.000000
vn 1.000000 0.000000 0.000000
vn 1.000000 0.000000 0.000000
vn 1.000000 0.000000 0.000000
vn 1.000000 0.000000 0.000000
vn 1.000000 0.000000 0.000000
vn 1.000000 0.000000 0.000000
vn 1.000000 0.000000 0.000000
vn 1.000000 0.000000 0.000000
vn 1.000000 0.000000 0.000000
vn 1.000000 0.000000 0.000000
vn 1.000000 0.000000 0.000000
vn 1.000000 0.000000 0.000000
vn 1.000000 0.000000 0.000000
vn 1.000000 0.000000 0.000000
vn 1.000000 0.000000 0.000000
vn 1.000000 0.000000 0.000000
vn 1.000000 0.000000 0.000000
vn 1.000000 0.000000 0.000000
vn 1.000000 0.000000 0.000000
vn 1.000000 0.000000 0.000000
vn 1.000000 0.000000 0.000000
vn 1.000000 0.000000 0.000000
vn 1.000000 0.000000 0.000000
vn 1.000000 0.000000 0.000000
vn 1.000000 0.000000 0.000000
vn 1.000000 0.000000 0.000000
vn 1.000000 0.000000 0.000000
vn 1.000000 0.000000 0.000000
vn 1.000000 0.000000 0.000000
vn 1.000000 0.000000 0.000000
vn 1.000000 0.000000 0.000000
vn 1.000000 0.000000 0.000000
vn 1.000000 0.000000 0.000000
vn 1.000000 0.000000 0.000000
vn 1.000000 0.000000 0.000000
vn 1.000000 0.000000 0.000000
vn 1.000000 0.000000 0.000000
vn 1.000000 0.000000 0.000000
vn 1.000000 0.000000 0.000000
vn 1.000000 0.000000 0.000000
vn 1.000000 0.000000 0.000000
vn 1.000000 0.000000 0.000000
vn 1.000000 0.000000 0.000000
vn 1.000000 0.000000 0.000000
vn 1.000000 0.000000 0.000000
vn 1.000000 0.000000 0.000000
vn 1.000000 0.000000 0.000000
vn 1.000000 0.000000 0.000000
vn 1.000000 0.000000 0.000000
vn 1.000000 0.000000 0.000000
vn 1.000000 0.000000 0.000000
vn 1.000000 0.000000 0.000000
vn 1.000000 0.000000 0.000000
vn 1.000000 0.000000 0.000000
vn 1.000000 0.000000 0.000000
vn 1.000000 0.000000 0.000000
vn 1.000000 0.000000 0.000000
vn 1.000000 0.000000 0.000000
vn 1.000000 0.000000 0.000000
vn 1.000000 0.000000 0.000000
vn 1.000000 0.000000 0.000000
vn 1.000000 0.000000 0.000000
vn 1.000000 0.000000 0.000000
vn 1.000000 0.000000 0.000000
vn 1.000000 0.000000 0.000000
vn 1.000000 0.000000 0.000000
vn 1.000000 0.000000 0.000000
vn 1.000000 0.000000 0.000000
vn 1.000000 0.000000 0.000000
vn 1.000000 0.000000 0.000000
vn 1.000000 0.000000 0.000000
vn 1.000000 0.000000 0.000000
vn 1.000000 0.000000 0.000000
vn 1.000000 0.000000 0.000000
vn 1.000000 0.000000 0.000000
vn 1.000000 0.000000 0.000000
vn 1.000000 0.000000 0.000000
vn 1.000000 0.000000 0.000000
vn 1.000000 0.000000 0.000000
vn 1.000000 0.000000 0.000000
vn 1.000000 0.000000 0.000000
vn 1.000000 0.000000 0.000000
vn 1.000000 0.000000 0.000000
vn 1.000000 0.000000 0.000000
vn 1.000000 0.000000 0.000000
vn 1.000000 0.000000 0.000000
vn 1.000000 0.000000 0.000000
vn 1.000000 0.000000 0.000000
vn 1.000000 0.000000 0.000000
vn 1.000000 0.000000 0.000000
vn 1.000000 0.000000 0.000000
vn 1.000000 0.000000 0.000000
vn 1.000000 0.000000 0.000000
vn 1.000000 0.000000 0.000000
vn 1.000000 0.000000 0.000000
vn 1.000000 0.000000 0.000000
vn 1.000000 0.000000 0.000000
vn 1.000000 0.000000 0.000000
vn 1.000000 0.000000 0.000000
vn 1.000000 0.000000 0.000000
vn 1.000000 0.000000 0.000000
vn 1.000000 0.000000 0.000000
vn 1.000000 0.000000 0.000000
vn 1.000000 0.000000 0.000000
vn 1.000000 0.000000 0.000000
vn 1.000000 0.000000 0.000000
vn 1.000000 0.000000 0.000000
vn 1.000000 0.000000 0.000000
vn 1.000000 0.000000 0.000000
vn 1.000000 0.000000 0.000000
vn 1.000000 0.000000 0.000000
vn 1.000000 0.000000 0.000000
vn 1.000000 0.000000 0.000000
vn 1.000000 0.000000 0.000000
vn 1.000000 0.000000 0.000000
vn 1.000000 0.000000 0.000000
vn 1.000000 0.000000 0.000000
vn 1.000000 0.000000 0.000000
vn 1.000000 0.000000 0.000000
vn 1.000000 0.000000 0.000000
vn 1.000000 0.000000 0.000000
vn 1.000000 0.000000 0.000000
vn 1.000000 0.000000 0.000000
vn 1.000000 0.000000 0.000000
vn 1.000000 0.000000 0.000000
vn 1.000000 0.000000 0.000000
vn 1.000000 0.000000 0.000000
vn 1.000000 0.000000 0.000000
vn 1.000000 0.000000 0.000000
vn 1.000000 0.000000 0.000000
vn 1.000000 0.000000 0.000000
vn 1.000000 0.000000 0.000000
vn 1.000000 0.000000 0.000000
vn 1.000000 0.000000 0.000000
vn 1.000000 0.000000 0.000000
vn 0.000000 0.421000 -0.907100
vn 0.000000 0.421000 -0.907100
vn 0.000000 0.421000 -0.907100
vn 0.000000 0.339900 -0.940500
vn 0.000000 0.339900 -0.940500
vn 0.000000 0.339900 -0.940500
vn 0.000000 0.421000 0.907100
vn 0.000000 0.421000 0.907100
vn 0.000000 0.421000 0.907100
vn 0.000000 0.339900 0.940500
vn 0.000000 0.339900 0.940500
vn 0.000000 0.339900 0.940500
vn 0.000000 -1.000000 0.000000
vn 0.000000 -1.000000 0.000000
vn 0.000000 -1.000000 0.000000
vn 0.000000 -1.000000 0.000000
vn 0.000000 -1.000000 0.000000
vn 0.000000 -1.000000 0.000000
vn 0.000000 -0.339900 -0.940500
vn 0.000000 -0.339900 -0.940500
vn 0.000000 -0.339900 -0.940500
vn 0.000000 -0.421000 -0.907100
vn 0.000000 -0.421000 -0.907100
vn 0.000000 -0.421000 -0.907100
vn 0.000000 -1.000000 0.000000
vn 0.000000 -1.000000 0.000000
vn 0.000000 -1.000000 0.000000
vn 0.000000 -1.000000 0.000000
vn 0.000000 -1.000000 0.000000
vn 0.000000 -1.000000 0.000000
vn 0.000000 -0.641400 -0.767200
vn 0.000000 -0.641400 -0.767200
vn 0.000000 -0.641400 -0.767200
vn 0.000000 -0.767200 -0.641400
vn 0.000000 -0.767200 -0.641400
vn 0.000000 -0.767200 -0.641400
vn 0.000000 -0.907100 -0.421000
vn 0.000000 -0.907100 -0.421000
vn 0.000000 -0.907100 -0.421000
vn 0.000000 -0.940500 -0.339900
vn 0.000000 -0.940500 -0.339900
vn 0.000000 -0.940500 -0.339900
vn 0.000000 0.940500 -0.339900
vn 0.000000 0.940500 -0.339900
vn 0.000000 0.940500 -0.339900
vn 0.000000 0.907100 -0.421000
vn 0.000000 0.907100 -0.421000
vn 0.000000 0.907100 -0.421000
vn 0.000000 0.767200 -0.641400
vn 0.000000 0.767200 -0.641400
vn 0.000000 0.767200 -0.641400
vn 0.000000 0.641400 -0.767200
vn 0.000000 0.641400 -0.767200
vn 0.000000 0.641400 -0.767200
vn 0.000000 0.000000 -1.000000
vn 0.000000 0.000000 -1.000000
vn 0.000000 0.000000 -1.000000
vn 0.000000 0.000000 -1.000000
vn 0.000000 0.000000 -1.000000
vn 0.000000 0.000000 -1.000000
vn 0.000000 0.000000 -1.000000
vn 0.000000 0.000000 -1.000000
vn 0.000000 0.000000 -1.000000
vn 0.000000 0.000000 -1.000000
vn 0.000000 0.000000 -1.000000
vn 0.000000 0.000000 -1.000000
vn 0.000000 1.000000 0.000000
vn 0.000000 1.000000 0.000000
vn 0.000000 1.000000 0.000000
vn 0.000000 1.000000 0.000000
vn 0.000000 1.000000 0.000000
vn 0.000000 1.000000 0.000000
vn 0.000000 -0.339900 -0.940500
vn 0.000000 -0.339900 -0.940500
vn 0.000000 -0.339900 -0.940500
vn 0.000000 -0.421000 -0.907100
vn 0.000000 -0.421000 -0.907100
vn 0.000000 -0.421000 -0.907100
vn 0.000000 -0.641400 -0.767200
vn 0.000000 -0.641400 -0.767200
vn 0.000000 -0.641400 -0.767200
vn 0.000000 -0.767200 -0.641400
vn 0.000000 -0.767200 -0.641400
vn 0.000000 -0.767200 -0.641400
vn 0.000000 -0.907100 -0.421000
vn 0.000000 -0.907100 -0.421000
vn 0.000000 -0.907100 -0.421000
vn 0.000000 -0.940500 -0.339900
vn 0.000000 -0.940500 -0.339900
vn 0.000000 -0.940500 -0.339900
vn 0.000000 0.940500 -0.339900
vn 0.000000 0.940500 -0.339900
vn 0.000000 0.940500 -0.339900
vn 0.000000 0.907100 -0.421000
vn 0.000000 0.907100 -0.421000
vn 0.000000 0.907100 -0.421000
vn 0.000000 0.767200 -0.641400
vn 0.000000 0.767200 -0.641400
vn 0.000000 0.767200 -0.641400
vn 0.000000 0.641400 -0.767200
vn 0.000000 0.641400 -0.767200
vn 0.000000 0.641400 -0.767200
vn 0.000000 0.421000 -0.907100
vn 0.000000 0.421000 -0.907100
vn 0.000000 0.421000 -0.907100
vn 0.000000 0.339900 -0.940500
vn 0.000000 0.339900 -0.940500
vn 0.000000 0.339900 -0.940500
vn 0.000000 0.000000 -1.000000
vn 0.000000 0.000000 -1.000000
vn 0.000000 0.000000 -1.000000
vn 0.000000 0.000000 -1.000000
vn 0.000000 0.000000 -1.000000
vn 0.000000 0.000000 -1.000000
vn 0.000000 -0.313900 0.949400
vn 0.000000 -0.313900 0.949400
vn 0.000000 -0.313900 0.949400
vn 0.000000 -0.368700 0.929500
vn 0.000000 -0.368700 0.929500
vn 0.000000 -0.368700 0.929500
vn 0.000000 -1.000000 0.000000
vn 0.000000 -1.000000 0.000000
vn 0.000000 -1.000000 0.000000
vn 0.000000 -1.000000 0.000000
vn 0.000000 -1.000000 0.000000
vn 0.000000 -1.000000 0.000000
vn 0.000000 -1.000000 0.000000
vn 0.000000 -1.000000 0.000000
vn 0.000000 -1.000000 0.000000
vn 0.000000 -1.000000 0.000000
vn 0.000000 -1.000000 0.000000
vn 0.000000 -1.000000 0.000000
vn 0.000000 0.000000 -1.000000
vn 0.000000 0.000000 -1.000000
vn 0.000000 0.000000 -1.000000
vn 0.000000 0.000000 -1.000000
vn 0.000000 0.000000 -1.000000
vn 0.000000 0.000000 -1.000000
vn 0.000000 0.000000 -1.000000
vn 0.000000 0.000000 -1.000000
vn 0.000000 0.000000 -1.000000
vn 0.000000 0.000000 -1.000000
vn 0.000000 0.000000 -1.000000
vn 0.000000 0.000000 -1.000000
vn 0.000000 1.000000 0.000000
vn 0.000000 1.000000 0.000000
vn 0.000000 1.000000 0.000000
vn 0.000000 1.000000 0.000000
vn 0.000000 1.000000 0.000000
vn 0.000000 1.000000 0.000000
vn 0.000000 -0.939400 -0.342800
vn 0.000000 -0.939400 -0.342800
vn 0.000000 -0.939400 -0.342800
vn 0.000000 -0.906000 -0.423200
vn 0.000000 -0.906000 -0.423200
vn 0.000000 -0.906000 -0.423200
vn 0.000000 -0.766800 -0.641900
vn 0.000000 -0.766800 -0.641900
vn 0.000000 -0.766800 -0.641900
vn 0.000000 -0.641900 -0.766800
vn 0.000000 -0.641900 -0.766800
vn 0.000000 -0.641900 -0.766800
vn 0.000000 -0.423200 -0.906000
vn 0.000000 -0.423200 -0.906000
vn 0.000000 -0.423200 -0.906000
vn 0.000000 -0.342800 -0.939400
vn 0.000000 -0.342800 -0.939400
vn 0.000000 -0.342800 -0.939400
vn 0.000000 0.000000 -1.000000
vn 0.000000 0.000000 -1.000000
vn 0.000000 0.000000 -1.000000
vn 0.000000 0.000000 -1.000000
vn 0.000000 0.000000 -1.000000
vn 0.000000 0.000000 -1.000000
vn 0.000000 -0.643000 -0.765900
vn 0.000000 -0.643000 -0.765900
vn 0.000000 -0.643000 -0.765900
vn 0.000000 -0.573400 -0.819300
vn 0.000000 -0.573400 -0.819300
vn 0.000000 -0.573400 -0.819300
vn 0.000000 1.000000 0.000000
vn 0.000000 1.000000 0.000000
vn 0.000000 1.000000 0.000000
vn 0.000000 1.000000 0.000000
vn 0.000000 1.000000 0.000000
vn 0.000000 1.000000 0.000000
vn 0.000000 -1.000000 0.000000
vn 0.000000 -1.000000 0.000000
vn 0.000000 -1.000000 0.000000
vn 0.000000 -1.000000 0.000000
vn 0.000000 -1.000000 0.000000
vn 0.000000 -1.000000 0.000000
vn 0.000000 0.000000 1.000000
vn 0.000000 0.000000 1.000000
vn 0.000000 0.000000 1.000000
vn 0.000000 0.000000 1.000000
vn 0.000000 0.000000 1.000000
vn 0.000000 0.000000 1.000000
vn 0.000000 0.000000 1.000000
vn 0.000000 0.000000 1.000000
vn 0.000000 0.000000 1.000000
vn 0.000000 0.000000 1.000000
vn 0.000000 0.000000 1.000000
vn 0.000000 0.000000 1.000000
vn 0.000000 0.644200 -0.764900
vn 0.000000 0.644200 -0.764900
vn 0.000000 0.644200 -0.764900
vn 0.000000 0.644200 -0.764900
vn 0.000000 0.644200 -0.764900
vn 0.000000 0.644200 -0.764900
vn 0.000000 0.525500 -0.850800
vn 0.000000 0.525500 -0.850800
vn 0.000000 0.525500 -0.850800
vn 0.000000 0.475100 -0.879900
vn 0.000000 0.475100 -0.879900
vn 0.000000 0.475100 -0.879900
vn 0.000000 0.368700 -0.929500
vn 0.000000 0.368700 -0.929500
vn 0.000000 0.368700 -0.929500
vn 0.000000 0.313900 -0.949400
vn 0.000000 0.313900 -0.949400
vn 0.000000 0.313900 -0.949400
vn 0.000000 -0.001100 -1.000000
vn 0.000000 -0.001100 -1.000000
vn 0.000000 -0.001100 -1.000000
vn 0.000000 -0.001100 -1.000000
vn 0.000000 -0.001100 -1.000000
vn 0.000000 -0.001100 -1.000000
vn 0.000000 0.475100 -0.879900
vn 0.000000 0.475100 -0.879900
vn 0.000000 0.475100 -0.879900
vn 0.000000 0.525500 -0.850800
vn 0.000000 0.525500 -0.850800
vn 0.000000 0.525500 -0.850800
vn 0.000000 0.313900 -0.949400
vn 0.000000 0.313900 -0.949400
vn 0.000000 0.313900 -0.949400
vn 0.000000 0.368700 -0.929500
vn 0.000000 0.368700 -0.929500
vn 0.000000 0.368700 -0.929500
vn 0.000000 1.000000 0.000000
vn 0.000000 1.000000 0.000000
vn 0.000000 1.000000 0.000000
vn 0.000000 1.000000 0.000000
vn 0.000000 1.000000 0.000000
vn 0.000000 1.000000 0.000000
vn 0.000000 -1.000000 0.000000
vn 0.000000 -1.000000 0.000000
vn 0.000000 -1.000000 0.000000
vn 0.000000 -1.000000 0.000000
vn 0.000000 -1.000000 0.000000
vn 0.000000 -1.000000 0.000000
vn 0.000000 0.000000 -1.000000
vn 0.000000 0.000000 -1.000000
vn 0.000000 0.000000 -1.000000
vn 0.000000 0.000000 -1.000000
vn 0.000000 0.000000 -1.000000
vn 0.000000 0.000000 -1.000000
vn 0.000000 0.984300 0.176300
vn 0.000000 0.984300 0.176300
vn 0.000000 0.984300 0.176300
vn 0.000000 0.975800 0.218600
vn 0.000000 0.975800 0.218600
vn 0.000000 0.975800 0.218600
vn 0.000000 0.000000 1.000000
vn 0.000000 0.000000 1.000000
vn 0.000000 0.000000 1.000000
vn 0.000000 0.000000 1.000000
vn 0.000000 0.000000 1.000000
vn 0.000000 0.000000 1.000000
vn 0.000000 0.939400 0.342900
vn 0.000000 0.939400 0.342900
vn 0.000000 0.939400 0.342900
vn 0.000000 0.906000 0.423300
vn 0.000000 0.906000 0.423300
vn 0.000000 0.906000 0.423300
vn 0.000000 0.819300 0.573400
vn 0.000000 0.819300 0.573400
vn 0.000000 0.819300 0.573400
vn 0.000000 0.765900 0.643000
vn 0.000000 0.765900 0.643000
vn 0.000000 0.765900 0.643000
vn 0.000000 0.643000 0.765900
vn 0.000000 0.643000 0.765900
vn 0.000000 0.643000 0.765900
vn 0.000000 0.573400 0.819300
vn 0.000000 0.573400 0.819300
vn 0.000000 0.573400 0.819300
vn 0.000000 1.000000 0.000000
vn 0.000000 1.000000 0.000000
vn 0.000000 1.000000 0.000000
vn 0.000000 1.000000 0.000000
vn 0.000000 1.000000 0.000000
vn 0.000000 1.000000 0.000000
vn 0.000000 0.423300 0.906000
vn 0.000000 0.423300 0.906000
vn 0.000000 0.423300 0.906000
vn 0.000000 0.342900 0.939400
vn 0.000000 0.342900 0.939400
vn 0.000000 0.342900 0.939400
vn 0.000000 0.218600 0.975800
vn 0.000000 0.218600 0.975800
vn 0.000000 0.218600 0.975800
vn 0.000000 0.176300 0.984300
vn 0.000000 0.176300 0.984300
vn 0.000000 0.176300 0.984300
vn 0.000000 -0.641400 -0.767200
vn 0.000000 -0.641400 -0.767200
vn 0.000000 -0.641400 -0.767200
vn 0.000000 -0.767200 -0.641400
vn 0.000000 -0.767200 -0.641400
vn 0.000000 -0.767200 -0.641400
vn 0.000000 -0.907100 -0.421000
vn 0.000000 -0.907100 -0.421000
vn 0.000000 -0.907100 -0.421000
vn 0.000000 -0.940500 -0.339900
vn 0.000000 -0.940500 -0.339900
vn 0.000000 -0.940500 -0.339900
vn 0.000000 -0.984900 -0.173400
vn 0.000000 -0.984900 -0.173400
vn 0.000000 -0.984900 -0.173400
vn 0.000000 -0.976300 -0.216200
vn 0.000000 -0.976300 -0.216200
vn 0.000000 -0.976300 -0.216200
vn 0.000000 -0.339900 -0.940500
vn 0.000000 -0.339900 -0.940500
vn 0.000000 -0.339900 -0.940500
vn 0.000000 -0.421000 -0.907100
vn 0.000000 -0.421000 -0.907100
vn 0.000000 -0.421000 -0.907100
vn 0.000000 -1.000000 0.000000
vn 0.000000 -1.000000 0.000000
vn 0.000000 -1.000000 0.000000
vn 0.000000 -1.000000 0.000000
vn 0.000000 -1.000000 0.000000
vn 0.000000 -1.000000 0.000000
vn 0.000000 -0.939800 -0.341800
vn 0.000000 -0.939800 -0.341800
vn 0.000000 -0.939800 -0.341800
vn 0.000000 -0.906200 -0.422800
vn 0.000000 -0.906200 -0.422800
vn 0.000000 -0.906200 -0.422800
vn 0.000000 -0.819300 -0.573400
vn 0.000000 -0.819300 -0.573400
vn 0.000000 -0.819300 -0.573400
vn 0.000000 -0.765900 -0.643000
vn 0.000000 -0.765900 -0.643000
vn 0.000000 -0.765900 -0.643000
vn 0.000000 -0.422800 -0.906200
vn 0.000000 -0.422800 -0.906200
vn 0.000000 -0.422800 -0.906200
vn 0.000000 -0.341800 -0.939800
vn 0.000000 -0.341800 -0.939800
vn 0.000000 -0.341800 -0.939800
vn 0.000000 -0.216200 -0.976300
vn 0.000000 -0.216200 -0.976300
vn 0.000000 -0.216200 -0.976300
vn 0.000000 -0.173400 -0.984900
vn 0.000000 -0.173400 -0.984900
vn 0.000000 -0.173400 -0.984900
vn 0.000000 0.000000 -1.000000
vn 0.000000 0.000000 -1.000000
vn 0.000000 0.000000 -1.000000
vn 0.000000 0.000000 -1.000000
vn 0.000000 0.000000 -1.000000
vn 0.000000 0.000000 -1.000000
vn 0.000000 0.976300 -0.216200
vn 0.000000 0.976300 -0.216200
vn 0.000000 0.976300 -0.216200
vn 0.000000 0.984900 -0.173400
vn 0.000000 0.984900 -0.173400
vn 0.000000 0.984900 -0.173400
vn 0.000000 0.000000 1.000000
vn 0.000000 0.000000 1.000000
vn 0.000000 0.000000 1.000000
vn 0.000000 0.000000 1.000000
vn 0.000000 0.000000 1.000000
vn 0.000000 0.000000 1.000000
vn 0.000000 0.765900 -0.643000
vn 0.000000 0.765900 -0.643000
vn 0.000000 0.765900 -0.643000
vn 0.000000 0.819300 -0.573400
vn 0.000000 0.819300 -0.573400
vn 0.000000 0.819300 -0.573400
vn 0.000000 0.173400 -0.984900
vn 0.000000 0.173400 -0.984900
vn 0.000000 0.173400 -0.984900
vn 0.000000 0.216200 -0.976300
vn 0.000000 0.216200 -0.976300
vn 0.000000 0.216200 -0.976300
vn 0.000000 0.341800 -0.939800
vn 0.000000 0.341800 -0.939800
vn 0.000000 0.341800 -0.939800
vn 0.000000 0.422800 -0.906200
vn 0.000000 0.422800 -0.906200
vn 0.000000 0.422800 -0.906200
vn 0.000000 0.573400 -0.819300
vn 0.000000 0.573400 -0.819300
vn 0.000000 0.573400 -0.819300
vn 0.000000 0.643000 -0.765900
vn 0.000000 0.643000 -0.765900
vn 0.000000 0.643000 -0.765900
vn 0.000000 0.906200 -0.422800
vn 0.000000 0.906200 -0.422800
vn 0.000000 0.906200 -0.422800
vn 0.000000 0.939800 -0.341800
vn 0.000000 0.939800 -0.341800
vn 0.000000 0.939800 -0.341800
vn 0.000000 -0.644200 0.764900
vn 0.000000 -0.644200 0.764900
vn 0.000000 -0.644200 0.764900
vn 0.000000 -0.644200 0.764900
vn 0.000000 -0.644200 0.764900
vn 0.000000 -0.644200 0.764900
vn 0.000000 -0.525500 0.850800
vn 0.000000 -0.525500 0.850800
vn 0.000000 -0.525500 0.850800
vn 0.000000 -0.475100 0.879900
vn 0.000000 -0.475100 0.879900
vn 0.000000 -0.475100 0.879900
vn 0.000000 -0.368700 0.929500
vn 0.000000 -0.368700 0.929500
vn 0.000000 -0.368700 0.929500
vn 0.000000 -0.313900 0.949400
vn 0.000000 -0.313900 0.949400
vn 0.000000 -0.313900 0.949400
vn 0.000000 0.001100 1.000000
vn 0.000000 0.001100 1.000000
vn 0.000000 0.001100 1.000000
vn 0.000000 0.001100 1.000000
vn 0.000000 0.001100 1.000000
vn 0.000000 0.001100 1.000000
vn 0.000000 0.000000 1.000000
vn 0.000000 0.000000 1.000000
vn 0.000000 0.000000 1.000000
vn 0.000000 0.000000 1.000000
vn 0.000000 0.000000 1.000000
vn 0.000000 0.000000 1.000000
vn 0.000000 0.000000 1.000000
vn 0.000000 0.000000 1.000000
vn 0.000000 0.000000 1.000000
vn 0.000000 0.000000 1.000000
vn 0.000000 0.000000 1.000000
vn 0.000000 0.000000 1.000000
vn 0.000000 0.000000 -1.000000
vn 0.000000 0.000000 -1.000000
vn 0.000000 0.000000 -1.000000
vn 0.000000 0.000000 -1.000000
vn 0.000000 0.000000 -1.000000
vn 0.000000 0.000000 -1.000000
vn 0.000000 -0.643000 0.765900
vn 0.000000 -0.643000 0.765900
vn 0.000000 -0.643000 0.765900
vn 0.000000 -0.573400 0.819300
vn 0.000000 -0.573400 0.819300
vn 0.000000 -0.573400 0.819300
vn 0.000000 1.000000 0.000000
vn 0.000000 1.000000 0.000000
vn 0.000000 1.000000 0.000000
vn 0.000000 1.000000 0.000000
vn 0.000000 1.000000 0.000000
vn 0.000000 1.000000 0.000000
vn 0.000000 0.000000 1.000000
vn 0.000000 0.000000 1.000000
vn 0.000000 0.000000 1.000000
vn 0.000000 0.000000 1.000000
vn 0.000000 0.000000 1.000000
vn 0.000000 0.000000 1.000000
vn 0.000000 -0.173400 0.984900
vn 0.000000 -0.173400 0.984900
vn 0.000000 -0.173400 0.984900
vn 0.000000 -0.216200 0.976300
vn 0.000000 -0.216200 0.976300
vn 0.000000 -0.216200 0.976300
vn 0.000000 -0.341800 0.939800
vn 0.000000 -0.341800 0.939800
vn 0.000000 -0.341800 0.939800
vn 0.000000 -0.422800 0.906200
vn 0.000000 -0.422800 0.906200
vn 0.000000 -0.422800 0.906200
vn 0.000000 0.573400 0.819300
vn 0.000000 0.573400 0.819300
vn 0.000000 0.573400 0.819300
vn 0.000000 0.643000 0.765900
vn 0.000000 0.643000 0.765900
vn 0.000000 0.643000 0.765900
vn 0.000000 0.422800 0.906200
vn 0.000000 0.422800 0.906200
vn 0.000000 0.422800 0.906200
vn 0.000000 0.341800 0.939800
vn 0.000000 0.341800 0.939800
vn 0.000000 0.341800 0.939800
vn 0.000000 0.216200 0.976300
vn 0.000000 0.216200 0.976300
vn 0.000000 0.216200 0.976300
vn 0.000000 0.173400 0.984900
vn 0.000000 0.173400 0.984900
vn 0.000000 0.173400 0.984900
vn 0.000000 -0.421000 0.907100
vn 0.000000 -0.421000 0.907100
vn 0.000000 -0.421000 0.907100
vn 0.000000 -0.339900 0.940500
vn 0.000000 -0.339900 0.940500
vn 0.000000 -0.339900 0.940500
vn 0.000000 0.000000 1.000000
vn 0.000000 0.000000 1.000000
vn 0.000000 0.000000 1.000000
vn 0.000000 0.000000 1.000000
vn 0.000000 0.000000 1.000000
vn 0.000000 0.000000 1.000000
vn 0.000000 0.907100 0.421000
vn 0.000000 0.907100 0.421000
vn 0.000000 0.907100 0.421000
vn 0.000000 0.940500 0.339900
vn 0.000000 0.940500 0.339900
vn 0.000000 0.940500 0.339900
vn 0.000000 0.641400 0.767200
vn 0.000000 0.641400 0.767200
vn 0.000000 0.641400 0.767200
vn 0.000000 0.767200 0.641400
vn 0.000000 0.767200 0.641400
vn 0.000000 0.767200 0.641400
vn 0.000000 1.000000 0.000000
vn 0.000000 1.000000 0.000000
vn 0.000000 1.000000 0.000000
vn 0.000000 1.000000 0.000000
vn 0.000000 1.000000 0.000000
vn 0.000000 1.000000 0.000000
vn 0.000000 -0.940500 0.339900
vn 0.000000 -0.940500 0.339900
vn 0.000000 -0.940500 0.339900
vn 0.000000 -0.907100 0.421000
vn 0.000000 -0.907100 0.421000
vn 0.000000 -0.907100 0.421000
vn 0.000000 -0.767200 0.641400
vn 0.000000 -0.767200 0.641400
vn 0.000000 -0.767200 0.641400
vn 0.000000 -0.641400 0.767200
vn 0.000000 -0.641400 0.767200
vn 0.000000 -0.641400 0.767200
vn 0.000000 0.339900 0.940500
vn 0.000000 0.339900 0.940500
vn 0.000000 0.339900 0.940500
vn 0.000000 0.421000 0.907100
vn 0.000000 0.421000 0.907100
vn 0.000000 0.421000 0.907100
vn 0.000000 -0.984900 0.173400
vn 0.000000 -0.984900 0.173400
vn 0.000000 -0.984900 0.173400
vn 0.000000 -0.976300 0.216200
vn 0.000000 -0.976300 0.216200
vn 0.000000 -0.976300 0.216200
vn 0.000000 0.983200 0.182700
vn 0.000000 0.983200 0.182700
vn 0.000000 0.983200 0.182700
vn 0.000000 0.994400 0.105200
vn 0.000000 0.994400 0.105200
vn 0.000000 0.994400 0.105200
vn 0.000000 0.906200 0.422800
vn 0.000000 0.906200 0.422800
vn 0.000000 0.906200 0.422800
vn 0.000000 0.939800 0.341800
vn 0.000000 0.939800 0.341800
vn 0.000000 0.939800 0.341800
vn 0.000000 0.341800 0.939800
vn 0.000000 0.341800 0.939800
vn 0.000000 0.341800 0.939800
vn 0.000000 0.422800 0.906200
vn 0.000000 0.422800 0.906200
vn 0.000000 0.422800 0.906200
vn 0.000000 0.573400 0.819300
vn 0.000000 0.573400 0.819300
vn 0.000000 0.573400 0.819300
vn 0.000000 0.643000 0.765900
vn 0.000000 0.643000 0.765900
vn 0.000000 0.643000 0.765900
vn 0.000000 0.765900 0.643000
vn 0.000000 0.765900 0.643000
vn 0.000000 0.765900 0.643000
vn 0.000000 0.819300 0.573400
vn 0.000000 0.819300 0.573400
vn 0.000000 0.819300 0.573400
vn 0.000000 -0.939800 0.341800
vn 0.000000 -0.939800 0.341800
vn 0.000000 -0.939800 0.341800
vn 0.000000 -0.906200 0.422800
vn 0.000000 -0.906200 0.422800
vn 0.000000 -0.906200 0.422800
vn 0.000000 -0.173900 0.984800
vn 0.000000 -0.173900 0.984800
vn 0.000000 -0.173900 0.984800
vn 0.000000 -0.086900 0.996200
vn 0.000000 -0.086900 0.996200
vn 0.000000 -0.086900 0.996200
vn 0.000000 0.086900 0.996200
vn 0.000000 0.086900 0.996200
vn 0.000000 0.086900 0.996200
vn 0.000000 0.173900 0.984800
vn 0.000000 0.173900 0.984800
vn 0.000000 0.173900 0.984800
vn 0.000000 -0.819300 0.573400
vn 0.000000 -0.819300 0.573400
vn 0.000000 -0.819300 0.573400
vn 0.000000 -0.765900 0.643000
vn 0.000000 -0.765900 0.643000
vn 0.000000 -0.765900 0.643000
vn 0.000000 -0.643000 0.765900
vn 0.000000 -0.643000 0.765900
vn 0.000000 -0.643000 0.765900
vn 0.000000 -0.573400 0.819300
vn 0.000000 -0.573400 0.819300
vn 0.000000 -0.573400 0.819300
vn 0.000000 -0.422800 0.906200
vn 0.000000 -0.422800 0.906200
vn 0.000000 -0.422800 0.906200
vn 0.000000 -0.341800 0.939800
vn 0.000000 -0.341800 0.939800
vn 0.000000 -0.341800 0.939800
vn 0.000000 1.000000 -0.006800
vn 0.000000 1.000000 -0.006800
vn 0.000000 1.000000 -0.006800
vn 0.000000 0.999200 -0.041200
vn 0.000000 0.999200 -0.041200
vn 0.000000 0.999200 -0.041200
vn 0.000000 1.000000 0.000000
vn 0.000000 1.000000 0.000000
vn 0.000000 1.000000 0.000000
vn 0.000000 1.000000 0.000000
vn 0.000000 1.000000 0.000000
vn 0.000000 1.000000 0.000000
vn 0.000000 0.000000 -1.000000
vn 0.000000 0.000000 -1.000000
vn 0.000000 0.000000 -1.000000
vn 0.000000 0.000000 -1.000000
vn 0.000000 0.000000 -1.000000
vn 0.000000 0.000000 -1.000000
vn 0.000000 0.940500 -0.339900
vn 0.000000 0.940500 -0.339900
vn 0.000000 0.940500 -0.339900
vn 0.000000 0.907100 -0.421000
vn 0.000000 0.907100 -0.421000
vn 0.000000 0.907100 -0.421000
vn 0.000000 1.000000 0.000000
vn 0.000000 1.000000 0.000000
vn 0.000000 1.000000 0.000000
vn 0.000000 1.000000 0.000000
vn 0.000000 1.000000 0.000000
vn 0.000000 1.000000 0.000000
vn 0.000000 -0.641400 -0.767200
vn 0.000000 -0.641400 -0.767200
vn 0.000000 -0.641400 -0.767200
vn 0.000000 -0.767200 -0.641400
vn 0.000000 -0.767200 -0.641400
vn 0.000000 -0.767200 -0.641400
vn 0.000000 -0.907100 -0.421000
vn 0.000000 -0.907100 -0.421000
vn 0.000000 -0.907100 -0.421000
vn 0.000000 -0.940500 -0.339900
vn 0.000000 -0.940500 -0.339900
vn 0.000000 -0.940500 -0.339900
vn 0.000000 0.767200 -0.641400
vn 0.000000 0.767200 -0.641400
vn 0.000000 0.767200 -0.641400
vn 0.000000 0.641400 -0.767200
vn 0.000000 0.641400 -0.767200
vn 0.000000 0.641400 -0.767200
vn 0.000000 0.421000 -0.907100
vn 0.000000 0.421000 -0.907100
vn 0.000000 0.421000 -0.907100
vn 0.000000 0.339900 -0.940500
vn 0.000000 0.339900 -0.940500
vn 0.000000 0.339900 -0.940500
vn 0.000000 -0.339900 -0.940500
vn 0.000000 -0.339900 -0.940500
vn 0.000000 -0.339900 -0.940500
vn 0.000000 -0.421000 -0.907100
vn 0.000000 -0.421000 -0.907100
vn 0.000000 -0.421000 -0.907100
vn 0.000000 -1.000000 0.000000
vn 0.000000 -1.000000 0.000000
vn 0.000000 -1.000000 0.000000
vn 0.000000 -1.000000 0.000000
vn 0.000000 -1.000000 0.000000
vn 0.000000 -1.000000 0.000000
vn 0.000000 0.983200 -0.182700
vn 0.000000 0.983200 -0.182700
vn 0.000000 0.983200 -0.182700
vn 0.000000 0.994400 -0.105200
vn 0.000000 0.994400 -0.105200
vn 0.000000 0.994400 -0.105200
vn 0.000000 -0.984900 -0.173400
vn 0.000000 -0.984900 -0.173400
vn 0.000000 -0.984900 -0.173400
vn 0.000000 -0.976300 -0.216200
vn 0.000000 -0.976300 -0.216200
vn 0.000000 -0.976300 -0.216200
vn 0.000000 -0.906200 -0.422800
vn 0.000000 -0.906200 -0.422800
vn 0.000000 -0.906200 -0.422800
vn 0.000000 -0.939800 -0.341800
vn 0.000000 -0.939800 -0.341800
vn 0.000000 -0.939800 -0.341800
vn 0.000000 -0.341800 -0.939800
vn 0.000000 -0.341800 -0.939800
vn 0.000000 -0.341800 -0.939800
vn 0.000000 -0.422800 -0.906200
vn 0.000000 -0.422800 -0.906200
vn 0.000000 -0.422800 -0.906200
vn 0.000000 -0.573400 -0.819300
vn 0.000000 -0.573400 -0.819300
vn 0.000000 -0.573400 -0.819300
vn 0.000000 -0.643000 -0.765900
vn 0.000000 -0.643000 -0.765900
vn 0.000000 -0.643000 -0.765900
vn 0.000000 -0.765900 -0.643000
vn 0.000000 -0.765900 -0.643000
vn 0.000000 -0.765900 -0.643000
vn 0.000000 -0.819300 -0.573400
vn 0.000000 -0.819300 -0.573400
vn 0.000000 -0.819300 -0.573400
vn 0.000000 0.939800 -0.341800
vn 0.000000 0.939800 -0.341800
vn 0.000000 0.939800 -0.341800
vn 0.000000 0.906200 -0.422800
vn 0.000000 0.906200 -0.422800
vn 0.000000 0.906200 -0.422800
vn 0.000000 0.173900 -0.984800
vn 0.000000 0.173900 -0.984800
vn 0.000000 0.173900 -0.984800
vn 0.000000 0.086900 -0.996200
vn 0.000000 0.086900 -0.996200
vn 0.000000 0.086900 -0.996200
vn 0.000000 -0.086900 -0.996200
vn 0.000000 -0.086900 -0.996200
vn 0.000000 -0.086900 -0.996200
vn 0.000000 -0.173900 -0.984800
vn 0.000000 -0.173900 -0.984800
vn 0.000000 -0.173900 -0.984800
vn 0.000000 0.819300 -0.573400
vn 0.000000 0.819300 -0.573400
vn 0.000000 0.819300 -0.573400
vn 0.000000 0.765900 -0.643000
vn 0.000000 0.765900 -0.643000
vn 0.000000 0.765900 -0.643000
vn 0.000000 0.643000 -0.765900
vn 0.000000 0.643000 -0.765900
vn 0.000000 0.643000 -0.765900
vn 0.000000 0.573400 -0.819300
vn 0.000000 0.573400 -0.819300
vn 0.000000 0.573400 -0.819300
vn 0.000000 0.422800 -0.906200
vn 0.000000 0.422800 -0.906200
vn 0.000000 0.422800 -0.906200
vn 0.000000 0.341800 -0.939800
vn 0.000000 0.341800 -0.939800
vn 0.000000 0.341800 -0.939800
vn 0.000000 0.975800 -0.218600
vn 0.000000 0.975800 -0.218600
vn 0.000000 0.975800 -0.218600
vn 0.000000 0.984300 -0.176300
vn 0.000000 0.984300 -0.176300
vn 0.000000 0.984300 -0.176300
vn 0.000000 0.999200 0.041200
vn 0.000000 0.999200 0.041200
vn 0.000000 0.999200 0.041200
vn 0.000000 1.000000 0.006800
vn 0.000000 1.000000 0.006800
vn 0.000000 1.000000 0.006800
vn 0.000000 0.000000 -1.000000
vn 0.000000 0.000000 -1.000000
vn 0.000000 0.000000 -1.000000
vn 0.000000 0.000000 -1.000000
vn 0.000000 0.000000 -1.000000
vn 0.000000 0.000000 -1.000000
vn 0.000000 0.342900 -0.939400
vn 0.000000 0.342900 -0.939400
vn 0.000000 0.342900 -0.939400
vn 0.000000 0.423300 -0.906000
vn 0.000000 0.423300 -0.906000
vn 0.000000 0.423300 -0.906000
vn 0.000000 0.573400 -0.819300
vn 0.000000 0.573400 -0.819300
vn 0.000000 0.573400 -0.819300
vn 0.000000 0.643000 -0.765900
vn 0.000000 0.643000 -0.765900
vn 0.000000 0.643000 -0.765900
vn 0.000000 0.765900 -0.643000
vn 0.000000 0.765900 -0.643000
vn 0.000000 0.765900 -0.643000
vn 0.000000 0.819300 -0.573400
vn 0.000000 0.819300 -0.573400
vn 0.000000 0.819300 -0.573400
vn 0.000000 0.176300 -0.984300
vn 0.000000 0.176300 -0.984300
vn 0.000000 0.176300 -0.984300
vn 0.000000 0.218600 -0.975800
vn 0.000000 0.218600 -0.975800
vn 0.000000 0.218600 -0.975800
vn 0.000000 0.906000 -0.423300
vn 0.000000 0.906000 -0.423300
vn 0.000000 0.906000 -0.423300
vn 0.000000 0.939400 -0.342900
vn 0.000000 0.939400 -0.342900
vn 0.000000 0.939400 -0.342900
vn 0.000000 0.000000 -1.000000
vn 0.000000 0.000000 -1.000000
vn 0.000000 0.000000 -1.000000
vn 0.000000 0.000000 -1.000000
vn 0.000000 0.000000 -1.000000
vn 0.000000 0.000000 -1.000000
vn 0.000000 -0.475100 0.879900
vn 0.000000 -0.475100 0.879900
vn 0.000000 -0.475100 0.879900
vn 0.000000 -0.525500 0.850800
vn 0.000000 -0.525500 0.850800
vn 0.000000 -0.525500 0.850800
vn 0.000000 0.000000 -1.000000
vn 0.000000 0.000000 -1.000000
vn 0.000000 0.000000 -1.000000
vn 0.000000 0.000000 -1.000000
vn 0.000000 0.000000 -1.000000
vn 0.000000 0.000000 -1.000000
vn 0.000000 0.644200 0.764900
vn 0.000000 0.644200 0.764900
vn 0.000000 0.644200 0.764900
vn 0.000000 0.644200 0.764900
vn 0.000000 0.644200 0.764900
vn 0.000000 0.644200 0.764900
vn 0.000000 -0.001100 1.000000
vn 0.000000 -0.001100 1.000000
vn 0.000000 -0.001100 1.000000
vn 0.000000 -0.001100 1.000000
vn 0.000000 -0.001100 1.000000
vn 0.000000 -0.001100 1.000000
vn 0.000000 0.313900 0.949400
vn 0.000000 0.313900 0.949400
vn 0.000000 0.313900 0.949400
vn 0.000000 0.368700 0.929500
vn 0.000000 0.368700 0.929500
vn 0.000000 0.368700 0.929500
vn 0.000000 0.475100 0.879900
vn 0.000000 0.475100 0.879900
vn 0.000000 0.475100 0.879900
vn 0.000000 0.525500 0.850800
vn 0.000000 0.525500 0.850800
vn 0.000000 0.525500 0.850800
vn 0.000000 0.475100 0.879900
vn 0.000000 0.475100 0.879900
vn 0.000000 0.475100 0.879900
vn 0.000000 0.525500 0.850800
vn 0.000000 0.525500 0.850800
vn 0.000000 0.525500 0.850800
vn 0.000000 0.368700 0.929500
vn 0.000000 0.368700 0.929500
vn 0.000000 0.368700 0.929500
vn 0.000000 0.313900 0.949400
vn 0.000000 0.313900 0.949400
vn 0.000000 0.313900 0.949400
vn 0.000000 0.173400 -0.984900
vn 0.000000 0.173400 -0.984900
vn 0.000000 0.173400 -0.984900
vn 0.000000 0.216200 -0.976300
vn 0.000000 0.216200 -0.976300
vn 0.000000 0.216200 -0.976300
vn 0.000000 0.000000 1.000000
vn 0.000000 0.000000 1.000000
vn 0.000000 0.000000 1.000000
vn 0.000000 0.000000 1.000000
vn 0.000000 0.000000 1.000000
vn 0.000000 0.000000 1.000000
vn 0.000000 -1.000000 0.000000
vn 0.000000 -1.000000 0.000000
vn 0.000000 -1.000000 0.000000
vn 0.000000 -1.000000 0.000000
vn 0.000000 -1.000000 0.000000
vn 0.000000 -1.000000 0.000000
vn 0.000000 -0.940500 0.339900
vn 0.000000 -0.940500 0.339900
vn 0.000000 -0.940500 0.339900
vn 0.000000 -0.907100 0.421000
vn 0.000000 -0.907100 0.421000
vn 0.000000 -0.907100 0.421000
vn 0.000000 -0.767200 0.641400
vn 0.000000 -0.767200 0.641400
vn 0.000000 -0.767200 0.641400
vn 0.000000 -0.641400 0.767200
vn 0.000000 -0.641400 0.767200
vn 0.000000 -0.641400 0.767200
vn 0.000000 -0.421000 0.907100
vn 0.000000 -0.421000 0.907100
vn 0.000000 -0.421000 0.907100
vn 0.000000 -0.339900 0.940500
vn 0.000000 -0.339900 0.940500
vn 0.000000 -0.339900 0.940500
vn 0.000000 0.976300 -0.216200
vn 0.000000 0.976300 -0.216200
vn 0.000000 0.976300 -0.216200
vn 0.000000 0.984900 -0.173400
vn 0.000000 0.984900 -0.173400
vn 0.000000 0.984900 -0.173400
vn 0.000000 0.341800 -0.939800
vn 0.000000 0.341800 -0.939800
vn 0.000000 0.341800 -0.939800
vn 0.000000 0.422800 -0.906200
vn 0.000000 0.422800 -0.906200
vn 0.000000 0.422800 -0.906200
vn 0.000000 0.573400 -0.819300
vn 0.000000 0.573400 -0.819300
vn 0.000000 0.573400 -0.819300
vn 0.000000 0.643000 -0.765900
vn 0.000000 0.643000 -0.765900
vn 0.000000 0.643000 -0.765900
vn 0.000000 0.765900 -0.643000
vn 0.000000 0.765900 -0.643000
vn 0.000000 0.765900 -0.643000
vn 0.000000 0.819300 -0.573400
vn 0.000000 0.819300 -0.573400
vn 0.000000 0.819300 -0.573400
vn 0.000000 0.000000 -1.000000
vn 0.000000 0.000000 -1.000000
vn 0.000000 0.000000 -1.000000
vn 0.000000 0.000000 -1.000000
vn 0.000000 0.000000 -1.000000
vn 0.000000 0.000000 -1.000000
vn 0.000000 0.906200 -0.422800
vn 0.000000 0.906200 -0.422800
vn 0.000000 0.906200 -0.422800
vn 0.000000 0.939800 -0.341800
vn 0.000000 0.939800 -0.341800
vn 0.000000 0.939800 -0.341800
vn 0.000000 1.000000 0.000000
vn 0.000000 1.000000 0.000000
vn 0.000000 1.000000 0.000000
vn 0.000000 1.000000 0.000000
vn 0.000000 1.000000 0.000000
vn 0.000000 1.000000 0.000000
vn 0.000000 -0.767200 0.641400
vn 0.000000 -0.767200 0.641400
vn 0.000000 -0.767200 0.641400
vn 0.000000 -0.641400 0.767200
vn 0.000000 -0.641400 0.767200
vn 0.000000 -0.641400 0.767200
vn 0.000000 -0.940500 0.339900
vn 0.000000 -0.940500 0.339900
vn 0.000000 -0.940500 0.339900
vn 0.000000 -0.907100 0.421000
vn 0.000000 -0.907100 0.421000
vn 0.000000 -0.907100 0.421000
vn 0.000000 -0.976300 0.216200
vn 0.000000 -0.976300 0.216200
vn 0.000000 -0.976300 0.216200
vn 0.000000 -0.984900 0.173400
vn 0.000000 -0.984900 0.173400
vn 0.000000 -0.984900 0.173400
vn 0.000000 -0.421000 0.907100
vn 0.000000 -0.421000 0.907100
vn 0.000000 -0.421000 0.907100
vn 0.000000 -0.339900 0.940500
vn 0.000000 -0.339900 0.940500
vn 0.000000 -0.339900 0.940500
vn 0.000000 -0.765900 0.643000
vn 0.000000 -0.765900 0.643000
vn 0.000000 -0.765900 0.643000
vn 0.000000 -0.819300 0.573400
vn 0.000000 -0.819300 0.573400
vn 0.000000 -0.819300 0.573400
vn 0.000000 -0.906200 0.422800
vn 0.000000 -0.906200 0.422800
vn 0.000000 -0.906200 0.422800
vn 0.000000 -0.939800 0.341800
vn 0.000000 -0.939800 0.341800
vn 0.000000 -0.939800 0.341800
vn 0.000000 -1.000000 0.000000
vn 0.000000 -1.000000 0.000000
vn 0.000000 -1.000000 0.000000
vn 0.000000 -1.000000 0.000000
vn 0.000000 -1.000000 0.000000
vn 0.000000 -1.000000 0.000000
vn 0.000000 0.984900 0.173400
vn 0.000000 0.984900 0.173400
vn 0.000000 0.984900 0.173400
vn 0.000000 0.976300 0.216200
vn 0.000000 0.976300 0.216200
vn 0.000000 0.976300 0.216200
vn 0.000000 0.819300 0.573400
vn 0.000000 0.819300 0.573400
vn 0.000000 0.819300 0.573400
vn 0.000000 0.765900 0.643000
vn 0.000000 0.765900 0.643000
vn 0.000000 0.765900 0.643000
vn 0.000000 0.939800 0.341800
vn 0.000000 0.939800 0.341800
vn 0.000000 0.939800 0.341800
vn 0.000000 0.906200 0.422800
vn 0.000000 0.906200 0.422800
vn 0.000000 0.906200 0.422800
vn 0.000000 0.042600 -0.999100
vn 0.000000 0.042600 -0.999100
vn 0.000000 0.042600 -0.999100
vn 0.000000 0.042600 -0.999100
vn 0.000000 0.042600 -0.999100
vn 0.000000 0.042600 -0.999100
vn 0.000000 1.000000 0.000000
vn 0.000000 1.000000 0.000000
vn 0.000000 1.000000 0.000000
vn 0.000000 1.000000 0.000000
vn 0.000000 1.000000 0.000000
vn 0.000000 1.000000 0.000000
vn 0.000000 -0.025500 -0.999700
vn 0.000000 -0.025500 -0.999700
vn 0.000000 -0.025500 -0.999700
vn 0.000000 -0.072700 -0.997400
vn 0.000000 -0.072700 -0.997400
vn 0.000000 -0.072700 -0.997400
vn 0.000000 -0.940500 0.339900
vn 0.000000 -0.940500 0.339900
vn 0.000000 -0.940500 0.339900
vn 0.000000 -0.907100 0.421000
vn 0.000000 -0.907100 0.421000
vn 0.000000 -0.907100 0.421000
vn 0.000000 -0.767200 0.641400
vn 0.000000 -0.767200 0.641400
vn 0.000000 -0.767200 0.641400
vn 0.000000 -0.641400 0.767200
vn 0.000000 -0.641400 0.767200
vn 0.000000 -0.641400 0.767200
vn 0.000000 -0.421000 0.907100
vn 0.000000 -0.421000 0.907100
vn 0.000000 -0.421000 0.907100
vn 0.000000 -0.339900 0.940500
vn 0.000000 -0.339900 0.940500
vn 0.000000 -0.339900 0.940500
vn 0.000000 0.000000 1.000000
vn 0.000000 0.000000 1.000000
vn 0.000000 0.000000 1.000000
vn 0.000000 0.000000 1.000000
vn 0.000000 0.000000 1.000000
vn 0.000000 0.000000 1.000000
vn 0.000000 -0.249000 -0.968500
vn 0.000000 -0.249000 -0.968500
vn 0.000000 -0.249000 -0.968500
vn 0.000000 -0.378100 -0.925800
vn 0.000000 -0.378100 -0.925800
vn 0.000000 -0.378100 -0.925800
vn 0.000000 -0.641400 -0.767200
vn 0.000000 -0.641400 -0.767200
vn 0.000000 -0.641400 -0.767200
vn 0.000000 -0.767200 -0.641400
vn 0.000000 -0.767200 -0.641400
vn 0.000000 -0.767200 -0.641400
vn 0.000000 -0.907100 -0.421000
vn 0.000000 -0.907100 -0.421000
vn 0.000000 -0.907100 -0.421000
vn 0.000000 -0.940500 -0.339900
vn 0.000000 -0.940500 -0.339900
vn 0.000000 -0.940500 -0.339900
vn 0.000000 -1.000000 0.000000
vn 0.000000 -1.000000 0.000000
vn 0.000000 -1.000000 0.000000
vn 0.000000 -1.000000 0.000000
vn 0.000000 -1.000000 0.000000
vn 0.000000 -1.000000 0.000000
vn 0.000000 0.378100 -0.925800
vn 0.000000 0.378100 -0.925800
vn 0.000000 0.378100 -0.925800
vn 0.000000 0.249000 -0.968500
vn 0.000000 0.249000 -0.968500
vn 0.000000 0.249000 -0.968500
vn 0.000000 1.000000 0.000000
vn 0.000000 1.000000 0.000000
vn 0.000000 1.000000 0.000000
vn 0.000000 1.000000 0.000000
vn 0.000000 1.000000 0.000000
vn 0.000000 1.000000 0.000000
vn 0.000000 0.000000 1.000000
vn 0.000000 0.000000 1.000000
vn 0.000000 0.000000 1.000000
vn 0.000000 0.000000 1.000000
vn 0.000000 0.000000 1.000000
vn 0.000000 0.000000 1.000000
vn 0.000000 0.339900 0.940500
vn 0.000000 0.339900 0.940500
vn 0.000000 0.339900 0.940500
vn 0.000000 0.421000 0.907100
vn 0.000000 0.421000 0.907100
vn 0.000000 0.421000 0.907100
vn 0.000000 0.641400 0.767200
vn 0.000000 0.641400 0.767200
vn 0.000000 0.641400 0.767200
vn 0.000000 0.767200 0.641400
vn 0.000000 0.767200 0.641400
vn 0.000000 0.767200 0.641400
vn 0.000000 0.907100 0.421000
vn 0.000000 0.907100 0.421000
vn 0.000000 0.907100 0.421000
vn 0.000000 0.940500 0.339900
vn 0.000000 0.940500 0.339900
vn 0.000000 0.940500 0.339900
vn 0.000000 1.000000 0.000000
vn 0.000000 1.000000 0.000000
vn 0.000000 1.000000 0.000000
vn 0.000000 1.000000 0.000000
vn 0.000000 1.000000 0.000000
vn 0.000000 1.000000 0.000000
vn 0.000000 -0.042600 -0.999100
vn 0.000000 -0.042600 -0.999100
vn 0.000000 -0.042600 -0.999100
vn 0.000000 -0.042600 -0.999100
vn 0.000000 -0.042600 -0.999100
vn 0.000000 -0.042600 -0.999100
vn 0.000000 -1.000000 0.000000
vn 0.000000 -1.000000 0.000000
vn 0.000000 -1.000000 0.000000
vn 0.000000 -1.000000 0.000000
vn 0.000000 -1.000000 0.000000
vn 0.000000 -1.000000 0.000000
vn 0.000000 0.940500 -0.339900
vn 0.000000 0.940500 -0.339900
vn 0.000000 0.940500 -0.339900
vn 0.000000 0.907100 -0.421000
vn 0.000000 0.907100 -0.421000
vn 0.000000 0.907100 -0.421000
vn 0.000000 0.767200 -0.641400
vn 0.000000 0.767200 -0.641400
vn 0.000000 0.767200 -0.641400
vn 0.000000 0.641400 -0.767200
vn 0.000000 0.641400 -0.767200
vn 0.000000 0.641400 -0.767200
vn 0.000000 0.072700 -0.997400
vn 0.000000 0.072700 -0.997400
vn 0.000000 0.072700 -0.997400
vn 0.000000 0.025500 -0.999700
vn 0.000000 0.025500 -0.999700
vn 0.000000 0.025500 -0.999700
vn 0.000000 1.000000 0.000000
vn 0.000000 1.000000 0.000000
vn 0.000000 1.000000 0.000000
vn 0.000000 1.000000 0.000000
vn 0.000000 1.000000 0.000000
vn 0.000000 1.000000 0.000000
vn 0.000000 0.000000 -1.000000
vn 0.000000 0.000000 -1.000000
vn 0.000000 0.000000 -1.000000
vn 0.000000 0.000000 -1.000000
vn 0.000000 0.000000 -1.000000
vn 0.000000 0.000000 -1.000000
vn 0.000000 0.339900 0.940500
vn 0.000000 0.339900 0.940500
vn 0.000000 0.339900 0.940500
vn 0.000000 0.421000 0.907100
vn 0.000000 0.421000 0.907100
vn 0.000000 0.421000 0.907100
vn 0.000000 0.641400 0.767200
vn 0.000000 0.641400 0.767200
vn 0.000000 0.641400 0.767200
vn 0.000000 0.767200 0.641400
vn 0.000000 0.767200 0.641400
vn 0.000000 0.767200 0.641400
vn 0.000000 0.907100 0.421000
vn 0.000000 0.907100 0.421000
vn 0.000000 0.907100 0.421000
vn 0.000000 0.940500 0.339900
vn 0.000000 0.940500 0.339900
vn 0.000000 0.940500 0.339900
vn 0.000000 -1.000000 0.000000
vn 0.000000 -1.000000 0.000000
vn 0.000000 -1.000000 0.000000
vn 0.000000 -1.000000 0.000000
vn 0.000000 -1.000000 0.000000
vn 0.000000 -1.000000 0.000000
vn 0.000000 0.000000 1.000000
vn 0.000000 0.000000 1.000000
vn 0.000000 0.000000 1.000000
vn 0.000000 0.000000 1.000000
vn 0.000000 0.000000 1.000000
vn 0.000000 0.000000 1.000000
vn 0.000000 0.641400 0.767200
vn 0.000000 0.641400 0.767200
vn 0.000000 0.641400 0.767200
vn 0.000000 0.767200 0.641400
vn 0.000000 0.767200 0.641400
vn 0.000000 0.767200 0.641400
vn 0.000000 1.000000 0.000000
vn 0.000000 1.000000 0.000000
vn 0.000000 1.000000 0.000000
vn 0.000000 1.000000 0.000000
vn 0.000000 1.000000 0.000000
vn 0.000000 1.000000 0.000000
vn 0.000000 0.339900 0.940500
vn 0.000000 0.339900 0.940500
vn 0.000000 0.339900 0.940500
vn 0.000000 0.421000 0.907100
vn 0.000000 0.421000 0.907100
vn 0.000000 0.421000 0.907100
vn 0.000000 0.907100 0.421000
vn 0.000000 0.907100 0.421000
vn 0.000000 0.907100 0.421000
vn 0.000000 0.940500 0.339900
vn 0.000000 0.940500 0.339900
vn 0.000000 0.940500 0.339900
vn 0.000000 0.940500 0.339900
vn 0.000000 0.940500 0.339900
vn 0.000000 0.940500 0.339900
vn 0.000000 0.907100 0.421000
vn 0.000000 0.907100 0.421000
vn 0.000000 0.907100 0.421000
vn 0.000000 0.767200 0.641400
vn 0.000000 0.767200 0.641400
vn 0.000000 0.767200 0.641400
vn 0.000000 0.641400 0.767200
vn 0.000000 0.641400 0.767200
vn 0.000000 0.641400 0.767200
vn 0.000000 0.000000 1.000000
vn 0.000000 0.000000 1.000000
vn 0.000000 0.000000 1.000000
vn 0.000000 0.000000 1.000000
vn 0.000000 0.000000 1.000000
vn 0.000000 0.000000 1.000000
vn 0.000000 -1.000000 0.000000
vn 0.000000 -1.000000 0.000000
vn 0.000000 -1.000000 0.000000
vn 0.000000 -1.000000 0.000000
vn 0.000000 -1.000000 0.000000
vn 0.000000 -1.000000 0.000000
vn 0.000000 -0.339900 0.940500
vn 0.000000 -0.339900 0.940500
vn 0.000000 -0.339900 0.940500
vn 0.000000 -0.421000 0.907100
vn 0.000000 -0.421000 0.907100
vn 0.000000 -0.421000 0.907100
vn 0.000000 -0.641400 0.767200
vn 0.000000 -0.641400 0.767200
vn 0.000000 -0.641400 0.767200
vn 0.000000 -0.767200 0.641400
vn 0.000000 -0.767200 0.641400
vn 0.000000 -0.767200 0.641400
vn 0.000000 -0.907100 0.421000
vn 0.000000 -0.907100 0.421000
vn 0.000000 -0.907100 0.421000
vn 0.000000 -0.940500 0.339900
vn 0.000000 -0.940500 0.339900
vn 0.000000 -0.940500 0.339900
vn 0.000000 -0.940500 -0.339900
vn 0.000000 -0.940500 -0.339900
vn 0.000000 -0.940500 -0.339900
vn 0.000000 -0.907100 -0.421000
vn 0.000000 -0.907100 -0.421000
vn 0.000000 -0.907100 -0.421000
vn 0.000000 -0.767200 -0.641400
vn 0.000000 -0.767200 -0.641400
vn 0.000000 -0.767200 -0.641400
vn 0.000000 -0.641400 -0.767200
vn 0.000000 -0.641400 -0.767200
vn 0.000000 -0.641400 -0.767200
vn 0.000000 -0.421000 -0.907100
vn 0.000000 -0.421000 -0.907100
vn 0.000000 -0.421000 -0.907100
vn 0.000000 -0.339900 -0.940500
vn 0.000000 -0.339900 -0.940500
vn 0.000000 -0.339900 -0.940500
vn 0.000000 0.339900 -0.940500
vn 0.000000 0.339900 -0.940500
vn 0.000000 0.339900 -0.940500
vn 0.000000 0.421000 -0.907100
vn 0.000000 0.421000 -0.907100
vn 0.000000 0.421000 -0.907100
vn 0.000000 -1.000000 0.000000
vn 0.000000 -1.000000 0.000000
vn 0.000000 -1.000000 0.000000
vn 0.000000 -1.000000 0.000000
vn 0.000000 -1.000000 0.000000
vn 0.000000 -1.000000 0.000000
vn 0.000000 -0.767200 0.641400
vn 0.000000 -0.767200 0.641400
vn 0.000000 -0.767200 0.641400
vn 0.000000 -0.641400 0.767200
vn 0.000000 -0.641400 0.767200
vn 0.000000 -0.641400 0.767200
vn 0.000000 -1.000000 0.000000
vn 0.000000 -1.000000 0.000000
vn 0.000000 -1.000000 0.000000
vn 0.000000 -1.000000 0.000000
vn 0.000000 -1.000000 0.000000
vn 0.000000 -1.000000 0.000000
vn 0.000000 -0.940500 0.339900
vn 0.000000 -0.940500 0.339900
vn 0.000000 -0.940500 0.339900
vn 0.000000 -0.907100 0.421000
vn 0.000000 -0.907100 0.421000
vn 0.000000 -0.907100 0.421000
vn 0.000000 0.641400 0.767200
vn 0.000000 0.641400 0.767200
vn 0.000000 0.641400 0.767200
vn 0.000000 0.767200 0.641400
vn 0.000000 0.767200 0.641400
vn 0.000000 0.767200 0.641400
vn 0.000000 0.907100 0.421000
vn 0.000000 0.907100 0.421000
vn 0.000000 0.907100 0.421000
vn 0.000000 0.940500 0.339900
vn 0.000000 0.940500 0.339900
vn 0.000000 0.940500 0.339900
vn 0.000000 -0.421000 0.907100
vn 0.000000 -0.421000 0.907100
vn 0.000000 -0.421000 0.907100
vn 0.000000 -0.339900 0.940500
vn 0.000000 -0.339900 0.940500
vn 0.000000 -0.339900 0.940500
vn 0.000000 0.000000 1.000000
vn 0.000000 0.000000 1.000000
vn 0.000000 0.000000 1.000000
vn 0.000000 0.000000 1.000000
vn 0.000000 0.000000 1.000000
vn 0.000000 0.000000 1.000000
vn 0.000000 0.339900 0.940500
vn 0.000000 0.339900 0.940500
vn 0.000000 0.339900 0.940500
vn 0.000000 0.421000 0.907100
vn 0.000000 0.421000 0.907100
vn 0.000000 0.421000 0.907100
vn 0.000000 0.000000 1.000000
vn 0.000000 0.000000 1.000000
vn 0.000000 0.000000 1.000000
vn 0.000000 0.000000 1.000000
vn 0.000000 0.000000 1.000000
vn 0.000000 0.000000 1.000000
vn 0.000000 1.000000 0.000000
vn 0.000000 1.000000 0.000000
vn 0.000000 1.000000 0.000000
vn 0.000000 1.000000 0.000000
vn 0.000000 1.000000 0.000000
vn 0.000000 1.000000 0.000000
vn 0.000000 -0.940500 0.339900
vn 0.000000 -0.940500 0.339900
vn 0.000000 -0.940500 0.339900
vn 0.000000 -0.907100 0.421000
vn 0.000000 -0.907100 0.421000
vn 0.000000 -0.907100 0.421000
vn 0.000000 0.339900 0.940500
vn 0.000000 0.339900 0.940500
vn 0.000000 0.339900 0.940500
vn 0.000000 0.421000 0.907100
vn 0.000000 0.421000 0.907100
vn 0.000000 0.421000 0.907100
vn 0.000000 0.641400 0.767200
vn 0.000000 0.641400 0.767200
vn 0.000000 0.641400 0.767200
vn 0.000000 0.767200 0.641400
vn 0.000000 0.767200 0.641400
vn 0.000000 0.767200 0.641400
vn 0.000000 0.907100 0.421000
vn 0.000000 0.907100 0.421000
vn 0.000000 0.907100 0.421000
vn 0.000000 0.940500 0.339900
vn 0.000000 0.940500 0.339900
vn 0.000000 0.940500 0.339900
vn 0.000000 -0.767200 0.641400
vn 0.000000 -0.767200 0.641400
vn 0.000000 -0.767200 0.641400
vn 0.000000 -0.641400 0.767200
vn 0.000000 -0.641400 0.767200
vn 0.000000 -0.641400 0.767200
vn 0.000000 -0.421000 0.907100
vn 0.000000 -0.421000 0.907100
vn 0.000000 -0.421000 0.907100
vn 0.000000 -0.339900 0.940500
vn 0.000000 -0.339900 0.940500
vn 0.000000 -0.339900 0.940500
vn 0.000000 0.000000 1.000000
vn 0.000000 0.000000 1.000000
vn 0.000000 0.000000 1.000000
vn 0.000000 0.000000 1.000000
vn 0.000000 0.000000 1.000000
vn 0.000000 0.000000 1.000000
vn 0.000000 -0.368900 -0.929500
vn 0.000000 -0.368900 -0.929500
vn 0.000000 -0.368900 -0.929500
vn 0.000000 -0.314000 -0.949400
vn 0.000000 -0.314000 -0.949400
vn 0.000000 -0.314000 -0.949400
vn 0.000000 -1.000000 0.000000
vn 0.000000 -1.000000 0.000000
vn 0.000000 -1.000000 0.000000
vn 0.000000 -1.000000 0.000000
vn 0.000000 -1.000000 0.000000
vn 0.000000 -1.000000 0.000000
vn 0.000000 0.000000 1.000000
vn 0.000000 0.000000 1.000000
vn 0.000000 0.000000 1.000000
vn 0.000000 0.000000 1.000000
vn 0.000000 0.000000 1.000000
vn 0.000000 0.000000 1.000000
vn 0.000000 0.000000 1.000000
vn 0.000000 0.000000 1.000000
vn 0.000000 0.000000 1.000000
vn 0.000000 0.000000 1.000000
vn 0.000000 0.000000 1.000000
vn 0.000000 0.000000 1.000000
vn 0.000000 0.000000 1.000000
vn 0.000000 0.000000 1.000000
vn 0.000000 0.000000 1.000000
vn 0.000000 0.000000 1.000000
vn 0.000000 0.000000 1.000000
vn 0.000000 0.000000 1.000000
vn 0.000000 -0.342800 0.939400
vn 0.000000 -0.342800 0.939400
vn 0.000000 -0.342800 0.939400
vn 0.000000 -0.423200 0.906000
vn 0.000000 -0.423200 0.906000
vn 0.000000 -0.423200 0.906000
vn 0.000000 -0.641900 0.766800
vn 0.000000 -0.641900 0.766800
vn 0.000000 -0.641900 0.766800
vn 0.000000 -0.766800 0.641900
vn 0.000000 -0.766800 0.641900
vn 0.000000 -0.766800 0.641900
vn 0.000000 -0.906000 0.423200
vn 0.000000 -0.906000 0.423200
vn 0.000000 -0.906000 0.423200
vn 0.000000 -0.939400 0.342800
vn 0.000000 -0.939400 0.342800
vn 0.000000 -0.939400 0.342800
vn 0.000000 -0.509500 -0.860500
vn 0.000000 -0.509500 -0.860500
vn 0.000000 -0.509500 -0.860500
vn 0.000000 -0.566900 -0.823800
vn 0.000000 -0.566900 -0.823800
vn 0.000000 -0.566900 -0.823800
vn 0.000000 -0.643700 -0.765300
vn 0.000000 -0.643700 -0.765300
vn 0.000000 -0.643700 -0.765300
vn 0.000000 -0.643700 -0.765300
vn 0.000000 -0.643700 -0.765300
vn 0.000000 -0.643700 -0.765300
vn 0.000000 0.001100 -1.000000
vn 0.000000 0.001100 -1.000000
vn 0.000000 0.001100 -1.000000
vn 0.000000 0.001100 -1.000000
vn 0.000000 0.001100 -1.000000
vn 0.000000 0.001100 -1.000000
vn 0.000000 -0.322800 -0.946500
vn 0.000000 -0.322800 -0.946500
vn 0.000000 -0.322800 -0.946500
vn 0.000000 -0.386600 -0.922300
vn 0.000000 -0.386600 -0.922300
vn 0.000000 -0.386600 -0.922300
vn 0.000000 -0.526000 -0.850500
vn 0.000000 -0.526000 -0.850500
vn 0.000000 -0.526000 -0.850500
vn 0.000000 -0.475400 -0.879800
vn 0.000000 -0.475400 -0.879800
vn 0.000000 -0.475400 -0.879800
vn 0.000000 0.000000 -1.000000
vn 0.000000 0.000000 -1.000000
vn 0.000000 0.000000 -1.000000
vn 0.000000 0.000000 -1.000000
vn 0.000000 0.000000 -1.000000
vn 0.000000 0.000000 -1.000000
vn 0.000000 0.216200 0.976300
vn 0.000000 0.216200 0.976300
vn 0.000000 0.216200 0.976300
vn 0.000000 0.173400 0.984900
vn 0.000000 0.173400 0.984900
vn 0.000000 0.173400 0.984900
vn 0.000000 0.000000 -1.000000
vn 0.000000 0.000000 -1.000000
vn 0.000000 0.000000 -1.000000
vn 0.000000 0.000000 -1.000000
vn 0.000000 0.000000 -1.000000
vn 0.000000 0.000000 -1.000000
vn 0.000000 -0.339900 -0.940500
vn 0.000000 -0.339900 -0.940500
vn 0.000000 -0.339900 -0.940500
vn 0.000000 -0.421000 -0.907100
vn 0.000000 -0.421000 -0.907100
vn 0.000000 -0.421000 -0.907100
vn 0.000000 -0.641400 -0.767200
vn 0.000000 -0.641400 -0.767200
vn 0.000000 -0.641400 -0.767200
vn 0.000000 -0.767200 -0.641400
vn 0.000000 -0.767200 -0.641400
vn 0.000000 -0.767200 -0.641400
vn 0.000000 -0.907100 -0.421000
vn 0.000000 -0.907100 -0.421000
vn 0.000000 -0.907100 -0.421000
vn 0.000000 -0.940500 -0.339900
vn 0.000000 -0.940500 -0.339900
vn 0.000000 -0.940500 -0.339900
vn 0.000000 -1.000000 0.000000
vn 0.000000 -1.000000 0.000000
vn 0.000000 -1.000000 0.000000
vn 0.000000 -1.000000 0.000000
vn 0.000000 -1.000000 0.000000
vn 0.000000 -1.000000 0.000000
vn 0.000000 0.984900 0.173400
vn 0.000000 0.984900 0.173400
vn 0.000000 0.984900 0.173400
vn 0.000000 0.976300 0.216200
vn 0.000000 0.976300 0.216200
vn 0.000000 0.976300 0.216200
vn 0.000000 0.939800 0.341800
vn 0.000000 0.939800 0.341800
vn 0.000000 0.939800 0.341800
vn 0.000000 0.906200 0.422800
vn 0.000000 0.906200 0.422800
vn 0.000000 0.906200 0.422800
vn 0.000000 0.819300 0.573400
vn 0.000000 0.819300 0.573400
vn 0.000000 0.819300 0.573400
vn 0.000000 0.765900 0.643000
vn 0.000000 0.765900 0.643000
vn 0.000000 0.765900 0.643000
vn 0.000000 0.643000 0.765900
vn 0.000000 0.643000 0.765900
vn 0.000000 0.643000 0.765900
vn 0.000000 0.573400 0.819300
vn 0.000000 0.573400 0.819300
vn 0.000000 0.573400 0.819300
vn 0.000000 1.000000 0.000000
vn 0.000000 1.000000 0.000000
vn 0.000000 1.000000 0.000000
vn 0.000000 1.000000 0.000000
vn 0.000000 1.000000 0.000000
vn 0.000000 1.000000 0.000000
vn 0.000000 0.422800 0.906200
vn 0.000000 0.422800 0.906200
vn 0.000000 0.422800 0.906200
vn 0.000000 0.341800 0.939800
vn 0.000000 0.341800 0.939800
vn 0.000000 0.341800 0.939800
vn 0.000000 0.000000 1.000000
vn 0.000000 0.000000 1.000000
vn 0.000000 0.000000 1.000000
vn 0.000000 0.000000 1.000000
vn 0.000000 0.000000 1.000000
vn 0.000000 0.000000 1.000000
vn 0.000000 0.042600 0.999100
vn 0.000000 0.042600 0.999100
vn 0.000000 0.042600 0.999100
vn 0.000000 0.042600 0.999100
vn 0.000000 0.042600 0.999100
vn 0.000000 0.042600 0.999100
vn 0.000000 1.000000 0.000000
vn 0.000000 1.000000 0.000000
vn 0.000000 1.000000 0.000000
vn 0.000000 1.000000 0.000000
vn 0.000000 1.000000 0.000000
vn 0.000000 1.000000 0.000000
vn 0.000000 0.000000 -1.000000
vn 0.000000 0.000000 -1.000000
vn 0.000000 0.000000 -1.000000
vn 0.000000 0.000000 -1.000000
vn 0.000000 0.000000 -1.000000
vn 0.000000 0.000000 -1.000000
vn 0.000000 -0.940500 0.339900
vn 0.000000 -0.940500 0.339900
vn 0.000000 -0.940500 0.339900
vn 0.000000 -0.907100 0.421000
vn 0.000000 -0.907100 0.421000
vn 0.000000 -0.907100 0.421000
vn 0.000000 -0.767200 0.641400
vn 0.000000 -0.767200 0.641400
vn 0.000000 -0.767200 0.641400
vn 0.000000 -0.641400 0.767200
vn 0.000000 -0.641400 0.767200
vn 0.000000 -0.641400 0.767200
vn 0.000000 -0.378100 0.925800
vn 0.000000 -0.378100 0.925800
vn 0.000000 -0.378100 0.925800
vn 0.000000 -0.249000 0.968500
vn 0.000000 -0.249000 0.968500
vn 0.000000 -0.249000 0.968500
vn 0.000000 -0.072700 0.997400
vn 0.000000 -0.072700 0.997400
vn 0.000000 -0.072700 0.997400
vn 0.000000 -0.025500 0.999700
vn 0.000000 -0.025500 0.999700
vn 0.000000 -0.025500 0.999700
vn 0.000000 -0.339900 -0.940500
vn 0.000000 -0.339900 -0.940500
vn 0.000000 -0.339900 -0.940500
vn 0.000000 -0.421000 -0.907100
vn 0.000000 -0.421000 -0.907100
vn 0.000000 -0.421000 -0.907100
vn 0.000000 -0.641400 -0.767200
vn 0.000000 -0.641400 -0.767200
vn 0.000000 -0.641400 -0.767200
vn 0.000000 -0.767200 -0.641400
vn 0.000000 -0.767200 -0.641400
vn 0.000000 -0.767200 -0.641400
vn 0.000000 -0.907100 -0.421000
vn 0.000000 -0.907100 -0.421000
vn 0.000000 -0.907100 -0.421000
vn 0.000000 -0.940500 -0.339900
vn 0.000000 -0.940500 -0.339900
vn 0.000000 -0.940500 -0.339900
vn 0.000000 -1.000000 0.000000
vn 0.000000 -1.000000 0.000000
vn 0.000000 -1.000000 0.000000
vn 0.000000 -1.000000 0.000000
vn 0.000000 -1.000000 0.000000
vn 0.000000 -1.000000 0.000000
vn 0.000000 0.249000 0.968500
vn 0.000000 0.249000 0.968500
vn 0.000000 0.249000 0.968500
vn 0.000000 0.378100 0.925800
vn 0.000000 0.378100 0.925800
vn 0.000000 0.378100 0.925800
vn 0.000000 1.000000 0.000000
vn 0.000000 1.000000 0.000000
vn 0.000000 1.000000 0.000000
vn 0.000000 1.000000 0.000000
vn 0.000000 1.000000 0.000000
vn 0.000000 1.000000 0.000000
vn 0.000000 1.000000 0.000000
vn 0.000000 1.000000 0.000000
vn 0.000000 1.000000 0.000000
vn 0.000000 1.000000 0.000000
vn 0.000000 1.000000 0.000000
vn 0.000000 1.000000 0.000000
vn 0.000000 0.940500 -0.339900
vn 0.000000 0.940500 -0.339900
vn 0.000000 0.940500 -0.339900
vn 0.000000 0.907100 -0.421000
vn 0.000000 0.907100 -0.421000
vn 0.000000 0.907100 -0.421000
vn 0.000000 0.767200 -0.641400
vn 0.000000 0.767200 -0.641400
vn 0.000000 0.767200 -0.641400
vn 0.000000 0.641400 -0.767200
vn 0.000000 0.641400 -0.767200
vn 0.000000 0.641400 -0.767200
vn 0.000000 0.421000 -0.907100
vn 0.000000 0.421000 -0.907100
vn 0.000000 0.421000 -0.907100
vn 0.000000 0.339900 -0.940500
vn 0.000000 0.339900 -0.940500
vn 0.000000 0.339900 -0.940500
vn 0.000000 0.000000 -1.000000
vn 0.000000 0.000000 -1.000000
vn 0.000000 0.000000 -1.000000
vn 0.000000 0.000000 -1.000000
vn 0.000000 0.000000 -1.000000
vn 0.000000 0.000000 -1.000000
vn 0.000000 -1.000000 0.000000
vn 0.000000 -1.000000 0.000000
vn 0.000000 -1.000000 0.000000
vn 0.000000 -1.000000 0.000000
vn 0.000000 -1.000000 0.000000
vn 0.000000 -1.000000 0.000000
vn 0.000000 0.907100 0.421000
vn 0.000000 0.907100 0.421000
vn 0.000000 0.907100 0.421000
vn 0.000000 0.940500 0.339900
vn 0.000000 0.940500 0.339900
vn 0.000000 0.940500 0.339900
vn 0.000000 -0.042600 0.999100
vn 0.000000 -0.042600 0.999100
vn 0.000000 -0.042600 0.999100
vn 0.000000 -0.042600 0.999100
vn 0.000000 -0.042600 0.999100
vn 0.000000 -0.042600 0.999100
vn 0.000000 0.025500 0.999700
vn 0.000000 0.025500 0.999700
vn 0.000000 0.025500 0.999700
vn 0.000000 0.072700 0.997400
vn 0.000000 0.072700 0.997400
vn 0.000000 0.072700 0.997400
vn 0.000000 0.641400 0.767200
vn 0.000000 0.641400 0.767200
vn 0.000000 0.641400 0.767200
vn 0.000000 0.767200 0.641400
vn 0.000000 0.767200 0.641400
vn 0.000000 0.767200 0.641400
vn 0.000000 1.000000 0.000000
vn 0.000000 1.000000 0.000000
vn 0.000000 1.000000 0.000000
vn 0.000000 1.000000 0.000000
vn 0.000000 1.000000 0.000000
vn 0.000000 1.000000 0.000000
vn 0.000000 0.000000 1.000000
vn 0.000000 0.000000 1.000000
vn 0.000000 0.000000 1.000000
vn 0.000000 0.000000 1.000000
vn 0.000000 0.000000 1.000000
vn 0.000000 0.000000 1.000000
vn 0.000000 0.940500 -0.339900
vn 0.000000 0.940500 -0.339900
vn 0.000000 0.940500 -0.339900
vn 0.000000 0.907100 -0.421000
vn 0.000000 0.907100 -0.421000
vn 0.000000 0.907100 -0.421000
vn 0.000000 0.767200 -0.641400
vn 0.000000 0.767200 -0.641400
vn 0.000000 0.767200 -0.641400
vn 0.000000 0.641400 -0.767200
vn 0.000000 0.641400 -0.767200
vn 0.000000 0.641400 -0.767200
vn 0.000000 0.421000 -0.907100
vn 0.000000 0.421000 -0.907100
vn 0.000000 0.421000 -0.907100
vn 0.000000 0.339900 -0.940500
vn 0.000000 0.339900 -0.940500
vn 0.000000 0.339900 -0.940500
vn 0.000000 0.000000 -1.000000
vn 0.000000 0.000000 -1.000000
vn 0.000000 0.000000 -1.000000
vn 0.000000 0.000000 -1.000000
vn 0.000000 0.000000 -1.000000
vn 0.000000 0.000000 -1.000000
vn 0.000000 -1.000000 0.000000
vn 0.000000 -1.000000 0.000000
vn 0.000000 -1.000000 0.000000
vn 0.000000 -1.000000 0.000000
vn 0.000000 -1.000000 0.000000
vn 0.000000 -1.000000 0.000000
vn 0.000000 0.767200 -0.641400
vn 0.000000 0.767200 -0.641400
vn 0.000000 0.767200 -0.641400
vn 0.000000 0.641400 -0.767200
vn 0.000000 0.641400 -0.767200
vn 0.000000 0.641400 -0.767200
vn 0.000000 1.000000 0.000000
vn 0.000000 1.000000 0.000000
vn 0.000000 1.000000 0.000000
vn 0.000000 1.000000 0.000000
vn 0.000000 1.000000 0.000000
vn 0.000000 1.000000 0.000000
vn 0.000000 0.940500 -0.339900
vn 0.000000 0.940500 -0.339900
vn 0.000000 0.940500 -0.339900
vn 0.000000 0.907100 -0.421000
vn 0.000000 0.907100 -0.421000
vn 0.000000 0.907100 -0.421000
vn 0.000000 0.421000 -0.907100
vn 0.000000 0.421000 -0.907100
vn 0.000000 0.421000 -0.907100
vn 0.000000 0.339900 -0.940500
vn 0.000000 0.339900 -0.940500
vn 0.000000 0.339900 -0.940500
vn 0.000000 0.000000 -1.000000
vn 0.000000 0.000000 -1.000000
vn 0.000000 0.000000 -1.000000
vn 0.000000 0.000000 -1.000000
vn 0.000000 0.000000 -1.000000
vn 0.000000 0.000000 -1.000000
vn 0.000000 0.641400 -0.767200
vn 0.000000 0.641400 -0.767200
vn 0.000000 0.641400 -0.767200
vn 0.000000 0.767200 -0.641400
vn 0.000000 0.767200 -0.641400
vn 0.000000 0.767200 -0.641400
vn 0.000000 0.907100 -0.421000
vn 0.000000 0.907100 -0.421000
vn 0.000000 0.907100 -0.421000
vn 0.000000 0.940500 -0.339900
vn 0.000000 0.940500 -0.339900
vn 0.000000 0.940500 -0.339900
vn 0.000000 -1.000000 0.000000
vn 0.000000 -1.000000 0.000000
vn 0.000000 -1.000000 0.000000
vn 0.000000 -1.000000 0.000000
vn 0.000000 -1.000000 0.000000
vn 0.000000 -1.000000 0.000000
vn 0.000000 -0.339900 0.940500
vn 0.000000 -0.339900 0.940500
vn 0.000000 -0.339900 0.940500
vn 0.000000 -0.421000 0.907100
vn 0.000000 -0.421000 0.907100
vn 0.000000 -0.421000 0.907100
vn 0.000000 -0.641400 0.767200
vn 0.000000 -0.641400 0.767200
vn 0.000000 -0.641400 0.767200
vn 0.000000 -0.767200 0.641400
vn 0.000000 -0.767200 0.641400
vn 0.000000 -0.767200 0.641400
vn 0.000000 -0.907100 0.421000
vn 0.000000 -0.907100 0.421000
vn 0.000000 -0.907100 0.421000
vn 0.000000 -0.940500 0.339900
vn 0.000000 -0.940500 0.339900
vn 0.000000 -0.940500 0.339900
vn 0.000000 -0.940500 -0.339900
vn 0.000000 -0.940500 -0.339900
vn 0.000000 -0.940500 -0.339900
vn 0.000000 -0.907100 -0.421000
vn 0.000000 -0.907100 -0.421000
vn 0.000000 -0.907100 -0.421000
vn 0.000000 -0.767200 -0.641400
vn 0.000000 -0.767200 -0.641400
vn 0.000000 -0.767200 -0.641400
vn 0.000000 -0.641400 -0.767200
vn 0.000000 -0.641400 -0.767200
vn 0.000000 -0.641400 -0.767200
vn 0.000000 -0.421000 -0.907100
vn 0.000000 -0.421000 -0.907100
vn 0.000000 -0.421000 -0.907100
vn 0.000000 -0.339900 -0.940500
vn 0.000000 -0.339900 -0.940500
vn 0.000000 -0.339900 -0.940500

f 1//1 2//2 3//3
f 1//4 3//5 4//6
f 1//7 4//8 5//9
f 1//10 5//11 6//12
f 1//13 6//14 7//15
f 1//16 7//17 8//18
f 9//19 10//20 3//21
f 9//22 3//23 2//24
f 9//25 2//26 11//27
f 9//28 11//29 12//30
f 9//31 12//32 13//33
f 9//34 13//35 14//36
f 9//37 14//38 15//39
f 16//40 17//41 18//42
f 18//43 17//44 19//45
f 18//46 19//47 20//48
f 20//49 19//50 21//51
f 20//52 21//53 22//54
f 22//55 21//56 23//57
f 22//58 23//59 24//60
f 24//61 23//62 25//63
f 24//64 25//65 26//66
f 27//67 28//68 29//69
f 27//70 29//71 30//72
f 27//73 30//74 31//75
f 27//76 31//77 32//78
f 27//79 32//80 33//81
f 27//82 33//83 34//84
f 27//85 34//86 35//87
f 36//88 37//89 18//90
f 36//91 18//92 38//93
f 36//94 38//95 39//96
f 36//97 39//98 40//99
f 36//100 40//101 34//102
f 36//103 34//104 33//105
f 18//106 37//107 41//108
f 18//109 41//110 16//111
f 38//112 18//113 42//114
f 42//115 18//116 43//117
f 42//118 43//119 44//120
f 44//121 43//122 45//123
f 44//124 45//125 46//126
f 24//127 47//128 48//129
f 48//130 47//131 49//132
f 48//133 49//134 50//135
f 50//136 49//137 51//138
f 50//139 51//140 52//141
f 15//142 14//143 53//144
f 15//145 53//146 54//147
f 15//148 54//149 55//150
f 15//151 55//152 56//153
f 15//154 56//155 57//156
f 15//157 57//158 58//159
f 15//160 58//161 59//162
f 15//163 59//164 60//165
f 15//166 60//167 61//168
f 15//169 61//170 62//171
f 15//172 62//173 63//174
f 28//175 64//176 65//177
f 28//178 65//179 66//180
f 28//181 66//182 67//183
f 28//184 67//185 68//186
f 28//187 68//188 69//189
f 28//190 69//191 70//192
f 28//193 70//194 71//195
f 28//196 71//197 72//198
f 28//199 72//200 73//201
f 28//202 73//203 74//204
f 28//205 74//206 75//207
f 28//208 75//209 76//210
f 28//211 76//212 29//213
f 77//214 78//215 79//216
f 77//217 79//218 80//219
f 77//220 80//221 81//222
f 82//223 83//224 84//225
f 82//226 84//227 85//228
f 82//229 85//230 86//231
f 82//232 86//233 79//234
f 82//235 79//236 78//237
f 83//238 87//239 88//240
f 83//241 88//242 89//243
f 83//244 89//245 90//246
f 83//247 90//248 84//249
f 91//250 92//251 93//252
f 93//253 92//254 94//255
f 93//256 94//257 87//258
f 87//259 94//260 95//261
f 87//262 95//263 88//264
f 96//265 97//266 98//267
f 98//268 97//269 99//270
f 98//271 99//272 100//273
f 100//274 99//275 101//276
f 96//277 98//278 102//279
f 96//280 102//281 103//282
f 96//283 103//284 104//285
f 96//286 104//287 105//288
f 105//289 104//290 106//291
f 105//292 106//293 107//294
f 105//295 107//296 95//297
f 105//298 95//299 94//300
f 108//301 91//302 93//303
f 108//304 93//305 109//306
f 108//307 109//308 110//309
f 108//310 110//311 111//312
f 108//313 111//314 112//315
f 108//316 112//317 113//318
f 108//319 113//320 114//321
f 108//322 114//323 115//324
f 108//325 115//326 116//327
f 119//328 118//329 115//330
f 119//331 115//332 120//333
f 120//334 115//335 114//336
f 121//337 122//338 123//339
f 123//340 122//341 124//342
f 123//343 124//344 109//345
f 109//346 124//347 110//348
f 66//349 65//350 121//351
f 66//352 121//353 123//354
f 125//355 126//356 127//357
f 125//358 127//359 128//360
f 125//361 128//362 129//363
f 125//364 129//365 130//366
f 125//367 130//368 131//369
f 91//370 132//371 92//372
f 92//373 132//374 130//375
f 92//376 130//377 133//378
f 133//379 130//380 134//381
f 133//382 134//383 135//384
f 130//385 129//386 136//387
f 130//388 136//389 137//390
f 130//391 137//392 138//393
f 130//394 138//395 134//396
f 139//397 133//398 135//399
f 139//400 135//401 140//402
f 139//403 140//404 141//405
f 139//406 141//407 62//408
f 142//409 63//410 62//411
f 142//412 62//413 141//414
f 143//415 144//416 145//417
f 145//418 144//419 146//420
f 145//421 146//422 147//423
f 147//424 146//425 148//426
f 147//427 148//428 149//429
f 149//430 148//431 150//432
f 149//433 150//434 151//435
f 143//436 152//437 144//438
f 144//439 152//440 153//441
f 144//442 153//443 154//444
f 154//445 153//446 155//447
f 154//448 155//449 156//450
f 156//451 155//452 157//453
f 156//454 157//455 7//456
f 7//457 157//458 158//459
f 7//460 158//461 159//462
f 160//463 8//464 7//465
f 160//466 7//467 159//468
f 161//469 162//470 163//471
f 163//472 162//473 164//474
f 163//475 164//476 165//477
f 165//478 164//479 7//480
f 165//481 7//482 6//483
f 162//484 161//485 166//486
f 62//487 61//488 167//489
f 25//490 23//491 169//492
f 24//493 26//494 47//495
f 44//496 46//497 170//498
f 171//499 172//500 173//501
f 173//502 172//503 174//504
f 173//505 174//506 175//507
f 175//508 174//509 176//510
f 175//511 176//512 177//513
f 177//514 176//515 178//516
f 177//517 178//518 179//519
f 179//520 178//521 180//522
f 179//523 180//524 181//525
f 182//526 183//527 184//528
f 182//529 184//530 185//531
f 182//532 185//533 186//534
f 182//535 186//536 187//537
f 182//538 187//539 188//540
f 182//541 188//542 189//543
f 190//544 191//545 192//546
f 192//547 191//548 193//549
f 192//550 193//551 194//552
f 194//553 193//554 195//555
f 194//556 195//557 188//558
f 188//559 195//560 196//561
f 188//562 196//563 189//564
f 192//565 197//566 198//567
f 192//568 198//569 199//570
f 192//571 199//572 200//573
f 192//574 200//575 201//576
f 192//577 201//578 190//579
f 202//580 203//581 204//582
f 204//583 203//584 205//585
f 204//586 205//587 197//588
f 197//589 205//590 206//591
f 197//592 206//593 198//594
f 183//595 207//596 208//597
f 183//598 208//599 209//600
f 183//601 209//602 210//603
f 183//604 210//605 211//606
f 183//607 211//608 212//609
f 183//610 212//611 213//612
f 183//613 213//614 184//615
f 214//616 215//617 216//618
f 216//619 215//620 217//621
f 216//622 217//623 218//624
f 218//625 217//626 219//627
f 218//628 219//629 220//630
f 220//631 219//632 221//633
f 220//634 221//635 222//636
f 216//637 223//638 224//639
f 216//640 224//641 225//642
f 216//643 225//644 226//645
f 216//646 226//647 227//648
f 216//649 227//650 208//651
f 216//652 208//653 228//654
f 216//655 228//656 214//657
f 229//658 230//659 231//660
f 229//661 231//662 232//663
f 229//664 232//665 224//666
f 229//667 224//668 223//669
f 231//670 230//671 233//672
f 233//673 230//674 234//675
f 233//676 234//677 235//678
f 235//679 234//680 236//681
f 235//682 236//683 237//684
f 237//685 236//686 238//687
f 237//688 238//689 239//690
f 240//691 241//692 242//693
f 242//694 241//695 243//696
f 242//697 243//698 178//699
f 178//700 243//701 180//702
f 244//703 245//704 246//705
f 244//706 246//707 247//708
f 244//709 247//710 248//711
f 244//712 248//713 249//714
f 244//715 249//716 250//717
f 244//718 250//719 251//720
f 245//721 252//722 246//723
f 246//724 252//725 253//726
f 246//727 253//728 254//729
f 254//730 253//731 255//732
f 254//733 255//734 256//735
f 256//736 255//737 257//738
f 256//739 257//740 258//741
f 256//742 258//743 259//744
f 256//745 259//746 260//747
f 256//748 260//749 261//750
f 256//751 261//752 262//753
f 256//754 262//755 263//756
f 256//757 263//758 206//759
f 256//760 206//761 205//762
f 264//763 265//764 266//765
f 264//766 266//767 267//768
f 264//769 267//770 268//771
f 264//772 268//773 202//774
f 264//775 202//776 204//777
f 266//778 265//779 269//780
f 266//781 269//782 270//783
f 266//784 270//785 81//786
f 266//787 81//788 80//789
f 251//790 250//791 271//792
f 251//793 271//794 272//795
f 251//796 272//797 273//798
f 251//799 273//800 274//801
f 251//802 274//803 275//804
f 251//805 275//806 242//807
f 251//808 242//809 276//810
f 277//811 278//812 279//813
f 279//814 278//815 280//816
f 279//817 280//818 281//819
f 281//820 280//821 282//822
f 281//823 282//824 242//825
f 242//826 282//827 283//828
f 242//829 283//830 284//831
f 242//832 284//833 285//834
f 242//835 285//836 286//837
f 242//838 286//839 276//840
f 287//841 240//842 242//843
f 287//844 242//845 275//846
f 288//847 289//848 290//849
f 288//850 290//851 203//852
f 288//853 203//854 202//855
f 291//856 292//857 293//858
f 293//859 292//860 290//861
f 293//862 290//863 294//864
f 294//865 290//866 289//867
f 295//868 291//869 293//870
f 295//871 293//872 100//873
f 295//874 100//875 101//876
f 242//877 178//878 296//879
f 172//880 171//881 297//882
f 200//883 199//884 298//885
f 201//886 200//887 299//888
f 209//889 208//890 227//891
f 232//892 231//893 300//894
f 301//895 302//896 303//897
f 301//898 303//899 304//900
f 301//901 304//902 305//903
f 301//904 305//905 306//906
f 301//907 306//908 307//909
f 301//910 307//911 308//912
f 309//913 310//914 303//915
f 309//916 303//917 302//918
f 309//919 302//920 311//921
f 309//922 311//923 312//924
f 309//925 312//926 313//927
f 309//928 313//929 314//930
f 309//931 314//932 315//933
f 316//934 317//935 318//936
f 318//937 317//938 319//939
f 318//940 319//941 320//942
f 320//943 319//944 321//945
f 320//946 321//947 322//948
f 322//949 321//950 323//951
f 322//952 323//953 324//954
f 324//955 323//956 325//957
f 324//958 325//959 326//960
f 327//961 328//962 329//963
f 327//964 329//965 330//966
f 327//967 330//968 331//969
f 327//970 331//971 332//972
f 327//973 332//974 333//975
f 327//976 333//977 334//978
f 327//979 334//980 335//981
f 336//982 337//983 318//984
f 336//985 318//986 338//987
f 336//988 338//989 339//990
f 336//991 339//992 340//993
f 336//994 340//995 334//996
f 336//997 334//998 333//999
f 318//1000 337//1001 341//1002
f 318//1003 341//1004 316//1005
f 338//1006 318//1007 342//1008
f 342//1009 318//1010 343//1011
f 342//1012 343//1013 344//1014
f 344//1015 343//1016 345//1017
f 344//1018 345//1019 346//1020
f 324//1021 347//1022 348//1023
f 348//1024 347//1025 349//1026
f 348//1027 349//1028 350//1029
f 350//1030 349//1031 351//1032
f 350//1033 351//1034 352//1035
f 315//1036 314//1037 353//1038
f 315//1039 353//1040 354//1041
f 315//1042 354//1043 355//1044
f 315//1045 355//1046 356//1047
f 315//1048 356//1049 357//1050
f 315//1051 357//1052 358//1053
f 315//1054 358//1055 359//1056
f 315//1057 359//1058 360//1059
f 315//1060 360//1061 361//1062
f 315//1063 361//1064 362//1065
f 315//1066 362//1067 363//1068
f 328//1069 364//1070 365//1071
f 328//1072 365//1073 366//1074
f 328//1075 366//1076 367//1077
f 328//1078 367//1079 368//1080
f 328//1081 368//1082 369//1083
f 328//1084 369//1085 370//1086
f 328//1087 370//1088 371//1089
f 328//1090 371//1091 372//1092
f 328//1093 372//1094 373//1095
f 328//1096 373//1097 374//1098
f 328//1099 374//1100 375//1101
f 328//1102 375//1103 376//1104
f 328//1105 376//1106 329//1107
f 377//1108 378//1109 379//1110
f 377//1111 379//1112 380//1113
f 377//1114 380//1115 381//1116
f 382//1117 383//1118 384//1119
f 382//1120 384//1121 385//1122
f 382//1123 385//1124 386//1125
f 382//1126 386//1127 379//1128
f 382//1129 379//1130 378//1131
f 383//1132 387//1133 388//1134
f 383//1135 388//1136 389//1137
f 383//1138 389//1139 390//1140
f 383//1141 390//1142 384//1143
f 391//1144 392//1145 393//1146
f 393//1147 392//1148 394//1149
f 393//1150 394//1151 387//1152
f 387//1153 394//1154 395//1155
f 387//1156 395//1157 388//1158
f 396//1159 397//1160 398//1161
f 398//1162 397//1163 399//1164
f 398//1165 399//1166 400//1167
f 400//1168 399//1169 401//1170
f 396//1171 398//1172 402//1173
f 396//1174 402//1175 403//1176
f 396//1177 403//1178 404//1179
f 396//1180 404//1181 405//1182
f 405//1183 404//1184 406//1185
f 405//1186 406//1187 407//1188
f 405//1189 407//1190 395//1191
f 405//1192 395//1193 394//1194
f 408//1195 391//1196 393//1197
f 408//1198 393//1199 409//1200
f 408//1201 409//1202 410//1203
f 408//1204 410//1205 411//1206
f 408//1207 411//1208 412//1209
f 408//1210 412//1211 413//1212
f 408//1213 413//1214 414//1215
f 408//1216 414//1217 415//1218
f 408//1219 415//1220 416//1221
f 419//1222 418//1223 415//1224
f 419//1225 415//1226 420//1227
f 420//1228 415//1229 414//1230
f 421//1231 422//1232 423//1233
f 423//1234 422//1235 424//1236
f 423//1237 424//1238 409//1239
f 409//1240 424//1241 410//1242
f 366//1243 365//1244 421//1245
f 366//1246 421//1247 423//1248
f 425//1249 426//1250 427//1251
f 425//1252 427//1253 428//1254
f 425//1255 428//1256 429//1257
f 425//1258 429//1259 430//1260
f 425//1261 430//1262 431//1263
f 391//1264 432//1265 392//1266
f 392//1267 432//1268 430//1269
f 392//1270 430//1271 433//1272
f 433//1273 430//1274 434//1275
f 433//1276 434//1277 435//1278
f 430//1279 429//1280 436//1281
f 430//1282 436//1283 437//1284
f 430//1285 437//1286 438//1287
f 430//1288 438//1289 434//1290
f 439//1291 433//1292 435//1293
f 439//1294 435//1295 440//1296
f 439//1297 440//1298 441//1299
f 439//1300 441//1301 362//1302
f 442//1303 363//1304 362//1305
f 442//1306 362//1307 441//1308
f 443//1309 444//1310 445//1311
f 445//1312 444//1313 446//1314
f 445//1315 446//1316 447//1317
f 447//1318 446//1319 448//1320
f 447//1321 448//1322 449//1323
f 449//1324 448//1325 450//1326
f 449//1327 450//1328 451//1329
f 443//1330 452//1331 444//1332
f 444//1333 452//1334 453//1335
f 444//1336 453//1337 454//1338
f 454//1339 453//1340 455//1341
f 454//1342 455//1343 456//1344
f 456//1345 455//1346 457//1347
f 456//1348 457//1349 307//1350
f 307//1351 457//1352 458//1353
f 307//1354 458//1355 459//1356
f 460//1357 308//1358 307//1359
f 460//1360 307//1361 459//1362
f 461//1363 462//1364 463//1365
f 463//1366 462//1367 464//1368
f 463//1369 464//1370 465//1371
f 465//1372 464//1373 307//1374
f 465//1375 307//1376 306//1377
f 462//1378 461//1379 466//1380
f 362//1381 361//1382 467//1383
f 325//1384 323//1385 469//1386
f 324//1387 326//1388 347//1389
f 344//1390 346//1391 470//1392
f 471//1393 472//1394 473//1395
f 473//1396 472//1397 474//1398
f 473//1399 474//1400 475//1401
f 475//1402 474//1403 476//1404
f 475//1405 476//1406 477//1407
f 477//1408 476//1409 478//1410
f 477//1411 478//1412 479//1413
f 479//1414 478//1415 480//1416
f 479//1417 480//1418 481//1419
f 482//1420 483//1421 484//1422
f 482//1423 484//1424 485//1425
f 482//1426 485//1427 486//1428
f 482//1429 486//1430 487//1431
f 482//1432 487//1433 488//1434
f 482//1435 488//1436 489//1437
f 490//1438 491//1439 492//1440
f 492//1441 491//1442 493//1443
f 492//1444 493//1445 494//1446
f 494//1447 493//1448 495//1449
f 494//1450 495//1451 488//1452
f 488//1453 495//1454 496//1455
f 488//1456 496//1457 489//1458
f 492//1459 497//1460 498//1461
f 492//1462 498//1463 499//1464
f 492//1465 499//1466 500//1467
f 492//1468 500//1469 501//1470
f 492//1471 501//1472 490//1473
f 502//1474 503//1475 504//1476
f 504//1477 503//1478 505//1479
f 504//1480 505//1481 497//1482
f 497//1483 505//1484 506//1485
f 497//1486 506//1487 498//1488
f 483//1489 507//1490 508//1491
f 483//1492 508//1493 509//1494
f 483//1495 509//1496 510//1497
f 483//1498 510//1499 511//1500
f 483//1501 511//1502 512//1503
f 483//1504 512//1505 513//1506
f 483//1507 513//1508 484//1509
f 514//1510 515//1511 516//1512
f 516//1513 515//1514 517//1515
f 516//1516 517//1517 518//1518
f 518//1519 517//1520 519//1521
f 518//1522 519//1523 520//1524
f 520//1525 519//1526 521//1527
f 520//1528 521//1529 522//1530
f 516//1531 523//1532 524//1533
f 516//1534 524//1535 525//1536
f 516//1537 525//1538 526//1539
f 516//1540 526//1541 527//1542
f 516//1543 527//1544 508//1545
f 516//1546 508//1547 528//1548
f 516//1549 528//1550 514//1551
f 529//1552 530//1553 531//1554
f 529//1555 531//1556 532//1557
f 529//1558 532//1559 524//1560
f 529//1561 524//1562 523//1563
f 531//1564 530//1565 533//1566
f 533//1567 530//1568 534//1569
f 533//1570 534//1571 535//1572
f 535//1573 534//1574 536//1575
f 535//1576 536//1577 537//1578
f 537//1579 536//1580 538//1581
f 537//1582 538//1583 539//1584
f 540//1585 541//1586 542//1587
f 542//1588 541//1589 543//1590
f 542//1591 543//1592 478//1593
f 478//1594 543//1595 480//1596
f 544//1597 545//1598 546//1599
f 544//1600 546//1601 547//1602
f 544//1603 547//1604 548//1605
f 544//1606 548//1607 549//1608
f 544//1609 549//1610 550//1611
f 544//1612 550//1613 551//1614
f 545//1615 552//1616 546//1617
f 546//1618 552//1619 553//1620
f 546//1621 553//1622 554//1623
f 554//1624 553//1625 555//1626
f 554//1627 555//1628 556//1629
f 556//1630 555//1631 557//1632
f 556//1633 557//1634 558//1635
f 556//1636 558//1637 559//1638
f 556//1639 559//1640 560//1641
f 556//1642 560//1643 561//1644
f 556//1645 561//1646 562//1647
f 556//1648 562//1649 563//1650
f 556//1651 563//1652 506//1653
f 556//1654 506//1655 505//1656
f 564//1657 565//1658 566//1659
f 564//1660 566//1661 567//1662
f 564//1663 567//1664 568//1665
f 564//1666 568//1667 502//1668
f 564//1669 502//1670 504//1671
f 381//1672 380//1673 569//1674
f 569//1675 380//1676 566//1677
f 569//1678 566//1679 570//1680
f 570//1681 566//1682 565//1683
f 551//1684 550//1685 571//1686
f 551//1687 571//1688 572//1689
f 551//1690 572//1691 573//1692
f 551//1693 573//1694 574//1695
f 551//1696 574//1697 575//1698
f 551//1699 575//1700 542//1701
f 551//1702 542//1703 576//1704
f 577//1705 578//1706 579//1707
f 579//1708 578//1709 580//1710
f 579//1711 580//1712 581//1713
f 581//1714 580//1715 582//1716
f 581//1717 582//1718 542//1719
f 542//1720 582//1721 583//1722
f 542//1723 583//1724 584//1725
f 542//1726 584//1727 585//1728
f 542//1729 585//1730 586//1731
f 542//1732 586//1733 576//1734
f 587//1735 540//1736 542//1737
f 587//1738 542//1739 575//1740
f 588//1741 589//1742 590//1743
f 588//1744 590//1745 503//1746
f 588//1747 503//1748 502//1749
f 591//1750 592//1751 593//1752
f 593//1753 592//1754 590//1755
f 593//1756 590//1757 594//1758
f 594//1759 590//1760 589//1761
f 593//1762 400//1763 401//1764
f 593//1765 401//1766 595//1767
f 593//1768 595//1769 591//1770
f 542//1771 478//1772 596//1773
f 472//1774 471//1775 597//1776
f 500//1777 499//1778 598//1779
f 501//1780 500//1781 599//1782
f 509//1783 508//1784 527//1785
f 532//1786 531//1787 600//1788
f 283//1789 282//1790 517//1791
f 283//1792 517//1793 515//1794
f 271//1795 250//1796 484//1797
f 271//1798 484//1799 513//1800
f 261//1801 260//1802 599//1803
f 261//1804 599//1805 500//1806
f 285//1807 284//1808 514//1809
f 285//1810 514//1811 528//1812
f 251//1813 276//1814 507//1815
f 251//1816 507//1817 483//1818
f 286//1819 285//1820 528//1821
f 286//1822 528//1823 508//1824
f 276//1825 286//1826 508//1827
f 276//1828 508//1829 507//1830
f 280//1831 278//1832 521//1833
f 280//1834 521//1835 519//1836
f 282//1837 280//1838 519//1839
f 282//1840 519//1841 517//1842
f 284//1843 283//1844 515//1845
f 284//1846 515//1847 514//1848
f 244//1849 251//1850 483//1851
f 244//1852 483//1853 482//1854
f 482//1855 489//1856 245//1857
f 482//1858 245//1859 244//1860
f 258//1861 257//1862 491//1863
f 258//1864 491//1865 490//1866
f 259//1867 258//1868 490//1869
f 259//1870 490//1871 501//1872
f 260//1873 259//1874 501//1875
f 260//1876 501//1877 599//1878
f 252//1879 245//1880 489//1881
f 252//1882 489//1883 496//1884
f 253//1885 252//1886 496//1887
f 253//1888 496//1889 495//1890
f 255//1891 253//1892 495//1893
f 255//1894 495//1895 493//1896
f 257//1897 255//1898 493//1899
f 257//1900 493//1901 491//1902
f 291//1903 295//1904 569//1905
f 291//1906 569//1907 570//1908
f 588//1909 502//1910 288//1911
f 588//1912 288//1913 202//1914
f 263//1915 262//1916 598//1917
f 263//1918 598//1919 499//1920
f 262//1921 261//1922 500//1923
f 262//1924 500//1925 598//1926
f 206//1927 263//1928 499//1929
f 206//1930 499//1931 498//1932
f 498//1933 506//1934 198//1935
f 498//1936 198//1937 206//1938
f 289//1939 288//1940 502//1941
f 289//1942 502//1943 568//1944
f 294//1945 289//1946 568//1947
f 294//1948 568//1949 567//1950
f 293//1951 294//1952 567//1953
f 293//1954 567//1955 566//1956
f 566//1957 380//1958 100//1959
f 566//1960 100//1961 293//1962
f 72//1963 71//1964 358//1965
f 72//1966 358//1967 357//1968
f 426//1969 425//1970 115//1971
f 426//1972 115//1973 118//1974
f 64//1975 28//1976 315//1977
f 64//1978 315//1979 363//1980
f 80//1981 79//1982 398//1983
f 80//1984 398//1985 400//1986
f 91//1987 108//1988 430//1989
f 91//1990 430//1991 432//1992
f 83//1993 82//1994 396//1995
f 83//1996 396//1997 405//1998
f 87//1999 83//2000 405//2001
f 87//2002 405//2003 394//2004
f 93//2005 87//2006 394//2007
f 93//2008 394//2009 392//2010
f 392//2011 433//2012 109//2013
f 392//2014 109//2015 93//2016
f 82//2017 78//2018 397//2019
f 82//2020 397//2021 396//2022
f 78//2023 77//2024 399//2025
f 78//2026 399//2027 397//2028
f 108//2029 116//2030 431//2031
f 108//2032 431//2033 430//2034
f 432//2035 391//2036 132//2037
f 432//2038 132//2039 91//2040
f 77//2041 81//2042 401//2043
f 77//2044 401//2045 399//2046
f 89//2047 88//2048 395//2049
f 89//2050 395//2051 407//2052
f 116//2053 115//2054 425//2055
f 116//2056 425//2057 431//2058
f 90//2059 89//2060 407//2061
f 90//2062 407//2063 406//2064
f 84//2065 90//2066 406//2067
f 84//2068 406//2069 404//2070
f 85//2071 84//2072 404//2073
f 85//2074 404//2075 403//2076
f 388//2077 395//2078 88//2079
f 388//2080 88//2081 95//2082
f 86//2083 85//2084 403//2085
f 86//2086 403//2087 402//2088
f 79//2089 86//2090 402//2091
f 79//2092 402//2093 398//2094
f 66//2095 123//2096 439//2097
f 66//2098 439//2099 362//2100
f 67//2101 66//2102 362//2103
f 67//2104 362//2105 467//2106
f 69//2107 68//2108 361//2109
f 69//2110 361//2111 360//2112
f 123//2113 109//2114 433//2115
f 123//2116 433//2117 439//2118
f 68//2119 67//2120 467//2121
f 68//2122 467//2123 361//2124
f 70//2125 69//2126 360//2127
f 70//2128 360//2129 359//2130
f 71//2131 70//2132 359//2133
f 71//2134 359//2135 358//2136
f 73//2137 72//2138 357//2139
f 73//2140 357//2141 356//2142
f 74//2143 73//2144 356//2145
f 74//2146 356//2147 355//2148
f 75//2149 74//2150 355//2151
f 75//2152 355//2153 354//2154
f 33//2155 32//2156 311//2157
f 33//2158 311//2159 302//2160
f 28//2161 27//2162 309//2163
f 28//2164 309//2165 315//2166
f 31//2167 30//2168 313//2169
f 31//2170 313//2171 312//2172
f 76//2173 75//2174 354//2175
f 76//2176 354//2177 353//2178
f 29//2179 76//2180 353//2181
f 29//2182 353//2183 314//2184
f 30//2185 29//2186 314//2187
f 30//2188 314//2189 313//2190
f 32//2191 31//2192 312//2193
f 32//2194 312//2195 311//2196
f 290//2197 292//2198 565//2199
f 290//2200 565//2201 564//2202
f 203//2203 290//2204 564//2205
f 203//2206 564//2207 504//2208
f 205//2209 203//2210 504//2211
f 205//2212 504//2213 497//2214
f 497//2215 492//2216 256//2217
f 497//2218 256//2219 205//2220
f 101//2221 99//2222 377//2223
f 101//2224 377//2225 381//2226
f 295//2227 101//2228 381//2229
f 295//2230 381//2231 569//2232
f 98//2233 100//2234 380//2235
f 98//2236 380//2237 379//2238
f 372//2239 371//2240 58//2241
f 372//2242 58//2243 57//2244
f 408//2245 416//2246 131//2247
f 408//2248 131//2249 130//2250
f 375//2251 374//2252 55//2253
f 375//2254 55//2255 54//2256
f 56//2257 55//2258 374//2259
f 56//2260 374//2261 373//2262
f 57//2263 56//2264 373//2265
f 57//2266 373//2267 372//2268
f 330//2269 329//2270 14//2271
f 330//2272 14//2273 13//2274
f 53//2275 14//2276 329//2277
f 53//2278 329//2279 376//2280
f 54//2281 53//2282 376//2283
f 54//2284 376//2285 375//2286
f 38//2287 42//2288 465//2289
f 38//2290 465//2291 306//2292
f 39//2293 38//2294 306//2295
f 39//2296 306//2297 305//2298
f 35//2299 34//2300 303//2301
f 35//2302 303//2303 310//2304
f 34//2305 40//2306 304//2307
f 34//2308 304//2309 303//2310
f 27//2311 35//2312 310//2313
f 27//2314 310//2315 309//2316
f 44//2317 170//2318 461//2319
f 44//2320 461//2321 463//2322
f 42//2323 44//2324 463//2325
f 42//2326 463//2327 465//2328
f 40//2329 39//2330 305//2331
f 40//2332 305//2333 304//2334
f 65//2335 64//2336 363//2337
f 65//2338 363//2339 442//2340
f 117//2341 119//2342 427//2343
f 117//2344 427//2345 468//2346
f 119//2347 120//2348 428//2349
f 119//2350 428//2351 427//2352
f 113//2353 112//2354 437//2355
f 113//2356 437//2357 436//2358
f 114//2359 113//2360 436//2361
f 114//2362 436//2363 429//2364
f 120//2365 114//2366 429//2367
f 120//2368 429//2369 428//2370
f 121//2371 65//2372 442//2373
f 121//2374 442//2375 441//2376
f 111//2377 110//2378 434//2379
f 111//2380 434//2381 438//2382
f 112//2383 111//2384 438//2385
f 112//2386 438//2387 437//2388
f 122//2389 121//2390 441//2391
f 122//2392 441//2393 440//2394
f 124//2395 122//2396 440//2397
f 124//2398 440//2399 435//2400
f 110//2401 124//2402 435//2403
f 110//2404 435//2405 434//2406
f 118//2407 117//2408 468//2409
f 118//2410 468//2411 426//2412
f 126//2413 125//2414 415//2415
f 126//2416 415//2417 418//2418
f 6//2419 5//2420 339//2421
f 6//2422 339//2423 338//2424
f 3//2425 10//2426 335//2427
f 3//2428 335//2429 334//2430
f 327//2431 335//2432 10//2433
f 327//2434 10//2435 9//2436
f 163//2437 165//2438 342//2439
f 163//2440 342//2441 344//2442
f 161//2443 163//2444 344//2445
f 161//2446 344//2447 470//2448
f 4//2449 3//2450 334//2451
f 4//2452 334//2453 340//2454
f 5//2455 4//2456 340//2457
f 5//2458 340//2459 339//2460
f 165//2461 6//2462 338//2463
f 165//2464 338//2465 342//2466
f 15//2467 63//2468 364//2469
f 15//2470 364//2471 328//2472
f 417//2473 419//2474 127//2475
f 417//2476 127//2477 168//2478
f 365//2479 364//2480 63//2481
f 365//2482 63//2483 142//2484
f 142//2485 141//2486 421//2487
f 142//2488 421//2489 365//2490
f 135//2491 134//2492 410//2493
f 135//2494 410//2495 424//2496
f 140//2497 135//2498 424//2499
f 140//2500 424//2501 422//2502
f 141//2503 140//2504 422//2505
f 141//2506 422//2507 421//2508
f 128//2509 127//2510 419//2511
f 128//2512 419//2513 420//2514
f 138//2515 137//2516 412//2517
f 138//2518 412//2519 411//2520
f 134//2521 138//2522 411//2523
f 134//2524 411//2525 410//2526
f 129//2527 128//2528 420//2529
f 129//2530 420//2531 414//2532
f 136//2533 129//2534 414//2535
f 136//2536 414//2537 413//2538
f 137//2539 136//2540 413//2541
f 137//2542 413//2543 412//2544
f 95//2545 107//2546 389//2547
f 95//2548 389//2549 388//2550
f 168//2551 126//2552 418//2553
f 168//2554 418//2555 417//2556
f 125//2557 131//2558 416//2559
f 125//2560 416//2561 415//2562
f 103//2563 102//2564 386//2565
f 103//2566 386//2567 385//2568
f 104//2569 103//2570 385//2571
f 104//2572 385//2573 384//2574
f 106//2575 104//2576 384//2577
f 106//2578 384//2579 390//2580
f 102//2581 98//2582 379//2583
f 102//2584 379//2585 386//2586
f 107//2587 106//2588 390//2589
f 107//2590 390//2591 389//2592
f 328//2593 327//2594 9//2595
f 328//2596 9//2597 15//2598
f 292//2599 291//2600 570//2601
f 292//2602 570//2603 565//2604
f 130//2605 132//2606 391//2607
f 130//2608 391//2609 408//2610
f 96//2611 105//2612 383//2613
f 96//2614 383//2615 382//2616
f 409//2617 393//2618 92//2619
f 409//2620 92//2621 133//2622
f 94//2623 92//2624 393//2625
f 94//2626 393//2627 387//2628
f 105//2629 94//2630 387//2631
f 105//2632 387//2633 383//2634
f 382//2635 378//2636 97//2637
f 382//2638 97//2639 96//2640
f 99//2641 97//2642 378//2643
f 99//2644 378//2645 377//2646
f 157//2647 155//2648 321//2649
f 157//2650 321//2651 319//2652
f 318//2653 320//2654 156//2655
f 318//2656 156//2657 7//2658
f 470//2659 346//2660 166//2661
f 470//2662 166//2663 161//2664
f 162//2665 166//2666 346//2667
f 162//2668 346//2669 345//2670
f 164//2671 162//2672 345//2673
f 164//2674 345//2675 343//2676
f 7//2677 164//2678 343//2679
f 7//2680 343//2681 318//2682
f 1//2683 8//2684 337//2685
f 1//2686 337//2687 336//2688
f 158//2689 157//2690 319//2691
f 158//2692 319//2693 317//2694
f 159//2695 158//2696 317//2697
f 159//2698 317//2699 316//2700
f 160//2701 159//2702 316//2703
f 160//2704 316//2705 341//2706
f 155//2707 153//2708 323//2709
f 155//2710 323//2711 321//2712
f 8//2713 160//2714 341//2715
f 8//2716 341//2717 337//2718
f 2//2719 1//2720 336//2721
f 2//2722 336//2723 333//2724
f 139//2725 62//2726 366//2727
f 139//2728 366//2729 423//2730
f 62//2731 167//2732 367//2733
f 62//2734 367//2735 366//2736
f 61//2737 60//2738 369//2739
f 61//2740 369//2741 368//2742
f 133//2743 139//2744 423//2745
f 133//2746 423//2747 409//2748
f 59//2749 58//2750 371//2751
f 59//2752 371//2753 370//2754
f 60//2755 59//2756 370//2757
f 60//2758 370//2759 369//2760
f 167//2761 61//2762 368//2763
f 167//2764 368//2765 367//2766
f 11//2767 2//2768 333//2769
f 11//2770 333//2771 332//2772
f 13//2773 12//2774 331//2775
f 13//2776 331//2777 330//2778
f 12//2779 11//2780 332//2781
f 12//2782 332//2783 331//2784
f 179//2785 181//2786 600//2787
f 179//2788 600//2789 531//2790
f 181//2791 180//2792 532//2793
f 181//2794 532//2795 600//2796
f 177//2797 179//2798 531//2799
f 177//2800 531//2801 533//2802
f 172//2803 297//2804 538//2805
f 172//2806 538//2807 536//2808
f 174//2809 172//2810 536//2811
f 174//2812 536//2813 534//2814
f 176//2815 174//2816 534//2817
f 176//2818 534//2819 530//2820
f 530//2821 529//2822 178//2823
f 530//2824 178//2825 176//2826
f 175//2827 177//2828 533//2829
f 175//2830 533//2831 535//2832
f 173//2833 175//2834 535//2835
f 173//2836 535//2837 537//2838
f 171//2839 173//2840 537//2841
f 171//2842 537//2843 539//2844
f 297//2845 171//2846 539//2847
f 297//2848 539//2849 538//2850
f 145//2851 147//2852 347//2853
f 145//2854 347//2855 326//2856
f 154//2857 156//2858 320//2859
f 154//2860 320//2861 322//2862
f 144//2863 154//2864 322//2865
f 144//2866 322//2867 324//2868
f 146//2869 144//2870 324//2871
f 146//2872 324//2873 348//2874
f 148//2875 146//2876 348//2877
f 148//2878 348//2879 350//2880
f 150//2881 148//2882 350//2883
f 150//2884 350//2885 352//2886
f 151//2887 150//2888 352//2889
f 151//2890 352//2891 351//2892
f 152//2893 143//2894 325//2895
f 152//2896 325//2897 469//2898
f 153//2899 152//2900 469//2901
f 153//2902 469//2903 323//2904
f 149//2905 151//2906 351//2907
f 149//2908 351//2909 349//2910
f 147//2911 149//2912 349//2913
f 147//2914 349//2915 347//2916
f 143//2917 145//2918 326//2919
f 143//2920 326//2921 325//2922
f 278//2923 277//2924 522//2925
f 278//2926 522//2927 521//2928
f 524//2929 532//2930 180//2931
f 524//2932 180//2933 243//2934
f 281//2935 242//2936 516//2937
f 281//2938 516//2939 518//2940
f 279//2941 281//2942 518//2943
f 279//2944 518//2945 520//2946
f 277//2947 279//2948 520//2949
f 277//2950 520//2951 522//2952
f 296//2953 178//2954 529//2955
f 296//2956 529//2957 523//2958
f 242//2959 296//2960 523//2961
f 242//2962 523//2963 516//2964
f 246//2965 254//2966 494//2967
f 246//2968 494//2969 488//2970
f 248//2971 247//2972 487//2973
f 248//2974 487//2975 486//2976
f 254//2977 256//2978 492//2979
f 254//2980 492//2981 494//2982
f 247//2983 246//2984 488//2985
f 247//2986 488//2987 487//2988
f 249//2989 248//2990 486//2991
f 249//2992 486//2993 485//2994
f 250//2995 249//2996 485//2997
f 250//2998 485//2999 484//3000
f 513//3001 512//3002 272//3003
f 513//3004 272//3005 271//3006
f 287//3007 275//3008 509//3009
f 287//3010 509//3011 527//3012
f 273//3013 272//3014 512//3015
f 273//3016 512//3017 511//3018
f 274//3019 273//3020 511//3021
f 274//3022 511//3023 510//3024
f 275//3025 274//3026 510//3027
f 275//3028 510//3029 509//3030
f 240//3031 287//3032 527//3033
f 240//3034 527//3035 526//3036
f 241//3037 240//3038 526//3039
f 241//3040 526//3041 525//3042
f 243//3043 241//3044 525//3045
f 243//3046 525//3047 524//3048
f 184//3049 213//3050 571//3051
f 184//3052 571//3053 550//3054
f 299//3055 200//3056 561//3057
f 299//3058 561//3059 560//3060
f 228//3061 208//3062 586//3063
f 228//3064 586//3065 585//3066
f 207//3067 183//3068 551//3069
f 207//3070 551//3071 576//3072
f 208//3073 207//3074 576//3075
f 208//3076 576//3077 586//3078
f 219//3079 217//3080 582//3081
f 219//3082 582//3083 580//3084
f 221//3085 219//3086 580//3087
f 221//3088 580//3089 578//3090
f 214//3091 228//3092 585//3093
f 214//3094 585//3095 584//3096
f 215//3097 214//3098 584//3099
f 215//3100 584//3101 583//3102
f 217//3103 215//3104 583//3105
f 217//3106 583//3107 582//3108
f 183//3109 182//3110 544//3111
f 183//3112 544//3113 551//3114
f 182//3115 189//3116 545//3117
f 182//3118 545//3119 544//3120
f 201//3121 299//3122 560//3123
f 201//3124 560//3125 559//3126
f 195//3127 193//3128 555//3129
f 195//3130 555//3131 553//3132
f 196//3133 195//3134 553//3135
f 196//3136 553//3137 552//3138
f 189//3139 196//3140 552//3141
f 189//3142 552//3143 545//3144
f 190//3145 201//3146 559//3147
f 190//3148 559//3149 558//3150
f 191//3151 190//3152 558//3153
f 191//3154 558//3155 557//3156
f 193//3157 191//3158 557//3159
f 193//3160 557//3161 555//3162
f 270//3163 269//3164 591//3165
f 270//3166 591//3167 595//3168
f 298//3169 199//3170 563//3171
f 298//3172 563//3173 562//3174
f 200//3175 298//3176 562//3177
f 200//3178 562//3179 561//3180
f 199//3181 198//3182 506//3183
f 199//3184 506//3185 563//3186
f 266//3187 80//3188 400//3189
f 266//3190 400//3191 593//3192
f 267//3193 266//3194 593//3195
f 267//3196 593//3197 594//3198
f 268//3199 267//3200 594//3201
f 268//3202 594//3203 589//3204
f 202//3205 268//3206 589//3207
f 202//3208 589//3209 588//3210
f 264//3211 204//3212 503//3213
f 264//3214 503//3215 590//3216
f 265//3217 264//3218 590//3219
f 265//3220 590//3221 592//3222
f 197//3223 192//3224 556//3225
f 197//3226 556//3227 505//3228
f 204//3229 197//3230 505//3231
f 204//3232 505//3233 503//3234
f 269//3235 265//3236 592//3237
f 269//3238 592//3239 591//3240
f 81//3241 270//3242 595//3243
f 81//3244 595//3245 401//3246
f 21//3247 19//3248 457//3249
f 21//3250 457//3251 455//3252
f 18//3253 20//3254 456//3255
f 18//3256 456//3257 307//3258
f 43//3259 18//3260 307//3261
f 43//3262 307//3263 464//3264
f 45//3265 43//3266 464//3267
f 45//3268 464//3269 462//3270
f 46//3271 45//3272 462//3273
f 46//3274 462//3275 466//3276
f 170//3277 46//3278 466//3279
f 170//3280 466//3281 461//3282
f 37//3283 36//3284 301//3285
f 37//3286 301//3287 308//3288
f 41//3289 37//3290 308//3291
f 41//3292 308//3293 460//3294
f 16//3295 41//3296 460//3297
f 16//3298 460//3299 459//3300
f 17//3301 16//3302 459//3303
f 17//3304 459//3305 458//3306
f 36//3307 33//3308 302//3309
f 36//3310 302//3311 301//3312
f 19//3313 17//3314 458//3315
f 19//3316 458//3317 457//3318
f 23//3319 21//3320 455//3321
f 23//3322 455//3323 453//3324
f 300//3325 231//3326 479//3327
f 300//3328 479//3329 481//3330
f 232//3331 300//3332 481//3333
f 232//3334 481//3335 480//3336
f 230//3337 229//3338 478//3339
f 230//3340 478//3341 476//3342
f 237//3343 239//3344 471//3345
f 237//3346 471//3347 473//3348
f 235//3349 237//3350 473//3351
f 235//3352 473//3353 475//3354
f 233//3355 235//3356 475//3357
f 233//3358 475//3359 477//3360
f 231//3361 233//3362 477//3363
f 231//3364 477//3365 479//3366
f 234//3367 230//3368 476//3369
f 234//3370 476//3371 474//3372
f 236//3373 234//3374 474//3375
f 236//3376 474//3377 472//3378
f 238//3379 236//3380 472//3381
f 238//3382 472//3383 597//3384
f 239//3385 238//3386 597//3387
f 239//3388 597//3389 471//3390
f 47//3391 26//3392 445//3393
f 47//3394 445//3395 447//3396
f 20//3397 22//3398 454//3399
f 20//3400 454//3401 456//3402
f 52//3403 51//3404 451//3405
f 52//3406 451//3407 450//3408
f 50//3409 52//3410 450//3411
f 50//3412 450//3413 448//3414
f 48//3415 50//3416 448//3417
f 48//3418 448//3419 446//3420
f 24//3421 48//3422 446//3423
f 24//3424 446//3425 444//3426
f 22//3427 24//3428 444//3429
f 22//3430 444//3431 454//3432
f 169//3433 23//3434 453//3435
f 169//3436 453//3437 452//3438
f 51//3439 49//3440 449//3441
f 51//3442 449//3443 451//3444
f 25//3445 169//3446 452//3447
f 25//3448 452//3449 443//3450
f 26//3451 25//3452 443//3453
f 26//3454 443//3455 445//3456
f 49//3457 47//3458 447//3459
f 49//3460 447//3461 449//3462
f 222//3463 221//3464 578//3465
f 222//3466 578//3467 577//3468
f 224//3469 232//3470 480//3471
f 224//3472 480//3473 543//3474
f 220//3475 222//3476 577//3477
f 220//3478 577//3479 579//3480
f 218//3481 220//3482 579//3483
f 218//3484 579//3485 581//3486
f 216//3487 218//3488 581//3489
f 216//3490 581//3491 542//3492
f 223//3493 216//3494 542//3495
f 223//3496 542//3497 596//3498
f 229//3499 223//3500 596//3501
f 229//3502 596//3503 478//3504
f 194//3505 188//3506 546//3507
f 194//3508 546//3509 554//3510
f 187//3511 186//3512 548//3513
f 187//3514 548//3515 547//3516
f 188//3517 187//3518 547//3519
f 188//3520 547//3521 546//3522
f 192//3523 194//3524 554//3525
f 192//3526 554//3527 556//3528
f 213//3529 212//3530 572//3531
f 213//3532 572//3533 571//3534
f 185//3535 184//3536 550//3537
f 185//3538 550//3539 549//3540
f 186//3541 185//3542 549//3543
f 186//3544 549//3545 548//3546
f 209//3547 227//3548 587//3549
f 209//3550 587//3551 575//3552
f 225//3553 224//3554 543//3555
f 225//3556 543//3557 541//3558
f 226//3559 225//3560 541//3561
f 226//3562 541//3563 540//3564
f 227//3565 226//3566 540//3567
f 227//3568 540//3569 587//3570
f 210//3571 209//3572 575//3573
f 210//3574 575//3575 574//3576
f 211//3577 210//3578 574//3579
f 211//3580 574//3581 573//3582
f 212//3583 211//3584 573//3585
f 212//3586 573//3587 572//3588

